date,whereracecourse,weather,race_round,race_title,race_id,total_horse_number,frame_number,horse_number,odds,popular,rank,rider_id,horse_wight,distance,groud_status,goal_time,goal_time_dif,half_way_rank,pace,last_time,horse_weight,runner-up-horse-id,prize,horse_id,race_type,surface
2020-03-07,2中山3,曇,11,夕刊フジオーシャンS(G3),202006020311,16,2,4,216.5,12,9,01125,56,1200,良,68.7,1.3,15-14,33.1-34.3,34.2,464(-6),2015102377, ,2010100690,G3,芝
2020-02-02,2京都2,晴,11,シルクロードS(G3),202008020211,18,2,4,83.3,14,13,01125,57,1200,良,69.9,0.9,13-12,33.9-35.1,34.6,470(-2),2016104721, ,2010100690,G3,芝
2020-01-11,1京都3,晴,11,淀短距離S(L),202008010311,15,8,15,52.1,10,14,01125,59,1200,良,71.0,1.4,12-12,34.8-34.8,35.2,472(+4),2016102044, ,2010100690,L,芝
2019-03-24,2中京6,晴,11,高松宮記念(G1),201907020611,18,3,5,92.8,11,5,01125,57,1200,良,67.6,0.3,11-8,33.2-34.1,33.7,468(-6),2015110096,"1,100.0",2010100690,G1,芝
2019-01-27,2京都2,晴,11,シルクロードS(G3),201908020211,18,8,18,71.6,12,3,01124,57,1200,良,68.5,0.2,16-15,33.3-35.0,33.7,474(+2),2015102377,989.1,2010100690,G3,芝
2019-01-14,1京都5,晴,11,淀短距離S(L),201908010511,12,6,7,43.6,9,3,01032,59,1200,良,69.2,0.1,12-11,34.0-35.1,34.0,472(+18),2011103412,634.1,2010100690,L,芝
2018-09-30,4中山9,雨,11,スプリンターズS(G1),201806040911,16,7,13,303.8,16,11,01125,57,1200,稍,69.0,0.7,15-11,33.0-35.3,34.6,454(-8),2013100612, ,2010100690,G1,芝
2018-08-26,2札幌4,晴,11,キーンランドC(G3),201801020411,16,5,9,67.8,13,11,01125,56,1200,稍,70.8,1.4,13-12,33.7-35.7,35.8,462(+4),2013105736, ,2010100690,G3,芝
2018-06-17,1函館2,曇,11,函館スプリントS(G3),201802010211,16,3,6,13.6,7,13,01125,57,1200,良,68.3,0.7,15-13,33.1-34.5,33.7,458(-6),2013104230, ,2010100690,G3,芝
2018-05-06,3京都6,曇,11,鞍馬S(OP),201808030611,15,6,11,33.2,12,1,01125,58,1200,良,68.0,0.0,13-11,34.4-33.6,32.7,464(+6),2012100075,"2,334.3",2010100690,OP,芝
2017-11-26,5京都8,曇,12,京阪杯(G3),201708050812,16,1,1,75.0,15,13,01125,56,1200,良,69.4,0.6,15-15,34.3-34.5,33.7,458(-12),2011103722, ,2010100690,G3,芝
2017-10-28,4京都8,雨,11,毎日放送賞スワンS(G2),201708040811,18,3,5,102.5,14,18,01125,56,1400,重,83.6,1.2,18-18,34.9-35.8,35.5,470(+4),2014105304, ,2010100690,G2,芝
2017-10-08,4京都2,晴,11,夕刊フジ杯オパールS(OP),201708040211,13,7,11,21.1,8,13,01125,57,1200,良,68.1,0.6,12-9,34.3-33.2,32.8,466(+4),2013105357, ,2010100690,OP,芝
2017-07-02,3中京2,雨,11,CBC賞(G3),201707030211,18,1,2,16.3,9,4,01125,57,1200,良,68.3,0.3,12-11,33.2-34.8,33.8,462(0),2012104638,590.0,2010100690,G3,芝
2017-05-28,3京都12,晴,10,安土城S(OP),201708031210,16,3,6,6.7,3,3,01125,57,1400,良,80.0,0.2,13-13,33.6-35.2,34.1,462(+6),2012104638,584.9,2010100690,OP,芝
2017-05-07,3京都6,晴,11,鞍馬S(OP),201708030611,18,7,14,12.9,7,5,01125,58,1200,良,67.6,0.3,16-16,33.7-33.6,32.8,456(-4),2013101315,230.0,2010100690,OP,芝
2017-04-09,2阪神6,曇,10,大阪ーハンブルクC(OP),201709020610,12,7,10,8.4,5,4,01125,58,1400,稍,82.6,0.2,9-7,35.5-35.2,34.8,460(-8),2008103002,350.0,2010100690,OP,芝
2017-03-26,2中京6,小雨,11,高松宮記念(G1),201707020611,18,1,1,178.5,16,4,01125,57,1200,稍,69.3,0.6,11-9,33.8-34.9,34.6,468(0),2013104230,"1,500.0",2010100690,G1,芝
2016-11-27,5京都8,雨,12,京阪杯(G3),201608050812,18,6,12,12.8,5,12,01150,56,1200,重,72.5,2.2,15-15,34.1-36.2,36.1,468(-2),2011103722, ,2010100690,G3,芝
2016-10-29,4京都8,曇,11,毎日放送賞スワンS(G2),201608040811,18,8,18,53.6,12,8,01125,56,1400,良,81.3,0.6,18-18,34.4-34.5,33.7,470(+12),2011104063, ,2010100690,G2,芝
2016-10-02,4中山8,晴,11,スプリンターズS(G1),201606040811,16,2,3,105.6,16,8,01032,57,1200,良,67.8,0.2,12-11,33.4-34.2,33.3,458(-6),2011104416, ,2010100690,G1,芝
2016-09-11,4阪神2,晴,11,セントウルS(G2),201609040211,13,5,7,61.5,10,11,01116,56,1200,良,68.1,0.5,12-13,33.1-34.5,33.3,464(+6),2011103328, ,2010100690,G2,芝
2016-06-19,1函館2,晴,11,函館スプリントS(G3),201602010211,16,6,12,6.8,4,12,01032,56,1200,良,68.5,0.7,13-11,33.4-34.4,34.1,458(-6),2013105357, ,2010100690,G3,芝
2016-05-29,3京都12,曇,10,安土城S(OP),201608031210,18,8,18,15.5,5,6,00732,57,1400,良,81.6,0.4,18-18,35.4-34.2,33.2,464(+4),2011104231, ,2010100690,OP,芝
2016-03-27,2中京6,曇,11,高松宮記念(G1),201607020611,18,5,9,95.4,14,6,01032,57,1200,良,67.3,0.6,17-12,32.7-34.0,33.3,460(-6),2011103328, ,2010100690,G1,芝
2016-02-28,1阪神2,晴,11,阪急杯(G3),201609010211,18,3,6,31.0,10,13,01032,56,1400,良,80.9,1.0,17-14,33.8-34.7,34.5,466(+2),2011103916, ,2010100690,G3,芝
2015-10-31,4京都8,晴,11,毎日放送賞スワンS(G2),201508040811,15,8,15,17.2,8,13,01125,56,1400,良,81.4,1.2,8-7,34.6-34.1,34.7,464(+10),2012110102, ,2010100690,G2,芝
2015-10-04,4中山9,晴,11,スプリンターズS(G1),201506040911,15,8,16,15.0,7,10,01125,57,1200,良,68.8,0.7,14-13,34.1-34.0,33.1,454(+2),2009100301, ,2010100690,G1,芝
2015-08-30,2札幌4,晴,11,キーンランドC(G3),201501020411,16,5,10,2.9,1,3,01125,57,1200,良,68.8,0.2,10-11,34.0-34.6,34.1,452(-2),2010100975,"1,008.1",2010100690,G3,芝
2015-06-21,1函館2,晴,11,函館スプリントS(G3),201502010211,16,5,9,6.3,4,1,01125,56,1200,良,68.3,0.4,16-14,33.0-35.3,34.0,454(-6),2009104934,"3,856.0",2010100690,G3,芝
2015-05-16,3京都7,曇,10,彦根S(1600万下),201508030710,13,7,10,2.4,1,1,01125,57,1200,稍,69.0,0.1,7-7,34.9-34.1,33.6,460(+2),2010100707,"1,848.0",2010100690,1600万下,芝
2015-04-19,2阪神8,曇,9,千種川特別(1000万下),201509020809,13,2,2,1.8,1,1,01125,57,1200,良,68.6,0.2,5-4,33.2-35.4,34.8,458(-4),2009104256,"1,529.4",2010100690,1000万下,芝
2015-03-29,2中京6,雨,9,岡崎特別(1000万下),201507020609,18,3,5,7.5,3,2,01125,57.5,1200,稍,68.9,0.3,11-8,33.5-35.1,34.2,462(-10),2011103328,542.0,2010100690,1000万下,芝
2015-03-08,1阪神4,曇,8,4歳以上1000万下,201509010408,11,1,1,4.3,2,3,01125,57,1200,稍,70.1,0.7,8-6,34.7-34.7,34.6,472(+16),2010102994,260.0,2010100690,,芝
2014-12-14,4中山4,晴,9,チバテレ杯(1000万下),201406040409,16,7,14,5.1,3,5,00422,57.5,1200,良,68.9,0.3,16-16,33.7-34.9,33.5,456(-6),2009106202,74.0,2010100690,1000万下,芝
2014-11-29,5京都8,晴,12,3歳以上1000万下,201408050812,18,6,11,4.4,1,13,00666,57,1200,稍,70.0,0.7,14-14,33.6-35.7,34.8,462(+10),2011106086, ,2010100690,,芝
2014-01-18,1中山6,晴,11,ニューイヤーS(OP),201406010611,16,5,9,33.7,11,10,01092,54,1600,良,94.1,0.7,14-16-15,34.9-35.4,34.3,452(+4),2010101775, ,2010100690,OP,芝
2013-12-21,5中山7,晴,11,ラピスラズリS(OP),201306050711,16,8,16,33.5,9,7,01025,54,1200,稍,69.6,0.2,10-7,33.6-35.8,35.1,448(-2),2008104829, ,2010100690,OP,芝
2013-09-08,4阪神2,曇,11,セントウルS(G2),201309040211,13,8,12,22.9,5,12,00666,54,1200,良,69.0,1.5,11-11,33.8-33.7,34.0,450(+6),2009102527, ,2010100690,G2,芝
2013-05-12,3京都8,晴,10,葵S(OP),201308030810,16,2,3,1.8,1,1,00666,56,1200,良,68.7,0.0,15-13,33.9-34.8,33.5,444(+4),2010102889,"1,935.7",2010100690,OP,芝
2013-04-20,3京都1,曇,10,橘S(OP),201308030110,10,6,6,3.1,2,3,00666,56,1400,良,81.3,0.0,9-6,35.0-34.6,33.8,440(+2),2010100035,483.5,2010100690,OP,芝
2013-03-16,2中京3,晴,11,中スポ賞ファルコンS(G3),201307020311,18,8,16,3.6,1,7,00666,56,1400,良,82.5,0.3,12-14,34.9-35.5,34.7,438(0),2010103731, ,2010100690,G3,芝
2013-01-26,1東京1,晴,10,クロッカスS(OP),201305010110,10,6,6,1.9,1,3,00666,56,1400,良,82.1,0.4,8-8,34.5-35.4,33.7,438(+2),2010103002,483.3,2010100690,OP,芝
2012-12-16,5中山6,晴,11,朝日フューチュリティ(G1),201206050611,16,4,7,27.1,6,5,00666,55,1600,良,93.9,0.5,14-15-11,33.9-36.1,35.5,436(-2),2010103783,700.0,2010100690,G1,芝
2012-11-18,5京都6,晴,6,2歳500万下,201208050606,14,5,7,1.4,1,1,00666,55,1200,重,70.2,0.2,12-12,34.6-35.6,34.6,438(-2),2010100784,700.0,2010100690,,芝
2012-11-03,5京都1,晴,9,秋明菊賞(500万下),201208050109,10,7,7,1.5,1,2,05212,55,1400,良,82.5,0.1,10-9,36.2-34.2,33.4,440(-2),2010104866,386.6,2010100690,500万下,芝
2012-10-21,4京都7,晴,8,かえで賞(500万下),201208040708,11,5,5,2.7,1,2,01115,55,1200,良,69.3,0.0,10-10,34.1-35.2,33.7,442(+10),2010100707,386.6,2010100690,500万下,芝
2012-07-14,2函館5,晴,11,函館2歳S(G3),201202020511,16,6,11,4.5,2,3,00666,54,1200,良,70.5,0.1,2-2,34.1-36.3,36.2,432(-10),2010105360,758.3,2010100690,G3,芝
2012-06-23,3阪神7,晴,5,2歳新馬,201209030705,8,6,6,1.4,1,1,00666,54,1200,良,70.8,0.7,3-3,35.0-35.8,35.4,442(0),2010100890,700.0,2010100690,,芝
2020-03-07,2中山3,曇,11,夕刊フジオーシャンS(G3),202006020311,16,4,8,31.8,5,7,01019,54,1200,良,68.4,1.0,12-11,33.1-34.3,34.4,490(-12),2015102377, ,2013101042,G3,芝
2020-02-02,2京都2,晴,11,シルクロードS(G3),202008020211,18,8,18,41.6,12,10,01126,56,1200,良,69.5,0.5,10-10,33.9-35.1,34.5,502(-2),2016104721, ,2013101042,G3,芝
2019-09-29,4中山9,曇,11,スプリンターズS(G1),201906040911,16,6,12,71.3,12,6,01019,55,1200,良,67.5,0.4,7-5,32.8-34.3,34.0,504(0),2015101621, ,2013101042,G1,芝
2019-09-08,4阪神2,晴,11,産経賞セントウルS(G2),201909040211,13,6,8,7.6,4,6,01088,54,1200,良,67.6,0.9,7-7,33.0-33.7,34.0,504(+4),2015101621, ,2013101042,G2,芝
2019-08-18,2小倉8,曇,11,TV西日本北九州記念(G3),201910020811,18,8,16,30.8,9,1,01019,55,1200,良,68.2,0.2,11-8,32.7-35.5,34.5,500(+4),2016104470,"3,963.7",2013101042,G3,芝
2019-07-28,2新潟2,曇,11,アイビスサマーD(G3),201904020211,18,1,2,6.7,2,6,05212,55,1000,良,55.5,0.4,15,32.6-33.0,32.7,496(-10),2015100416, ,2013101042,G3,芝
2019-05-05,3京都6,晴,11,鞍馬S(OP),201908030611,17,7,14,25.9,8,8,01032,57,1200,良,68.1,0.5,2-3,33.9-33.7,34.0,506(0),2014106006, ,2013101042,OP,芝
2019-03-24,2中京6,晴,11,高松宮記念(G1),201907020611,18,8,18,40.6,9,16,05212,55,1200,良,69.1,1.8,17-16,33.2-34.1,34.6,506(+18),2015110096, ,2013101042,G1,芝
2019-03-02,2中山3,晴,11,夕刊フジオーシャンS(G3),201906020311,16,3,5,7.4,3,10,05212,54,1200,良,68.5,1.4,14-13,32.3-34.8,34.5,488(-14),2015110017, ,2013101042,G3,芝
2019-01-27,2京都2,晴,11,シルクロードS(G3),201908020211,18,7,13,20.6,8,6,01019,55,1200,良,68.8,0.5,13-12,33.3-35.0,34.3,502(-4),2015102377, ,2013101042,G3,芝
2018-09-30,4中山9,雨,11,スプリンターズS(G1),201806040911,16,3,6,30.8,10,4,01019,55,1200,稍,68.5,0.2,12-9,33.0-35.3,34.4,506(+4),2013100612,"1,700.0",2013101042,G1,芝
2018-08-19,2小倉8,晴,11,TV西日本北九州記念(G3),201810020811,17,6,11,7.7,4,2,01019,55,1200,良,66.8,0.2,7-6,32.4-34.2,33.9,502(0),2012102017,"1,617.2",2013101042,G3,芝
2018-07-29,2新潟2,晴,11,アイビスサマーD(G3),201804020211,17,8,15,2.7,1,1,01019,54,1000,良,53.8,0.2,5,32.1-32.0,31.8,502(+4),2015100978,"3,959.5",2013101042,G3,芝
2018-07-01,3中京2,晴,11,CBC賞(G3),201807030211,18,4,7,12.7,6,9,01019,54,1200,良,67.5,0.5,15-14,32.7-34.3,33.2,498(+2),2012102017, ,2013101042,G3,芝
2018-05-20,1新潟8,晴,11,韋駄天S(OP),201804010811,16,6,11,4.0,1,1,01019,53,1000,稍,54.9,0.3,7,32.6-32.8,32.4,496(0),2012103224,"2,335.7",2013101042,OP,芝
2018-05-05,1新潟3,晴,11,駿風S(1600万下),201804010311,16,5,10,9.0,5,1,01019,55,1000,良,56.3,0.4,7,33.3-34.0,33.5,496(0),2013100339,"1,855.0",2013101042,1600万下,芝
2018-04-01,3中山4,晴,11,船橋S(1600万下),201806030411,14,6,10,4.5,2,6,01043,55,1200,良,68.6,0.3,4-5,34.1-34.2,34.3,496(+4),2012100075, ,2013101042,1600万下,芝
2018-01-28,1中京6,小雪,11,長篠S(1600万下),201807010611,11,6,7,5.3,4,5,01019,55,1200,良,69.5,0.3,4-5,34.4-34.8,34.6,492(-8),2014105983,182.0,2013101042,1600万下,芝
2017-12-02,4中京1,晴,11,浜松S(1600万下),201707040111,18,2,3,15.5,9,2,01019,53,1200,良,68.0,0.4,5-5,33.4-34.2,33.9,500(+10),2013104606,741.2,2013101042,1600万下,芝
2017-09-17,4中山4,雨,10,初風特別(1000万下),201706040410,15,2,3,19.2,9,1,01043,55,1200,重,68.3,0.1,2-2,32.9-35.4,35.3,490(-2),2014103404,"1,535.0",2013101042,1000万下,芝
2017-08-19,2小倉7,晴,9,小郡特別(500万下),201710020709,15,3,5,18.5,7,1,01019,55,1200,良,68.3,0.2,2-2,33.5-34.8,34.8,492(+2),2014101919,"1,089.2",2013101042,500万下,芝
2017-04-09,1福島2,曇,12,喜多方特別(500万下),201703010212,16,7,13,9.3,5,6,01109,55,1200,良,69.0,0.5,2-2,33.5-35.0,35.3,490(-8),2012104181, ,2013101042,500万下,芝
2017-03-12,2中京2,晴,8,4歳以上500万下,201707020208,18,4,7,19.8,7,5,01109,55,1200,良,68.9,0.6,2-2,33.6-34.7,35.1,498(-2),2011105534,75.0,2013101042,,芝
2017-02-26,1小倉6,晴,8,4歳以上500万下,201710010608,18,6,11,6.7,3,4,01109,55,1200,良,69.7,0.2,9-8,33.4-36.1,35.6,500(+6),2011105260,110.0,2013101042,,芝
2016-11-19,3福島5,小雨,9,3歳以上500万下,201603030509,16,1,2,6.5,3,10,01109,54,1200,重,72.1,0.9,4-4,34.5-36.7,37.2,494(-6),2013103443, ,2013101042,,芝
2016-07-23,2函館5,曇,7,3歳以上500万下,201602020507,16,3,6,4.2,2,4,01109,52,1200,良,68.8,0.3,2-2,33.3-35.2,35.4,500(-8),2012101205,110.0,2013101042,,芝
2016-07-09,2函館1,晴,3,3歳未勝利,201602020103,16,8,15,12.3,7,1,01109,54,1200,良,68.8,0.3,2-2,33.7-35.1,34.8,508(+8),2013104907,480.0,2013101042,,芝
2016-06-25,1函館3,雨,1,3歳未勝利,201602010301,15,3,6,48.4,9,3,01109,54,1200,稍,70.2,0.2,4-4,33.6-36.4,36.2,500(+12),2013104408,120.0,2013101042,,芝
2016-05-15,1新潟6,晴,5,3歳未勝利,201604010605,16,7,13,51.5,10,10,01128,54,1600,良,96.4,1.1,2-2,36.1-33.4,34.5,488(-4),2013104496, ,2013101042,,芝
2016-02-14,2京都6,晴,3,3歳未勝利,201608020603,15,8,14,38.3,6,14,00422,54,1400,不,89.4,3.2,7-7,36.3-36.9,39.4,492(-4),2013110020, ,2013101042,,ダ
2016-01-30,1中京5,曇,5,3歳未勝利,201607010505,18,8,17,35.7,9,13,01144,54,1400,不,87.0,1.9,9-10,35.4-37.4,38.5,496(+8),2013106022, ,2013101042,,芝
2015-11-22,5京都6,晴,4,2歳未勝利,201508050604,12,6,7,78.0,9,11,01038,54,1600,良,97.0,2.5,1-2,35.3-35.0,37.5,488(+10),2013105919, ,2013101042,,芝
2015-11-07,5京都1,曇,5,2歳新馬,201508050105,14,2,2,107.4,12,9,01102,54,1400,良,83.6,0.6,10-10,35.2-35.8,35.3,478(0),2013102041, ,2013101042,,芝
2020-02-02,2京都2,晴,11,シルクロードS(G3),202008020211,18,7,14,29.4,10,5,00732,58,1200,良,69.2,0.2,2-2,33.9-35.1,35.1,504(+12),2016104721,390.0,2013104230,G3,芝
2019-10-26,4京都8,晴,11,毎日放送賞スワンS(G2),201908040811,18,8,18,32.4,11,8,00732,57,1400,稍,82.0,0.7,2-2,34.6-35.0,35.4,492(-8),2015103057, ,2013104230,G2,芝
2019-09-29,4中山9,曇,11,スプリンターズS(G1),201906040911,16,2,3,41.4,8,12,00732,57,1200,良,68.1,1.0,4-5,32.8-34.3,34.9,500(-2),2015101621, ,2013104230,G1,芝
2019-08-25,2札幌4,晴,11,キーンランドC(G3),201901020411,16,2,4,13.8,5,6,00732,58,1200,稍,69.7,0.5,3-4,33.2-36.0,36.3,502(-4),2015102377, ,2013104230,G3,芝
2019-06-30,3中京2,雨,11,CBC賞(G3),201907030211,13,3,3,5.6,2,3,00732,58,1200,不,69.9,0.1,1-1,34.9-34.9,35.0,506(+2),2014105982,986.6,2013104230,G3,芝
2019-03-24,2中京6,晴,11,高松宮記念(G1),201907020611,18,2,4,108.0,12,2,00732,57,1200,良,67.4,0.1,3-2,33.2-34.1,33.9,504(-4),2015110096,"4,508.0",2013104230,G1,芝
2019-01-27,2京都2,晴,11,シルクロードS(G3),201908020211,18,7,14,15.7,5,15,01032,58,1200,良,69.6,1.3,1-1,33.3-35.0,36.3,508(+10),2015102377, ,2013104230,G3,芝
2018-11-04,5京都2,曇,10,JBCスプリント(G1),201808050210,16,5,9,18.3,7,14,01032,57,1200,良,72.8,2.4,6-7,33.7-36.7,38.4,498(-6),2010105860, ,2013104230,G1,ダ
2018-09-30,4中山9,雨,11,スプリンターズS(G1),201806040911,16,6,11,14.8,8,12,01032,57,1200,稍,69.2,0.9,3-4,33.0-35.3,35.7,504(+4),2013100612, ,2013104230,G1,芝
2018-06-17,1函館2,曇,11,函館スプリントS(G3),201802010211,16,1,1,5.9,3,1,01032,57,1200,良,67.6,0.0,1-1,33.1-34.5,34.5,500(0),2011104627,"3,956.7",2013104230,G3,芝
2018-05-12,2東京7,晴,11,京王杯スプリングC(G2),201805020711,18,5,10,8.4,5,12,01122,57,1400,良,80.0,0.5,2-3,34.2-34.1,34.3,500(+10),2013106148, ,2013104230,G2,芝
2018-03-25,2中京6,晴,11,高松宮記念(G1),201807020611,18,1,1,12.8,5,6,01030,57,1200,良,68.8,0.3,2-1,33.3-35.2,35.5,490(-14),2013100612, ,2013104230,G1,芝
2018-01-28,2京都2,曇,11,シルクロードS(G3),201808020211,18,4,7,9.9,5,2,01030,58,1200,良,68.6,0.3,1-1,34.0-34.3,34.6,504(+6),2013100612,"1,618.0",2013104230,G3,芝
2017-11-26,5京都8,曇,12,京阪杯(G3),201708050812,16,5,10,7.6,5,7,01030,56,1200,良,69.0,0.2,3-2,34.3-34.5,34.4,498(+4),2011103722, ,2013104230,G3,芝
2017-10-28,4京都8,雨,11,毎日放送賞スワンS(G2),201708040811,18,6,11,5.9,3,14,00732,58,1400,重,83.4,1.0,7-8,34.9-35.8,36.2,494(-4),2014105304, ,2013104230,G2,芝
2017-10-01,4中山9,曇,11,スプリンターズS(G1),201706040911,16,2,3,6.1,3,11,00732,57,1200,良,68.1,0.5,7-5,33.9-33.7,33.8,498(-4),2011104416, ,2013104230,G1,芝
2017-06-18,1函館2,晴,11,函館スプリントS(G3),201702010211,13,8,12,2.1,1,4,00732,56,1200,良,67.3,0.5,2-2,32.2-34.6,34.9,502(+2),2014106231,590.0,2013104230,G3,芝
2017-03-26,2中京6,小雨,11,高松宮記念(G1),201707020611,18,3,6,8.7,5,1,00732,57,1200,稍,68.7,0.2,4-4,33.8-34.9,34.5,500(0),2012102095,"10,178.0",2013104230,G1,芝
2017-01-29,2京都2,曇,11,シルクロードS(G3),201708020211,13,7,11,7.0,4,2,01030,55,1200,良,67.8,0.0,3-3,33.9-33.9,33.6,500(+6),2010103303,"1,613.2",2013104230,G3,芝
2017-01-07,1京都2,晴,11,淀短距離S(OP),201708010211,16,6,11,10.1,5,1,01030,55,1200,良,68.0,0.2,2-2,34.1-33.9,33.8,494(+2),2012101184,"2,334.3",2013104230,OP,芝
2016-11-27,5京都8,雨,10,渡月橋S(1600万下),201608050810,16,7,13,22.5,11,1,01030,55,1400,重,85.1,0.4,1-1,36.8-36.1,36.1,492(-6),2013101315,"1,857.8",2013104230,1600万下,芝
2016-10-15,4東京4,晴,10,白秋S(1600万下),201605040410,18,6,12,21.3,8,13,00422,55,1400,良,81.5,0.8,2-2,34.4-34.8,35.4,498(+16),2012104628, ,2013104230,1600万下,芝
2016-07-03,2福島2,曇,10,さくらんぼ特別(1000万下),201603020210,11,5,5,3.0,1,1,00422,54,1200,良,68.0,0.0,2-2,33.7-34.3,34.2,482(-6),2012110117,"1,526.6",2013104230,1000万下,芝
2016-05-29,2東京12,晴,6,3歳500万下,201605021206,18,8,17,9.9,4,1,01122,56,1400,良,80.8,0.2,1-1,34.4-35.1,35.1,488(-2),2013105322,720.0,2013104230,,芝
2016-05-01,2東京4,晴,7,3歳500万下,201605020407,13,6,8,8.5,4,2,00733,56,1400,良,80.7,0.6,1-1,34.6-34.0,34.6,490(-4),2013103973,290.0,2013104230,,芝
2016-03-21,2中山8,晴,2,3歳未勝利,201606020802,16,7,14,1.3,1,1,01122,56,1200,重,72.0,1.3,1-1,34.1-37.9,37.9,494(0),2013101175,500.0,2013104230,,ダ
2016-02-28,2中山2,晴,1,3歳未勝利,201606020201,16,2,4,2.7,2,2,01122,56,1200,良,72.7,0.2,2-2,34.6-37.9,38.0,494(+2),2013102798,200.0,2013104230,,ダ
2016-02-07,1東京4,晴,1,3歳未勝利,201605010401,16,5,9,17.6,6,2,01122,56,1400,良,86.4,0.2,1-1,35.8-38.0,38.2,492(+6),2013106087,200.0,2013104230,,ダ
2015-11-15,5東京4,曇,3,2歳未勝利,201505050403,15,2,3,5.5,3,2,01122,55,1400,不,86.0,0.6,6-7,35.4-37.1,37.0,486(+2),2013105455,200.0,2013104230,,ダ
2015-10-31,4東京8,曇,2,2歳未勝利,201505040802,12,5,6,57.4,9,6,01122,55,1600,良,95.8,0.4,9-8,36.2-34.5,34.4,484(+4),2013106133, ,2013104230,,芝
2015-07-18,2福島5,曇,1,2歳未勝利,201503020501,14,8,14,13.4,4,12,01043,54,1800,良,112.0,3.5,2-2-2-5,35.0-35.7,39.0,480(-8),2013103379, ,2013104230,,芝
2015-06-27,3東京7,曇,5,2歳新馬,201505030705,16,8,15,32.9,9,8,01075,54,1800,稍,112.3,0.9,9-10-9,37.8-34.5,34.6,488(0),2013100820, ,2013104230,,芝
2020-03-07,2中山3,曇,11,夕刊フジオーシャンS(G3),202006020311,16,5,10,5.4,3,2,00660,54,1200,良,67.6,0.2,2-2,33.1-34.3,34.4,534(+4),2015102377,"1,616.0",2013105736,G3,芝
2019-12-14,5阪神5,小雨,11,タンザナイトS(OP),201909050511,16,5,9,2.0,1,2,00666,56,1200,良,68.7,0.1,1-1,34.1-34.5,34.6,530(-4),2014102185,930.8,2013105736,OP,芝
2019-12-01,5中山2,晴,11,ラピスラズリS(L),201906050211,9,7,7,2.3,1,1,01075,58,1200,良,68.5,0.4,1-1,35.1-33.4,33.4,534(+8),2014106012,"2,522.4",2013105736,L,芝
2019-08-25,2札幌4,晴,11,キーンランドC(G3),201901020411,16,1,1,12.6,4,5,05203,55,1200,稍,69.6,0.4,1-1,33.2-36.0,36.4,526(+3),2015102377,410.0,2013105736,G3,芝
2019-04-28,シャティ, , ,チェアマンズスプリン(G1),2019H1042806,10, ,10,10.5,4,6,00666,55.5,1200,良,68.97,, , , ,計不,, ,2013105736,G1,芝
2019-03-24,2中京6,晴,11,高松宮記念(G1),201907020611,18,5,9,11.4,6,14,01096,55,1200,良,68.9,1.6,6-5,33.2-34.1,35.2,528(+2),2015110096, ,2013105736,G1,芝
2019-03-02,2中山3,晴,11,夕刊フジオーシャンS(G3),201906020311,16,6,12,3.2,2,2,01096,54,1200,良,67.3,0.2,2-2,32.3-34.8,34.4,526(-2),2015110017,"1,616.2",2013105736,G3,芝
2019-01-05,1中山1,晴,10,カーバンクルS(OP),201906010110,16,8,15,12.1,5,2,01096,58,1200,良,67.2,0.2,3-2,32.8-34.2,34.1,528(+4),2015110017,930.4,2013105736,OP,芝
2018-11-04,5京都2,曇,10,JBCスプリント(G1),201808050210,16,4,8,23.3,9,15,01096,55,1200,良,73.7,3.3,6-6,33.7-36.7,39.4,524(+4),2010105860, ,2013105736,G1,ダ
2018-09-30,4中山9,雨,11,スプリンターズS(G1),201806040911,16,6,12,3.4,2,7,05509,55,1200,稍,68.7,0.4,3-2,33.0-35.3,35.3,520(-2),2013100612, ,2013105736,G1,芝
2018-08-26,2札幌4,晴,11,キーンランドC(G3),201801020411,16,6,11,3.7,1,1,05509,54,1200,稍,69.4,0.4,1-1,33.7-35.7,35.7,522(0),2015102377,"4,157.4",2013105736,G3,芝
2018-06-17,1函館2,曇,11,函館スプリントS(G3),201802010211,16,4,7,4.3,1,3,01122,54,1200,良,67.7,0.1,3-3,33.1-34.5,34.3,522(0),2013104230,988.1,2013105736,G3,芝
2018-03-25,2中京6,晴,11,高松宮記念(G1),201807020611,18,4,7,41.2,10,3,01122,55,1200,良,68.6,0.1,6-6,33.3-35.2,34.7,522(-4),2013100612,"2,854.0",2013105736,G1,芝
2018-03-03,2中山3,晴,11,夕刊フジオーシャンS(G3),201806020311,16,7,13,5.1,2,2,00660,54,1200,良,68.3,0.0,7-6,33.5-34.8,34.1,526(+2),2013101315,"1,616.4",2013105736,G3,芝
2018-01-28,2京都2,曇,11,シルクロードS(G3),201808020211,18,7,15,10.4,6,5,01025,54,1200,良,68.7,0.4,3-4,34.0-34.3,34.3,524(+2),2013100612,390.0,2013105736,G3,芝
2018-01-08,1中山3,小雨,11,カーバンクルS(OP),201806010311,9,6,6,1.9,1,1,00660,54,1200,良,68.3,0.1,1-1,34.2-34.1,34.1,522(+4),2013104606,"2,326.6",2013105736,OP,芝
2017-12-03,5中山2,晴,11,ラピスラズリS(OP),201706050211,12,5,5,1.8,1,2,00660,54,1200,良,68.0,0.1,3-2,33.9-34.0,33.8,518(+6),2012104128,927.6,2013105736,OP,芝
2017-10-29,3新潟6,雨,11,ルミエールオータムD(OP),201704030611,18,4,7,5.2,3,2,01025,54,1000,重,55.9,0.1,4,32.9-33.9,33.6,512(-11),2011101774,931.2,2013105736,OP,芝
2017-10-04,大井,曇,11,東京盃競走(G2),201744100411,16,7,13,5.9,4,9,00666,54,1200,良,73.5,1.4,12-12,35.2-36.9,37.0,523(-3),2010100960, ,2013105736,G2,ダ
2017-08-27,2札幌4,晴,11,キーンランドC(G3),201701020411,13,5,6,11.4,5,3,00660,54,1200,良,69.1,0.1,1-1,33.5-35.5,35.6,526(+10),2008103002,"1,006.6",2013105736,G3,芝
2017-03-26,2中京6,小雨,11,高松宮記念(G1),201707020611,18,8,17,68.8,12,8,01150,55,1200,稍,69.5,0.8,6-8,33.8-34.9,34.9,516(-2),2013104230, ,2013105736,G1,芝
2017-03-04,2中山3,曇,11,夕刊フジオーシャンS(G3),201706020311,16,1,2,7.9,3,2,01150,54,1200,良,68.4,0.1,4-4,33.6-34.7,34.5,518(0),2012110117,"1,616.2",2013105736,G3,芝
2017-02-18,2京都7,晴,11,京都牝馬S(G3),201708020711,18,7,13,7.5,4,7,00660,55,1400,稍,83.1,0.6,4-4,35.8-34.7,34.9,518(-2),2012102095, ,2013105736,G3,芝
2017-01-21,1中山6,晴,11,カーバンクルS(OP),201706010611,12,6,7,2.1,1,1,00660,54,1200,良,68.5,0.1,6-5,33.2-35.3,34.7,520(+4),2011105200,"2,326.6",2013105736,OP,芝
2016-12-10,5中山3,晴,11,ラピスラズリS(OP),201606050311,16,3,5,5.7,2,2,00660,54,1200,良,68.6,0.2,3-3,33.2-35.2,35.2,516(+2),2012110117,930.0,2013105736,OP,芝
2016-11-13,5東京4,曇,11,オーロC(OP),201605050411,18,4,7,15.2,7,1,00660,52,1400,良,81.6,0.0,1-1,35.2-34.7,34.7,514(-2),2010103798,"2,340.6",2013105736,OP,芝
2016-10-09,4京都2,晴,11,夕刊フジ杯オパールS(OP),201608040211,13,7,10,4.0,1,6,01034,51,1200,稍,68.7,0.3,6-5,34.3-34.1,33.9,516(+8),2011102579, ,2013105736,OP,芝
2016-08-28,2札幌4,晴,11,キーンランドC(G3),201601020411,14,8,13,21.9,9,5,01034,51,1200,良,68.8,0.3,3-2,34.1-34.4,34.5,508(0),2013101835,410.0,2013105736,G3,芝
2016-05-15,3京都8,晴,10,葵S(OP),201608030810,12,2,2,7.7,4,1,01034,54,1200,良,67.9,0.1,4-3,34.3-33.6,33.4,508(+6),2013104026,"1,926.6",2013105736,OP,芝
2016-04-17,1福島4,曇,10,雪うさぎ賞(500万下),201603010410,16,5,9,3.0,1,1,01025,54,1200,稍,70.1,0.3,3-2,34.5-35.6,35.4,502(-6),2013103167,929.9,2013105736,500万下,芝
2016-03-13,2中山6,曇,6,3歳500万下,201606020606,12,8,11,6.5,3,3,00660,54,1600,良,95.2,0.3,2-2-1,35.9-35.2,35.5,508(-6),2013109027,180.0,2013105736,,芝
2016-02-13,1東京5,晴,11,デイリー杯クイーンC(G3),201605010511,16,3,5,123.9,13,6,00660,54,1600,良,93.8,1.3,6-6,34.4-34.7,35.4,514(+4),2013105840, ,2013105736,G3,芝
2016-01-23,1中山7,曇,1,3歳未勝利,201606010701,16,4,8,3.0,2,1,00660,54,1200,稍,72.2,0.0,1-1,34.4-37.8,37.8,510(+4),2013102693,500.0,2013105736,,ダ
2016-01-10,1中山3,晴,1,3歳未勝利,201606010301,16,1,1,3.8,2,2,00660,54,1200,良,73.6,0.0,1-1,34.6-39.0,39.0,506(+10),2013104593,200.0,2013105736,,ダ
2015-11-15,5東京4,曇,1,2歳未勝利,201505050401,15,3,5,1.6,1,2,00660,54,1400,不,85.6,0.2,1-1,35.5-37.4,37.6,496(-10),2013103781,200.0,2013105736,,ダ
2015-10-17,4東京4,曇,3,2歳未勝利,201505040403,10,7,7,4.0,2,2,00660,54,1600,稍,97.0,0.3,1-1,37.2-35.0,35.3,506(-4),2013103646,200.0,2013105736,,芝
2015-10-10,4東京1,曇,5,2歳新馬,201505040105,17,2,3,2.8,1,3,01025,54,1600,良,97.5,0.2,2-2,36.7-34.7,34.7,510(0),2013105322,180.0,2013105736,,芝
2020-02-23,1東京8,晴,11,フェブラリーS(G1),202005010811,16,6,12,2.8,1,1,05339,57,1600,良,95.2,0.4,8-8,34.6-36.5,35.4,494(0),2013104055,"10,340.2",2014110031,G1,ダ
2020-02-02,1東京2,晴,11,根岸S(G3),202005010211,16,6,11,9.9,3,1,05339,58,1400,良,82.7,0.2,9-8,35.0-35.4,34.7,494(-4),2015110078,"3,858.1",2014110031,G3,ダ
2019-11-17,5京都6,晴,11,マイルチャンピオンS(G1),201908050611,17,6,12,19.9,7,14,01018,57,1600,良,94.2,1.2,8-7,35.3-34.2,34.8,498(0),2015104688, ,2014110031,G1,芝
2019-10-26,4京都8,晴,11,毎日放送賞スワンS(G2),201908040811,18,5,10,4.4,2,2,05203,57,1400,稍,81.3,0.0,10-9,34.6-35.0,33.8,498(0),2015103057,"2,436.8",2014110031,G2,芝
2019-10-06,4東京2,曇,11,毎日王冠(G2),201905040211,10,8,10,22.5,5,6,00422,57,1800,良,105.0,0.6,7-9-9,35.5-34.3,34.0,498(+10),2016102179, ,2014110031,G2,芝
2019-06-02,3東京2,曇,11,安田記念(G1),201905030211,16,4,7,35.4,7,6,01163,58,1600,良,91.2,0.3,6-6,34.5-33.9,33.1,488(-8),2015104688, ,2014110031,G1,芝
2019-04-21,3京都2,晴,11,読売マイラーズC(G2),201908030211,10,4,4,9.9,3,7,05339,58,1600,良,93.6,1.0,6-6,36.0-32.3,32.8,496(+15),2015102367, ,2014110031,G2,芝
2018-12-09,シャティ, , ,香港マイル(G1),2018H1120907,14, ,4,6.8,3,7,05339,57,1600,良,94.36,, , , ,計不,, ,2014110031,G1,芝
2018-11-18,5京都6,晴,11,マイルチャンピオンS(G1),201808050611,18,4,8,3.4,1,13,05339,57,1600,良,93.8,0.5,12-12,35.0-34.5,33.9,494(+2),2015105064, ,2014110031,G1,芝
2018-10-27,4京都8,晴,11,毎日放送賞スワンS(G2),201808040811,11,8,10,1.3,1,2,05339,58,1400,良,81.5,0.0,7-8,34.7-35.5,34.5,492(+10),2013102679,"2,422.8",2014110031,G2,芝
2018-06-03,3東京2,晴,11,安田記念(G1),201805030211,16,5,10,15.7,9,1,05339,58,1600,良,91.3,0.0,11-12,34.2-34.5,33.3,482(-6),2014105785,"11,348.6",2014110031,G1,芝
2018-05-27,3京都12,晴,10,安土城S(OP),201808031210,17,1,1,1.5,1,2,01163,56.5,1400,良,80.7,0.0,10-11,35.6-33.7,32.9,488(+2),2014102625,930.6,2014110031,OP,芝
2018-04-22,3京都2,晴,11,読売マイラーズC(G2),201808030211,14,6,9,3.5,2,2,05339,56,1600,良,91.5,0.2,2-2,33.9-34.1,34.2,486(-2),2014105304,"2,428.4",2014110031,G2,芝
2018-02-25,1阪神2,曇,11,阪急杯(G3),201809010211,18,8,17,2.6,1,2,05339,56,1400,良,80.1,0.0,11-11,34.2-34.6,33.7,488(+2),2013103292,"1,618.0",2014110031,G3,芝
2017-12-23,5阪神7,晴,11,阪神C(G2),201709050711,18,4,7,3.2,1,4,05473,56,1400,良,79.9,0.4,8-7,33.6-34.7,34.3,486(-2),2011103565,"1,000.0",2014110031,G2,芝
2017-11-26,5京都8,曇,10,渡月橋S(1600万下),201708050810,15,8,15,1.9,1,1,05299,55,1400,良,81.5,0.3,7-8,35.4-34.6,34.2,488(0),2014102878,"1,853.6",2014110031,1600万下,芝
2017-11-11,5東京3,晴,10,三鷹特別(1000万下),201705050310,15,3,5,1.5,1,1,05339,56,1400,良,80.4,0.2,7-6,34.4-34.5,33.7,488(+2),2011104700,"1,534.3",2014110031,1000万下,芝
2017-09-24,4阪神7,晴,7,3歳以上500万下,201709040707,18,8,17,3.7,2,1,05339,55,1600,良,92.7,0.6,5-6,34.2-34.7,33.9,486(+8),2014101392,750.0,2014110031,,芝
2017-07-16,3中京6,晴,2,3歳未勝利,201707030602,16,3,6,3.3,2,1,00422,56,1600,良,94.6,0.3,13-7-4,35.3-34.6,34.3,478(-8),2014105662,500.0,2014110031,,芝
2017-06-24,3阪神7,晴,6,3歳未勝利,201709030706,18,3,6,2.1,1,4,00666,56,1800,良,106.9,0.2,6-4,35.4-34.3,34.2,486(+2),2014102151,75.0,2014110031,,芝
2017-06-10,3阪神3,晴,6,3歳未勝利,201709030306,16,4,7,2.6,1,4,00666,56,2000,良,120.6,0.0,16-16-14-12,35.7-36.7,35.9,484(0),2014103382,75.0,2014110031,,芝
2020-03-07,2中山3,曇,11,夕刊フジオーシャンS(G3),202006020311,16,6,12,270.3,14,13,05517,54,1200,良,69.0,1.6,10-11,33.1-34.3,35.2,438(-4),2015102377, ,2015100978,G3,芝
2020-02-02,2京都2,晴,11,シルクロードS(G3),202008020211,18,4,7,109.9,15,16,01178,52,1200,良,70.3,1.3,11-12,33.9-35.1,35.0,442(+2),2016104721, ,2015100978,G3,芝
2020-01-11,1京都3,晴,11,淀短距離S(L),202008010311,15,1,1,63.5,11,11,01126,57,1200,良,70.7,1.1,4-4,34.8-34.8,35.6,440(-6),2016102044, ,2015100978,L,芝
2019-11-24,5京都8,曇,12,京阪杯(G3),201908050812,18,1,1,104.4,12,9,01171,55,1200,良,69.8,1.0,3-3,34.2-34.6,35.2,446(+8),2015101599, ,2015100978,G3,芝
2019-10-27,3新潟6,曇,11,ルミエールオータムD(L),201904030611,18,1,2,74.0,12,16,01034,57,1000,稍,57.4,1.0,5,33.1-34.0,34.9,438(+2),2014101520, ,2015100978,L,芝
2019-09-29,4中山9,曇,11,スプリンターズS(G1),201906040911,16,5,10,219.9,16,15,01034,55,1200,良,68.8,1.7,7-10,32.8-34.3,35.4,436(+2),2015101621, ,2015100978,G1,芝
2019-09-08,4阪神2,晴,11,産経賞セントウルS(G2),201909040211,13,4,5,74.7,9,11,01128,54,1200,良,68.4,1.7,2-2,33.0-33.7,35.3,434(0),2015101621, ,2015100978,G2,芝
2019-08-18,2小倉8,曇,11,TV西日本北九州記念(G3),201910020811,18,3,6,85.4,13,17,01128,53,1200,良,69.6,1.4,2-2,32.7-35.5,36.8,434(+10),2013101042, ,2015100978,G3,芝
2019-07-28,2新潟2,曇,11,アイビスサマーD(G3),201904020211,18,1,1,43.7,12,18,01077,55,1000,良,57.1,2.0,5,32.6-33.0,34.7,424(-18),2015100416, ,2015100978,G3,芝
2019-03-24,2中京6,晴,11,高松宮記念(G1),201907020611,18,5,10,110.1,13,18,01034,55,1200,良,69.3,2.0,2-2,33.2-34.1,35.8,442(+8),2015110096, ,2015100978,G1,芝
2019-03-02,2中山3,晴,11,夕刊フジオーシャンS(G3),201906020311,16,6,11,10.5,4,16,01122,54,1200,良,69.5,2.4,2-3,32.3-34.8,36.7,434(-10),2015110017, ,2015100978,G3,芝
2019-01-27,2京都2,晴,11,シルクロードS(G3),201908020211,18,5,10,4.3,2,18,05212,54,1200,良,70.8,2.5,2-2,33.3-35.0,36.9,444(+8),2015102377, ,2015100978,G3,芝
2018-09-30,4中山9,雨,11,スプリンターズS(G1),201806040911,16,5,9,31.7,11,2,01018,53,1200,稍,68.3,0.0,2-2,33.0-35.3,35.1,436(+2),2013100612,"4,496.0",2015100978,G1,芝
2018-09-09,4阪神2,雨,11,産経賞セントウルS(G2),201809040211,15,2,2,3.9,2,2,05212,52,1200,重,69.0,0.2,1-1,33.3-35.5,35.7,434(+8),2013100612,"2,430.4",2015100978,G2,芝
2018-08-19,2小倉8,晴,11,TV西日本北九州記念(G3),201810020811,17,5,9,10.1,7,3,01018,51,1200,良,66.9,0.3,2-2,32.4-34.2,34.5,426(+2),2012102017,988.6,2015100978,G3,芝
2018-07-29,2新潟2,晴,11,アイビスサマーD(G3),201804020211,17,4,8,5.4,2,2,05212,51,1000,良,54.0,0.2,1,32.1-32.0,32.2,424(0),2013101042,"1,617.0",2015100978,G3,芝
2018-05-26,3京都11,晴,11,葵S(G),201808031111,16,1,1,11.5,6,2,01018,54,1200,良,68.2,0.2,2-2,33.9-34.1,34.1,424(-2),2015102846,"1,237.2",2015100978,G,芝
2018-04-14,2阪神7,雨,11,アーリントンC(G3),201809020711,13,4,4,138.4,9,13,01126,54,1600,良,94.8,1.4,1-1,34.5-34.7,36.1,426(+2),2015101621, ,2015100978,G3,芝
2018-03-11,1阪神6,晴,11,フィリーズレビュー(G2),201809010611,18,8,17,33.9,10,11,01126,54,1400,良,82.2,0.7,1-1,33.7-36.1,36.8,424(-6),2015104438, ,2015100978,G2,芝
2018-02-17,1小倉3,晴,10,かささぎ賞(500万下),201810010310,18,6,11,2.1,1,1,01126,54,1200,良,69.0,0.1,1-1,33.9-35.1,35.1,430(+4),2015102528,"1,040.6",2015100978,500万下,芝
2018-01-14,1京都5,曇,10,紅梅S(OP),201808010510,9,6,6,15.6,4,2,01088,54,1400,良,82.9,0.2,1-1,35.3-35.1,35.3,426(-2),2015110036,766.6,2015100978,OP,芝
2017-10-14,4京都4,曇,2,2歳未勝利,201708040402,9,8,8,1.4,1,1,01088,54,1200,良,69.1,0.4,1-1,34.3-34.8,34.8,428(-4),2015103408,500.0,2015100978,,芝
2017-09-24,4阪神7,晴,2,2歳未勝利,201709040702,13,5,6,2.6,2,2,05212,54,1400,良,82.2,0.3,1-1,35.1-35.0,35.3,432(+2),2015102377,200.0,2015100978,,芝
2017-09-03,2小倉12,晴,1,2歳未勝利,201710021201,17,1,2,1.4,1,2,01115,54,1200,良,69.2,0.2,1-1,34.0-35.0,35.2,430(+2),2015104165,200.0,2015100978,,芝
2017-08-05,2小倉3,晴,5,2歳新馬,201710020305,13,5,6,8.8,5,2,01115,54,1200,良,68.7,0.0,3-2,33.5-35.2,34.9,428(0),2015103374,280.0,2015100978,,芝
2020-03-07,2中山3,曇,11,夕刊フジオーシャンS(G3),202006020311,16,1,1,2.5,2,3,05339,58,1200,良,68.1,0.7,9-6,33.1-34.3,34.4,520(+6),2015102377,"1,008.0",2015101621,G3,芝
2019-09-29,4中山9,曇,11,スプリンターズS(G1),201906040911,16,4,8,2.9,2,1,05339,57,1200,良,67.1,0.1,11-8,32.8-34.3,33.5,514(-2),2015110017,"11,344.4",2015101621,G1,芝
2019-09-08,4阪神2,晴,11,産経賞セントウルS(G2),201909040211,13,5,7,2.7,1,1,05339,57,1200,良,66.7,0.5,7-7,33.0-33.7,33.2,516(-4),2016103137,"5,993.8",2015101621,G2,芝
2019-08-25,2札幌4,晴,11,キーンランドC(G3),201901020411,16,4,7,4.7,2,2,05339,58,1200,稍,69.3,0.1,12-12,33.2-36.0,34.9,520(+2),2015102377,"1,616.2",2015101621,G3,芝
2019-06-16,1函館2,小雨,11,函館スプリントS(G3),201902010211,7,8,13,1.8,1,3,05585,58,1200,稍,68.6,0.2,5-5,34.4-34.0,33.5,518(0),2015105850,986.7,2015101621,G3,芝
2019-05-11,2東京7,晴,11,京王杯スプリングC(G2),201905020711,15,5,9,3.6,1,1,05585,56,1400,良,79.4,0.1,7-6,34.2-33.9,33.1,518(-8),2014106168,"6,013.4",2015101621,G2,芝
2019-02-03,1東京4,晴,11,東京新聞杯(G3),201905010411,15,3,5,3.6,2,5,05339,57,1600,良,92.3,0.4,5-5,34.5-34.7,34.2,526(+10),2015104688,390.0,2015101621,G3,芝
2018-11-24,5東京7,晴,11,キャピタルS(OP),201805050711,14,6,9,3.9,2,2,05495,56,1600,良,92.6,0.0,7-9,36.1-33.4,32.4,516(+6),2012100407,929.0,2015101621,OP,芝
2018-05-06,2東京6,晴,11,NHKマイルC(G1),201805020611,18,4,7,2.6,1,12,05339,57,1600,良,93.8,1.0,11-12,34.4-34.8,35.1,510(0),2015100344, ,2015101621,G1,芝
2018-04-14,2阪神7,雨,11,アーリントンC(G3),201809020711,13,5,6,3.1,1,1,05339,56,1600,良,93.4,0.1,9-9,34.5-34.7,34.2,510(-8),2015105905,"3,846.9",2015101621,G3,芝
2017-12-17,5阪神6,晴,11,朝日フューチュリティ(G1),201709050611,16,2,3,3.9,2,3,05339,55,1600,良,93.9,0.6,7-7,35.2-34.0,34.0,518(+2),2015102367,"1,816.4",2015101621,G1,芝
2017-11-04,5東京1,曇,11,京王杯2歳S(G2),201705050111,11,1,1,1.8,1,1,05339,55,1400,良,81.9,0.3,6-7,36.0-33.8,33.2,516(+4),2015105872,"3,839.2",2015101621,G2,芝
2017-09-23,4阪神6,曇,9,ききょうS(OP),201709040609,11,8,11,1.8,1,1,05339,54,1400,良,81.7,0.6,9-7,33.5-36.5,35.2,512(-10),2015103374,"1,623.8",2015101621,OP,芝
2017-08-20,2札幌2,晴,9,クローバー賞(OP),201701020209,11,8,10,1.7,1,2,05339,54,1500,良,90.9,0.1,7-8-7,30.8-36.0,35.6,522(+6),2015100887,647.2,2015101621,OP,芝
2017-07-29,1札幌1,曇,5,2歳新馬,201701010105,9,8,8,4.0,2,1,05339,54,1500,良,90.4,0.4,1-1-1,30.4-35.3,35.3,516(0),2015101028,700.0,2015101621,,芝
2020-03-07,2中山3,曇,11,夕刊フジオーシャンS(G3),202006020311,16,1,2,2.0,1,1,01088,56,1200,良,67.4,0.2,4-4,33.1-34.3,34.0,478(+4),2013105736,"4,156.0",2015102377,G3,芝
2019-09-29,4中山9,曇,11,スプリンターズS(G1),201906040911,16,1,2,2.8,1,3,01088,57,1200,良,67.2,0.1,7-8,32.8-34.3,33.7,470(-8),2015101621,"2,849.2",2015102377,G1,芝
2019-08-25,2札幌4,晴,11,キーンランドC(G3),201901020411,16,7,13,2.3,1,1,01088,57,1200,稍,69.2,0.1,7-6,33.2-36.0,35.3,478(+6),2015101621,"4,156.7",2015102377,G3,芝
2019-03-24,2中京6,晴,11,高松宮記念(G1),201907020611,18,7,13,2.5,1,4,01102,57,1200,良,67.5,0.2,4-2,33.2-34.1,34.0,472(-2),2015110096,"1,700.0",2015102377,G1,芝
2019-01-27,2京都2,晴,11,シルクロードS(G3),201908020211,18,1,2,2.0,1,1,01102,56.5,1200,良,68.3,0.2,5-5,33.3-35.0,34.2,474(+4),2013105321,"3,963.7",2015102377,G3,芝
2018-11-25,5京都8,晴,12,京阪杯(G3),201808050812,18,2,3,3.4,1,1,01102,55,1200,良,68.0,0.3,4-3,34.1-33.9,33.6,470(-2),2011103412,"3,963.7",2015102377,G3,芝
2018-08-26,2札幌4,晴,11,キーンランドC(G3),201801020411,16,4,7,6.4,4,2,01102,53,1200,稍,69.8,0.4,3-2,33.7-35.7,35.9,472(+2),2013105736,"1,616.4",2015102377,G3,芝
2018-07-21,2函館5,曇,11,函館日刊スポーツ杯(1600万下),201802020511,16,5,10,4.8,3,1,01102,54,1200,良,68.4,0.2,3-2,34.3-34.1,33.9,470(0),2015104361,"1,853.6",2015102377,1600万下,芝
2018-05-06,2東京6,晴,11,NHKマイルC(G1),201805020611,18,4,8,75.0,13,7,01102,57,1600,良,93.2,0.4,2-2,34.4-34.8,35.2,470(+4),2015100344, ,2015102377,G1,芝
2018-04-14,2阪神7,雨,11,アーリントンC(G3),201809020711,13,8,13,12.2,6,5,01102,56,1600,良,93.8,0.4,2-3,34.5-34.7,34.9,466(0),2015101621,380.0,2015102377,G3,芝
2018-03-17,2中京3,晴,11,中スポ賞ファルコンS(G3),201807020311,16,5,9,2.2,1,7,05386,56,1400,良,82.6,0.5,12-13,34.9-35.5,34.4,466(-4),2015110096, ,2015102377,G3,芝
2017-12-17,5阪神6,晴,11,朝日フューチュリティ(G1),201709050611,16,6,12,8.7,4,5,01014,55,1600,良,94.0,0.7,13-13,35.2-34.0,33.8,470(+8),2015102367,700.0,2015102377,G1,芝
2017-10-15,4京都5,雨,9,もみじS(OP),201708040509,8,5,5,1.5,1,1,01014,55,1400,稍,83.4,0.5,3-3,36.4-34.8,34.2,462(0),2015104679,"1,618.2",2015102377,OP,芝
2017-09-24,4阪神7,晴,2,2歳未勝利,201709040702,13,3,3,2.2,1,1,01014,54,1400,良,81.9,0.3,7-5,35.1-35.0,34.4,462(-4),2015100978,500.0,2015102377,,芝
2017-09-02,2新潟11,晴,5,2歳新馬,201704021105,18,3,6,1.7,1,2,05386,54,1400,良,83.0,0.0,2-1,34.8-36.5,36.4,466(0),2015105058,280.0,2015102377,,芝
2020-01-05,1京都1,曇,11,スポニチ賞京都金杯(G3),202008010111,18,3,6,4.8,2,2,01102,57,1600,良,94.2,0.2,9-9,34.9-35.0,34.3,484(+12),2015104322,"1,619.4",2015103057,G3,芝
2019-11-17,5京都6,晴,11,マイルチャンピオンS(G1),201908050611,17,8,15,9.3,4,10,05271,57,1600,良,93.8,0.8,13-12,35.3-34.2,34.0,472(-4),2015104688, ,2015103057,G1,芝
2019-10-26,4京都8,晴,11,毎日放送賞スワンS(G2),201908040811,18,8,17,2.9,1,1,05271,56,1400,稍,81.3,0.0,12-11,34.6-35.0,33.6,476(0),2014110031,"6,028.8",2015103057,G2,芝
2019-05-26,3京都12,晴,10,安土城S(L),201908031210,13,5,7,2.5,1,1,01102,54,1400,良,79.6,0.0,8-7,33.9-34.3,33.7,476(+2),2015104438,"2,530.8",2015103057,L,芝
2019-03-30,3中山3,曇,11,ダービー卿チャレンジ(G3),201906030311,16,7,14,10.2,5,4,01102,54,1600,良,91.9,0.2,13-14-13,33.9-35.2,33.4,474(0),2014110117,590.0,2015103057,G3,芝
2019-02-17,2京都8,曇,10,斑鳩S(1600万下),201908020810,7,7,7,2.1,2,1,01102,57,1400,良,82.2,0.0,4-4,36.4-34.1,33.8,474(-8),2013105727,"1,838.9",2015103057,1600万下,芝
2019-01-19,1京都6,晴,9,祇園特別(1000万下),201908010609,11,8,11,1.4,1,1,01102,56,1400,良,81.5,0.0,5-4,35.0-35.1,34.1,482(+6),2014103032,"1,525.9",2015103057,1000万下,芝
2018-11-10,5東京3,晴,10,三鷹特別(1000万下),201805050310,13,6,8,2.4,1,2,05470,56,1400,良,80.2,0.0,6-6,33.8-35.2,33.2,476(-4),2014104304,608.6,2015103057,1000万下,芝
2018-09-23,4中山7,晴,10,外房特別(1000万下),201806040710,12,6,8,2.6,1,3,01102,55,1600,良,93.5,0.4,10-10-9,35.7-34.0,33.6,480(+8),2015102692,383.9,2015103057,1000万下,芝
2018-07-28,2新潟1,晴,10,月岡温泉特別(1000万下),201804020110,15,3,5,2.8,1,2,01014,54,1600,良,93.3,0.0,4-3,35.9-32.8,32.3,472(+4),2014105655,609.6,2015103057,1000万下,芝
2018-05-27,3京都12,晴,5,3歳500万下,201808031205,16,8,15,2.3,1,1,01102,56,1400,良,81.4,0.5,2-2,34.7-34.9,34.7,468(0),2015101826,720.0,2015103057,,芝
2018-02-17,1東京7,晴,6,3歳500万下,201805010706,15,4,7,2.3,1,4,05339,56,1600,良,94.9,0.3,5-4,35.9-34.6,34.6,468(0),2015104542,110.0,2015103057,,芝
2017-12-16,5阪神5,曇,5,2歳新馬,201709050505,13,2,2,2.9,2,1,05339,55,1600,良,96.6,0.0,7-11,36.7-34.5,33.6,468(0),2015103350,700.0,2015103057,,芝
2019-10-19,4東京6,曇,11,富士S(G3),201905040611,18,8,16,4.8,2,1,05339,56,1600,稍,93.0,0.1,13-12,35.0-34.1,33.2,470(0),2015105057,"4,163.0",2015104765,G3,芝
2019-05-12,2東京8,晴,11,ヴィクトリアマイル(G1),201905020811,18,2,4,9.4,5,1,05585,55,1600,良,90.5,0.0,7-7,33.7-34.4,33.2,470(+4),2015105036,"10,882.2",2015104765,G1,芝
2019-03-09,2中山5,晴,11,中山牝馬S(G3),201906020511,14,2,2,3.4,1,7,01075,55,1800,良,107.9,0.2,10-10-10-12,36.0-35.5,34.9,466(-2),2013103682, ,2015104765,G3,芝
2019-01-26,1中京3,晴,11,愛知杯(G3),201907010311,14,7,11,3.0,1,2,05339,55,2000,良,120.1,0.1,9-10-10-10,37.2-34.3,33.5,468(+2),2013105322,"1,414.2",2015104765,G3,芝
2018-11-11,5京都4,晴,11,エリザベス女王杯(G1),201808050411,17,7,13,3.8,2,5,05339,54,2200,良,133.7,0.6,5-3-3-3,36.4-34.7,34.9,466(+10),2014106220,"1,050.0",2015104765,G1,芝
2018-09-08,4中山1,晴,11,紫苑S(G3),201806040111,16,7,14,4.2,2,1,05339,54,2000,良,118.0,0.5,5-4-6-5,35.1-34.2,33.6,456(0),2015101373,"3,556.7",2015104765,G3,芝
2018-04-22,2東京2,晴,11,サンスポ賞フローラS(G2),201805020211,16,8,16,7.4,5,3,05386,54,2000,良,119.6,0.1,2-2-2,36.9-34.5,34.6,456(-4),2015101376,"1,317.8",2015104765,G2,芝
2018-03-17,2中山7,晴,11,フラワーC(G3),201806020711,13,3,3,7.4,4,3,01043,54,1800,良,109.5,0.3,2-2-2-2,36.8-35.5,35.7,460(+14),2015103350,886.7,2015104765,G3,芝
2017-09-09,4中山1,晴,9,アスター賞(500万下),201706040109,8,7,7,2.1,1,1,01043,54,1600,良,95.1,0.1,2-2-2,36.9-33.7,33.7,446(+10),2015100904,"1,018.2",2015104765,500万下,芝
2017-07-16,2福島6,曇,5,2歳新馬,201703020605,15,3,4,5.9,3,1,01150,54,1800,良,109.1,0.6,1-2-2-1,35.6-37.0,37.0,436(0),2015104046,700.0,2015104765,,芝
2020-03-01,1阪神2,晴,11,阪急杯(G3),202009010211,18,4,7,6.8,4,5,01127,57,1400,良,80.5,0.2,10-10,34.1-34.8,34.2,492(+6),2014105682,410.0,2015105064,G3,芝
2019-06-02,3東京2,曇,11,安田記念(G1),201905030211,16,4,8,21.4,5,8,05585,58,1600,良,91.3,0.4,15-15,34.5-33.9,32.6,486(+8),2015104688, ,2015105064,G1,芝
2019-03-31,2阪神4,曇,11,大阪杯(G1),201909020411,14,7,12,12.2,6,14,01127,57,2000,良,122.5,1.5,4-5-6-4,36.4-35.5,36.7,478(-12),2014106046, ,2015105064,G1,芝
2019-02-24,2中山2,晴,11,中山記念(G2),201906020211,11,6,7,4.6,2,3,01127,57,1800,良,105.5,0.0,5-5-6-6,35.0-35.6,33.5,490(+12),2014100222,"1,611.4",2015105064,G2,芝
2018-11-18,5京都6,晴,11,マイルチャンピオンS(G1),201808050611,18,1,1,8.7,5,1,05495,56,1600,良,93.3,0.0,4-5,35.0-34.5,34.1,478(+10),2014105258,"11,378.0",2015105064,G1,芝
2018-10-07,4東京2,晴,11,毎日王冠(G2),201805040211,13,4,5,5.3,3,2,05339,55,1800,良,104.7,0.2,6-8-8,35.3-33.8,33.2,468(+6),2014105785,"2,726.0",2015105064,G2,芝
2018-05-27,2東京12,晴,10,東京優駿(G1),201805021210,18,7,15,16.5,6,8,05339,57,2400,良,144.0,0.4,15-16-13-12,36.0-34.6,33.9,462(+2),2015105022, ,2015105064,G1,芝
2018-04-15,3中山8,曇,11,皐月賞(G1),201806030811,16,8,15,3.7,2,4,05339,57,2000,稍,121.4,0.6,14-14-14-13,35.5-37.3,34.8,460(-6),2015102440,"1,700.0",2015105064,G1,芝
2018-03-18,2中山8,曇,11,フジTVスプリングS(G2),201806020811,13,6,8,2.3,1,1,05339,56,1800,良,108.1,0.0,8-8-7-6,35.6-36.4,34.1,466(+6),2015102440,"5,493.8",2015105064,G2,芝
2017-12-17,5阪神6,晴,11,朝日フューチュリティ(G1),201709050611,16,5,10,5.3,3,2,05473,55,1600,良,93.9,0.6,12-10,35.2-34.0,33.8,460(+4),2015102367,"2,832.8",2015105064,G1,芝
2017-10-07,4東京1,曇,11,サウジアラビアRC(G3),201705040111,18,8,16,2.6,1,2,05339,55,1600,稍,93.3,0.3,14-16,34.3-34.7,33.5,456(-2),2015102367,"1,318.6",2015105064,G3,芝
2017-08-12,1札幌5,小雨,10,コスモス賞(OP),201701010510,11,6,6,1.3,1,1,05339,54,1800,重,111.3,0.0,6-8-7-3,36.9-36.3,35.8,458(-4),2015101465,"1,623.8",2015105064,OP,芝
2017-06-04,3東京2,晴,5,2歳新馬,201705030205,16,3,6,3.7,2,1,05339,54,1600,良,94.8,0.3,4-4,35.4-34.5,34.2,462(0),2015104090,700.0,2015105064,,芝
2020-02-02,2京都2,晴,11,シルクロードS(G3),202008020211,18,2,3,5.1,2,4,01154,56,1200,良,69.2,0.2,1-1,33.9-35.1,35.3,494(-6),2016104721,590.0,2015110017,G3,芝
2019-11-24,5京都8,曇,12,京阪杯(G3),201908050812,18,7,14,2.7,1,8,01126,56,1200,良,69.6,0.8,1-1,34.2-34.6,35.4,500(-2),2015101599, ,2015110017,G3,芝
2019-09-29,4中山9,曇,11,スプリンターズS(G1),201906040911,16,4,7,6.2,3,2,01154,55,1200,良,67.2,0.1,1-1,32.8-34.3,34.4,502(-4),2015101621,"4,498.4",2015110017,G1,芝
2019-08-18,2小倉8,曇,11,TV西日本北九州記念(G3),201910020811,18,7,13,5.4,2,4,01154,55,1200,良,68.5,0.3,3-3,32.7-35.5,35.6,506(+26),2013101042,590.0,2015110017,G3,芝
2019-03-24,2中京6,晴,11,高松宮記念(G1),201907020611,18,7,15,4.1,2,15,00666,55,1200,良,69.0,1.7,1-1,33.2-34.1,35.8,480(-6),2015110096, ,2015110017,G1,芝
2019-03-02,2中山3,晴,11,夕刊フジオーシャンS(G3),201906020311,16,7,14,3.1,1,1,05339,54,1200,良,67.1,0.2,1-1,32.3-34.8,34.8,486(-2),2013105736,"4,156.7",2015110017,G3,芝
2019-01-05,1中山1,晴,10,カーバンクルS(OP),201906010110,16,6,12,1.7,1,1,00666,53,1200,良,67.0,0.2,1-1,32.8-34.2,34.2,488(+8),2013105736,"2,336.4",2015110017,OP,芝
2018-12-02,5中山2,曇,11,ラピスラズリS(OP),201806050211,11,8,11,1.8,1,2,01102,53,1200,良,68.1,0.0,1-1,34.0-34.1,34.1,480(+12),2014102625,927.0,2015110017,OP,芝
2018-10-07,4京都2,晴,11,夕刊フジ杯オパールS(OP),201808040211,18,4,8,3.0,1,3,01102,51,1200,良,68.5,0.3,1-1,33.4-34.8,35.1,468(-4),2015104165,585.8,2015110017,OP,芝
2018-09-22,4中山6,晴,11,セプテンバーS(1600万下),201806040611,16,6,12,3.8,2,1,00666,52,1200,稍,67.0,0.6,1-1,33.2-33.8,33.8,472(0),2012100531,"1,853.6",2015110017,1600万下,芝
2018-07-21,2函館5,曇,11,函館日刊スポーツ杯(1600万下),201802020511,16,7,14,4.4,2,11,01127,52,1200,良,69.4,1.0,4-4,34.3-34.1,34.8,472(-2),2015102377, ,2015110017,1600万下,芝
2018-06-16,1函館1,晴,11,HTB杯(1000万下),201802010111,16,8,16,6.3,2,1,01102,52,1200,良,67.9,0.1,2-2,32.8-35.1,34.9,474(-4),2014104286,"1,535.7",2015110017,1000万下,芝
2018-03-17,2中京3,晴,11,中スポ賞ファルコンS(G3),201807020311,16,1,2,36.2,9,5,01038,54,1400,良,82.4,0.3,1-1,34.9-35.5,35.8,478(-4),2015110096,380.0,2015110017,G3,芝
2018-03-04,1小倉8,晴,10,萌黄賞(500万下),201810010810,18,4,8,5.5,4,1,01038,54,1200,良,68.3,0.2,1-1,32.9-35.4,35.4,482(+16),2015104364,"1,044.1",2015110017,500万下,芝
2018-01-14,1京都5,曇,10,紅梅S(OP),201808010510,9,5,5,17.6,6,6,01018,54,1400,良,83.5,0.8,2-2,35.3-35.1,35.7,466(-6),2015110036, ,2015110017,OP,芝
2017-12-16,4中京5,曇,10,つわぶき賞(500万下),201707040510,16,5,10,5.6,2,8,01154,54,1400,良,83.4,0.6,6-7,35.7-34.4,34.5,472(0),2015104721, ,2015110017,500万下,芝
2017-11-03,5京都1,晴,11,KBSファンタジーS(G3),201708050111,13,3,3,10.6,7,5,01154,54,1400,良,83.2,0.3,3-3,36.3-34.9,34.8,472(0),2015104663,290.0,2015110017,G3,芝
2017-09-03,2小倉12,晴,11,小倉2歳S(G3),201710021211,18,6,11,2.8,1,7,01154,54,1200,良,69.4,0.3,2-1,33.3-35.8,36.1,472(+2),2015110032, ,2015110017,G3,芝
2017-08-19,2小倉7,晴,5,2歳新馬,201710020705,13,7,11,1.7,1,1,01154,54,1200,良,68.5,0.1,1-1,34.0-34.5,34.5,470(0),2015110073,700.0,2015110017,,芝
2020-02-16,1小倉10,曇,11,北九州短距離S(OP),202010011011,17,4,8,2.8,1,1,01093,56,1200,重,70.0,0.1,16-13,33.7-36.3,34.9,500(+4),2015103340,"2,339.2",2015110102,OP,芝
2020-01-11,1京都3,晴,11,淀短距離S(L),202008010311,15,4,6,6.3,2,4,01088,56,1200,良,69.8,0.2,11-11,34.8-34.8,34.2,496(-8),2016102044,380.0,2015110102,L,芝
2019-12-21,5阪神7,曇,11,阪神C(G2),201909050711,18,6,11,25.0,8,7,01088,57,1400,良,80.7,1.3,5-5,33.9-34.2,35.1,504(+4),2016104532, ,2015110102,G2,芝
2019-10-26,4東京8,晴,10,神無月S(3勝クラス),201905040810,13,8,12,2.0,1,1,01088,57,1400,重,82.1,0.4,3-3,34.4-36.3,35.4,500(-8),2016102633,"1,847.3",2015110102,3勝クラス,ダ
2019-10-05,4東京1,晴,10,秋嶺S(3勝クラス),201905040110,11,1,1,2.8,2,4,05212,57,1600,稍,95.6,0.3,2-4,34.9-36.3,36.3,508(+16),2014105506,270.0,2015110102,3勝クラス,ダ
2019-05-04,2東京5,晴,9,立夏S(1600万下),201905020509,15,4,6,3.2,1,3,01077,57,1600,良,96.1,0.2,2-2,35.0-36.9,36.9,492(-6),2014106118,464.7,2015110102,1600万下,ダ
2019-03-31,2阪神4,曇,12,鳴門S(1600万下),201909020412,16,8,16,2.6,1,2,01088,57,1400,稍,83.7,0.0,6-2,34.9-36.8,36.3,498(-6),2015101858,739.8,2015110102,1600万下,ダ
2019-03-02,1阪神3,晴,10,播磨S(1600万下),201909010310,16,2,3,2.5,1,2,01014,57,1400,稍,83.2,0.5,7-7,34.3-36.5,36.1,504(+2),2014102137,739.6,2015110102,1600万下,ダ
2018-12-01,5阪神1,晴,10,御影S(1600万下),201809050110,9,2,2,1.6,1,3,01088,56,1400,良,83.6,0.1,2-2,35.2-36.3,36.3,502(-2),2015101046,463.3,2015110102,1600万下,ダ
2018-11-03,5京都1,晴,10,貴船S(1600万下),201808050110,16,2,3,1.5,1,2,01088,55,1400,良,83.7,0.2,2-2,34.9-36.6,36.6,504(+10),2013102825,740.2,2015110102,1600万下,ダ
2018-10-07,4東京2,晴,10,テレビ静岡賞(1600万下),201805040210,16,7,14,1.9,1,2,01088,55,1400,良,84.1,0.1,3-3,35.3-36.6,36.4,494(-2),2013105373,740.0,2015110102,1600万下,ダ
2018-06-17,3東京6,曇,10,青梅特別(1000万下),201805030610,15,6,12,4.6,2,1,01088,54,1600,重,95.2,0.3,2-2,35.5-35.5,35.3,496(0),2014102197,"1,543.4",2015110102,1000万下,ダ
2018-04-07,2阪神5,晴,5,3歳500万下,201809020505,15,6,11,1.9,1,1,01088,56,1400,重,83.5,0.1,5-3,33.7-37.9,37.5,496(+8),2015106050,720.0,2015110102,,ダ
2018-03-18,2中京4,晴,10,沈丁花賞(500万下),201807020410,15,7,13,2.3,1,3,01116,56,1400,良,85.7,0.3,4-4,36.4-36.3,36.2,488(-10),2015100272,255.7,2015110102,500万下,ダ
2018-02-18,2京都8,晴,6,3歳500万下,201808020806,16,6,11,2.3,1,2,01116,56,1400,良,85.2,0.0,3-3,35.9-37.1,36.8,498(+2),2015100198,290.0,2015110102,,ダ
2018-01-27,2京都1,晴,3,3歳新馬,201808020103,16,8,16,1.2,1,1,01088,56,1200,稍,74.7,0.5,3-2,36.5-38.2,37.9,496(0),2015103938,600.0,2015110102,,ダ
2020-01-11,1京都3,晴,11,淀短距離S(L),202008010311,15,7,12,2.0,1,1,00666,54,1200,良,69.6,0.1,5-5,34.8-34.8,34.4,434(0),2015100830,"2,536.4",2016102044,L,芝
2019-11-24,5京都8,曇,12,京阪杯(G3),201908050812,18,6,12,6.9,3,2,01018,53,1200,良,69.1,0.3,12-13,34.2-34.6,33.6,434(-4),2015101599,"1,618.2",2016102044,G3,芝
2019-10-20,4京都7,晴,10,桂川S(3勝クラス),201908040710,18,6,12,3.8,1,1,00666,52,1200,良,69.1,0.0,10-10,34.4-34.7,33.9,438(+16),2016103143,"1,859.2",2016102044,3勝クラス,芝
2019-06-08,3阪神3,曇,10,舞子特別(2勝クラス),201909030310,13,8,14,2.9,1,1,05429,52,1400,稍,82.0,0.4,6-3,34.9-35.8,35.4,422(0),2014106472,"1,535.0",2016102044,2勝クラス,芝
2019-03-23,2阪神1,曇,6,3歳500万下,201909020106,12,4,4,4.7,3,1,05429,54,1400,良,81.6,0.0,7-8,35.0-35.1,34.4,422(0),2016103668,720.0,2016102044,,芝
2019-03-02,1阪神3,晴,7,3歳500万下,201909010307,8,8,8,8.7,3,2,05429,54,1400,良,82.7,0.0,7-7,35.4-35.2,34.5,422(-8),2016104265,290.0,2016102044,,芝
2019-02-03,2京都4,曇,6,3歳新馬,201908020406,16,7,14,51.6,10,1,05429,54,1600,良,96.9,0.1,5-5,35.9-36.0,35.6,430(0),2016104426,600.0,2016102044,,芝
2020-03-01,1阪神2,晴,11,阪急杯(G3),202009010211,18,3,5,6.1,3,7,01165,56,1400,良,80.7,0.4,2-2,34.1-34.8,35.1,496(0),2014105682, ,2016103690,G3,芝
2020-02-09,1東京4,晴,11,東京新聞杯(G3),202005010411,16,7,13,8.7,5,3,00660,56,1600,良,93.1,0.1,4-4,34.7-34.9,33.9,496(+8),2015105036,988.1,2016103690,G3,芝
2019-11-17,5京都6,晴,11,マイルチャンピオンS(G1),201908050611,17,5,9,68.4,12,7,01093,56,1600,良,93.6,0.6,6-5,35.3-34.2,34.4,488(+4),2015104688, ,2016103690,G1,芝
2019-10-19,4東京6,曇,11,富士S(G3),201905040611,18,8,17,11.7,6,4,05386,54,1600,稍,93.3,0.3,14-15,35.0-34.1,33.3,484(+4),2015104765,620.0,2016103690,G3,芝
2019-09-08,4中山2,晴,11,京成杯オータムH(G3),201906040211,16,2,4,4.5,2,7,05386,54,1600,良,91.2,0.9,5-7-9,33.3-34.9,34.1,480(0),2015104387, ,2016103690,G3,芝
2019-07-21,3中京8,曇,11,トヨタ賞中京記念(G3),201907030811,16,3,6,14.5,6,2,01165,52,1600,稍,93.6,0.0,6-9-9,35.3-35.6,34.4,480(-8),2016104787,"1,616.4",2016103690,G3,芝
2019-05-05,2東京6,晴,11,NHKマイルC(G1),201905020611,18,1,1,87.0,13,14,01093,57,1600,良,93.5,1.1,2-2,33.9-34.6,35.5,488(0),2016104422, ,2016103690,G1,芝
2019-04-14,3中山8,曇,11,皐月賞(G1),201906030811,18,7,15,240.7,16,16,01093,57,2000,良,120.0,1.9,2-3-3-2,34.8-34.7,36.5,488(-6),2016104505, ,2016103690,G1,芝
2019-03-17,2中山8,曇,11,フジTVスプリングS(G2),201906020811,16,1,2,6.8,4,6,01093,56,1800,良,108.2,0.4,1-1-1-1,35.8-35.7,36.1,494(+2),2016101814, ,2016103690,G2,芝
2018-12-16,5阪神6,小雨,11,朝日フューチュリティ(G1),201809050611,15,1,1,77.4,9,2,01093,55,1600,良,94.2,0.3,4-4,35.3-34.4,34.0,492(+2),2016104422,"2,830.4",2016103690,G1,芝
2018-11-17,5東京5,晴,11,東京スポーツ杯2歳S(G3),201805050511,16,5,10,98.8,12,7,05386,55,1800,良,107.1,0.5,3-2-2,36.2-34.6,35.0,490(-2),2016103444, ,2016103690,G3,芝
2018-10-08,4京都3,晴,5,2歳新馬,201808040305,12,1,1,26.5,6,1,01165,53,1800,良,110.0,0.2,5-5,36.8-34.8,34.2,492(0),2016106007,700.0,2016103690,,芝
2019-12-21,5阪神7,曇,11,阪神C(G2),201909050711,18,3,5,2.1,1,1,05339,54,1400,良,79.4,0.8,8-8,33.9-34.2,33.5,474(0),2014110117,"6,827.4",2016104532,G2,芝
2019-04-07,2阪神6,晴,11,桜花賞(G1),201909020611,18,4,8,3.4,2,1,05339,55,1600,良,92.7,0.4,3-1,35.4-33.3,33.3,476(-6),2016102775,"12,982.9",2016104532,G1,芝
2018-12-16,5阪神6,小雨,11,朝日フューチュリティ(G1),201809050611,15,2,2,1.5,1,3,05339,54,1600,良,94.3,0.4,2-2,35.3-34.4,34.6,482(+6),2016104422,"1,815.2",2016104532,G1,芝
2018-10-06,4東京1,晴,11,サウジアラビアRC(G3),201805040111,8,4,4,1.3,1,1,05339,54,1600,良,94.0,0.6,2-2,36.8-34.1,34.0,476(+18),2016103631,"3,329.4",2016104532,G3,芝
2018-06-03,3東京2,晴,5,2歳新馬,201805030205,15,8,14,1.8,1,1,05339,54,1600,良,93.6,0.3,3-2,36.0-33.6,33.5,458(0),2016104867,700.0,2016104532,,芝
2020-02-02,2京都2,晴,11,シルクロードS(G3),202008020211,18,4,8,7.2,3,1,01088,55,1200,良,69.0,0.0,13-12,33.9-35.1,33.7,478(+4),2016103143,"3,965.8",2016104721,G3,芝
2019-11-24,5京都8,曇,12,京阪杯(G3),201908050812,18,6,11,11.7,6,4,01102,53,1200,良,69.3,0.5,12-10,34.2-34.6,33.9,474(+4),2015101599,590.0,2016104721,G3,芝
2019-10-14,4京都5,曇,11,夕刊フジ杯オパールS(L),201908040511,18,1,1,10.7,4,1,01102,52,1200,稍,69.2,0.0,9-7,34.0-35.2,34.6,470(+10),2015100772,"2,537.8",2016104721,L,芝
2019-06-30,3中京2,雨,11,CBC賞(G3),201907030211,13,8,13,5.7,3,8,01115,51,1200,不,70.7,0.9,13-13,34.9-34.9,34.9,460(+4),2014105982, ,2016104721,G3,芝
2019-05-25,3京都11,晴,11,葵S(G),201908031111,16,4,7,4.9,2,3,01088,55,1200,良,68.2,0.2,6-6,34.0-34.0,33.7,456(-2),2016104470,958.1,2016104721,G,芝
2019-04-07,2阪神6,晴,11,桜花賞(G1),201909020611,18,4,7,54.6,11,10,01077,55,1600,良,94.0,1.3,13-9,35.4-33.3,33.8,458(-4),2016104532, ,2016104721,G1,芝
2019-03-10,1阪神6,雨,11,フィリーズレビュー(G2),201909010611,18,3,5,3.0,1,7,01077,54,1400,稍,82.3,0.3,2-2,34.9-35.2,35.5,462(-2),2016106064, ,2016104721,G2,芝
2018-11-03,5東京1,晴,11,京王杯2歳S(G2),201805050111,8,5,5,1.7,1,2,05212,54,1400,良,84.7,0.0,5-7,38.0-33.5,32.8,464(+10),2016103137,"1,508.2",2016104721,G2,芝
2018-08-04,2新潟3,晴,8,ダリア賞(OP),201804020308,7,1,1,1.5,1,1,05212,54,1400,良,81.6,0.3,5-5,35.6-34.2,33.4,454(+4),2016106363,"1,616.1",2016104721,OP,芝
2018-06-09,3阪神3,晴,5,2歳新馬,201809030305,12,3,3,1.5,1,1,05212,54,1200,良,70.3,0.3,7-6,35.8-34.5,34.0,450(0),2016104057,700.0,2016104721,,芝
2020-01-18,1中山6,小雨,11,ニューイヤーS(L),202006010611,16,5,9,3.5,1,7,05517,56,1600,稍,96.3,0.5,5-4-8,35.8-36.4,36.6,496(+8),2015110013, ,2016104787,L,芝
2019-11-09,5東京3,晴,11,東京中日S杯武蔵野S(G3),201905050311,16,1,1,13.5,5,10,05271,56,1600,良,96.0,1.4,4-4,34.7-36.0,37.1,488(-6),2013102815, ,2016104787,G3,ダ
2019-09-08,4中山2,晴,11,京成杯オータムH(G3),201906040211,16,5,9,4.0,1,11,01126,55,1600,良,91.5,1.2,5-5-5,33.3-34.9,34.6,494(+4),2015104387, ,2016104787,G3,芝
2019-07-21,3中京8,曇,11,トヨタ賞中京記念(G3),201907030811,16,3,5,4.9,3,1,01126,52,1600,稍,93.6,0.0,4-7-7,35.3-35.6,34.6,490(+2),2016103690,"3,957.4",2016104787,G3,芝
2019-05-05,2東京6,晴,11,NHKマイルC(G1),201905020611,18,3,6,19.2,4,10,05585,57,1600,良,92.9,0.5,9-9,33.9-34.6,34.3,488(+2),2016104422, ,2016104787,G1,芝
2019-03-16,2中京3,晴,11,中スポ賞ファルコンS(G3),201907020311,15,7,13,6.0,3,2,01102,56,1400,良,81.0,0.1,8-9,34.2-35.0,34.4,486(-14),2016102692,"1,515.4",2016104787,G3,芝
2019-02-17,1東京8,晴,2,3歳500万下,201905010802,15,6,11,2.4,1,1,05212,56,1400,良,86.5,0.2,6-6,35.9-37.5,37.1,500(+8),2016100276,720.0,2016104787,,ダ
2018-10-20,4京都6,晴,6,2歳新馬,201808040606,11,6,6,2.3,1,1,05203,55,1400,良,86.2,0.9,4-3,35.2-38.8,38.0,492(0),2016100199,700.0,2016104787,,ダ
