date,where_racecourse,weather,race_round,race_title,race_id,total_horse_number,frame_number,horse_number,odds,popular,rank,rider_id,burden_weight,distance,ground_status,goal_time,goal_time_dif,half_way_rank,pace,last_time,horse_weight,runner-up-horse-id,horse_id,target_race_id,race_rank,horse_weight_dif,is_down,burden_weight_rate,ground_type,race_date
2022-02-13,9,2,11,京都記念(G2),202209010211,13,8,12,243.0,9,11,01174,57.0,2200,3,133.3,0.0,11.75,36.151044776119406,35,512,2015101654,2013105788,202209020411,2.0,4,0,0.111328125,2,2022-04-03
2021-11-28,5,0,12,ジャパンC(G1),202105050812,18,7,15,769.0,12,14,01116,57.0,2400,1,146.5,0.0,14.25,36.151044776119406,35,508,2017101835,2013105788,202209020411,3.0,2,0,0.11220472440944881,2,2022-04-03
2021-10-10,9,0,11,京都大賞典(G2),202109040211,14,5,8,321.0,9,1,01116,57.0,2400,1,144.5,0.0,7.5,36.151044776119406,36,506,2017105525,2013105788,202209020411,2.0,2,0,0.11264822134387352,2,2022-04-03
2021-05-02,9,0,11,天皇賞(春)(G1),202109021211,17,3,6,984.0,12,8,01116,58.0,3200,1,196.5,0.0,9.0,36.151044776119406,38,504,2016104854,2013105788,202209020411,0.0,2,0,0.11507936507936507,2,2022-04-03
2020-11-29,5,1,12,ジャパンC(G1),202005050912,15,7,12,2261.0,11,9,01122,57.0,2400,1,144.2,0.0,12.25,36.151044776119406,35,502,2015104961,2013105788,202209020411,3.0,8,0,0.11354581673306773,2,2022-04-03
2020-04-05,9,0,11,大阪杯(G1),202009020411,12,7,9,396.0,7,11,05596,57.0,2000,1,119.5,0.0,8.5,36.151044776119406,35,494,2015105046,2013105788,202209020411,3.0,-12,0,0.11538461538461539,2,2022-04-03
2019-11-24,5,1,11,ジャパンC(G1),201905050811,15,8,14,504.0,12,4,00666,57.0,2400,4,146.5,0.0,14.5,36.151044776119406,36,506,2014106083,2013105788,202209020411,3.0,2,0,0.11264822134387352,2,2022-04-03
2019-10-27,5,0,11,天皇賞(秋)(G1),201905040911,16,4,8,530.0,8,10,00666,58.0,2000,1,117.6,0.0,13.333333333333334,36.151044776119406,34,504,2015104961,2013105788,202209020411,0.0,-4,0,0.11507936507936507,2,2022-04-03
2019-06-23,9,1,11,宝塚記念(G1),201909030811,12,6,7,118.0,7,11,05203,58.0,2200,1,132.9,0.0,11.75,36.151044776119406,36,508,2014106220,2013105788,202209020411,3.0,2,0,0.1141732283464567,2,2022-04-03
2019-03-31,9,1,11,大阪杯(G1),201909020411,14,1,1,374.0,10,4,05203,57.0,2000,1,121.2,0.0,12.5,36.151044776119406,35,506,2014106046,2013105788,202209020411,3.0,-8,0,0.11264822134387352,2,2022-04-03
2019-02-10,8,0,11,京都記念(G2),201908020611,12,8,12,44.0,2,3,05203,57.0,2200,1,134.9,0.0,8.0,36.151044776119406,35,514,2014106010,2013105788,202209020411,2.0,10,0,0.11089494163424124,2,2022-04-03
2018-12-23,6,1,11,有馬記念(G1),201806050811,16,2,4,425.0,12,10,05203,57.0,2500,3,153.0,0.0,9.25,36.151044776119406,36,504,2015104882,2013105788,202209020411,3.0,10,0,0.1130952380952381,2,2022-04-03
2018-10-28,5,0,11,天皇賞(秋)(G1),201805040911,12,5,6,70.0,3,7,00666,58.0,2000,1,117.7,0.0,9.666666666666666,36.151044776119406,34,494,2014106201,2013105788,202209020411,0.0,-12,0,0.11740890688259109,2,2022-04-03
2018-08-19,1,1,11,札幌記念(G2),201801020211,16,3,5,43.0,1,2,05339,57.0,2000,3,121.1,0.0,13.25,36.151044776119406,36,506,2014105304,2013105788,202209020411,2.0,6,0,0.11264822134387352,2,2022-04-03
2017-11-26,5,0,11,ジャパンC(G1),201705050811,17,6,11,150.0,6,4,00422,57.0,2400,1,144.6,0.0,11.5,36.151044776119406,35,500,2012104759,2013105788,202209020411,3.0,-4,0,0.114,2,2022-04-03
2017-10-29,5,4,11,天皇賞(秋)(G1),201705040911,18,7,15,226.0,9,5,00422,58.0,2000,3,129.5,0.0,15.666666666666666,36.151044776119406,39,504,2012102013,2013105788,202209020411,0.0,2,0,0.11507936507936507,2,2022-04-03
2017-10-08,5,1,11,毎日王冠(G2),201705040211,12,2,2,56.0,2,6,00422,57.0,1800,1,105.9,0.0,5.666666666666667,36.151044776119406,33,502,2012104889,2013105788,202209020411,2.0,0,0,0.11354581673306773,2,2022-04-03
2017-04-02,9,0,11,大阪杯(G1),201709020411,14,8,14,38.0,2,4,05339,57.0,2000,1,119.3,0.0,11.5,36.151044776119406,34,502,2012102013,2013105788,202209020411,3.0,0,0,0.11354581673306773,2,2022-04-03
2017-02-12,8,0,11,京都記念(G2),201708020611,10,3,3,17.0,1,3,05366,57.0,2200,3,134.3,0.0,4.75,36.151044776119406,35,502,2012104668,2013105788,202209020411,2.0,0,0,0.11354581673306773,2,2022-04-03
2016-05-29,5,0,10,東京優駿(G1),201605021210,18,2,3,40.0,3,1,01088,57.0,2400,1,144.0,0.0,7.75,36.151044776119406,33,502,2013106101,2013105788,202209020411,3.0,4,0,0.11354581673306773,2,2022-04-03
2016-04-17,6,0,11,皐月賞(G1),201606030811,18,2,3,37.0,3,2,01088,57.0,2000,1,118.1,0.0,15.5,36.151044776119406,34,498,2013104704,2013105788,202209020411,3.0,2,0,0.1144578313253012,2,2022-04-03
2016-03-06,6,1,11,報知杯弥生賞(G2),201606020411,12,8,11,26.0,2,1,05339,56.0,2000,1,119.9,0.0,9.5,36.151044776119406,34,496,2013105915,2013105788,202209020411,2.0,0,0,0.11290322580645161,2,2022-04-03
2016-01-23,8,1,10,若駒S(OP),201608010710,8,5,5,16.0,1,1,05339,56.0,2000,1,122.4,0.0,5.0,36.151044776119406,33,496,2013102360,2013105788,202209020411,0.0,-10,0,0.11290322580645161,2,2022-04-03
2015-10-18,8,0,5,2歳新馬,201508040505,11,5,5,16.0,1,1,05212,55.0,1800,1,107.7,0.0,5.0,36.151044776119406,34,506,2013105832,2013105788,202209020411,,0,0,0.10869565217391304,2,2022-04-03
2022-02-13,9,2,11,京都記念(G2),202209010211,13,7,11,515.0,12,1,01124,56.0,2200,3,131.9,0.0,1.0,36.151044776119406,35,468,2016100527,2015101654,202209020411,2.0,0,0,0.11965811965811966,2,2022-04-03
2022-01-16,7,0,11,日経新春杯(G2),202207010611,16,4,7,879.0,12,5,01124,55.0,2200,1,132.6,0.0,2.5,36.151044776119406,36,468,2018105012,2015101654,202209020411,2.0,4,0,0.11752136752136752,2,2022-04-03
2021-12-11,7,1,11,中日新聞杯(G3),202107060311,18,3,6,1540.0,17,2,01124,54.0,2000,1,119.9,0.0,2.0,36.151044776119406,35,464,2016102929,2015101654,202209020411,1.0,-4,0,0.11637931034482758,2,2022-04-03
2021-10-17,5,1,11,オクトーバーS(L),202105040411,18,6,11,739.0,16,8,01124,56.0,2000,3,120.9,0.0,8.0,36.151044776119406,36,468,2017106711,2015101654,202209020411,0.0,-4,0,0.11965811965811966,2,2022-04-03
2021-09-18,7,1,11,ケフェウスS(OP),202107050311,13,6,9,504.0,12,9,01116,54.0,2000,4,121.9,0.0,8.25,36.151044776119406,35,472,2017104756,2015101654,202209020411,0.0,-2,0,0.11440677966101695,2,2022-04-03
2021-06-05,7,1,11,鳴尾記念(G3),202107040111,13,2,2,880.0,11,10,01116,56.0,2000,1,121.9,0.0,12.5,36.151044776119406,34,474,2016110103,2015101654,202209020411,1.0,4,0,0.11814345991561181,2,2022-04-03
2021-05-15,7,0,11,都大路S(L),202107030311,11,7,10,75.0,4,7,01116,56.0,2000,1,120.0,0.0,4.75,36.151044776119406,35,470,2013105646,2015101654,202209020411,0.0,-6,0,0.11914893617021277,2,2022-04-03
2021-03-07,9,1,11,大阪城S(L),202109010811,16,6,11,251.0,10,10,05525,55.0,1800,1,106.9,0.0,3.0,36.151044776119406,35,476,2016104851,2015101654,202209020411,0.0,6,0,0.11554621848739496,2,2022-04-03
2021-01-30,5,0,11,白富士S(L),202105010111,13,4,4,633.0,10,4,01075,56.0,2000,1,119.2,0.0,10.333333333333334,36.151044776119406,34,470,2017105376,2015101654,202209020411,0.0,4,0,0.11914893617021277,2,2022-04-03
2020-06-28,9,1,11,宝塚記念(G1),202009030811,18,2,4,4135.0,17,18,05525,58.0,2200,3,141.8,0.0,9.5,36.151044776119406,44,466,2016104750,2015101654,202209020411,3.0,2,0,0.12446351931330472,2,2022-04-03
2020-05-31,5,1,12,目黒記念(G2),202005021212,18,4,8,286.0,11,11,01014,55.0,2500,1,150.3,0.0,11.0,36.151044776119406,36,464,2016104376,2015101654,202209020411,2.0,0,0,0.11853448275862069,2,2022-04-03
2020-05-09,5,1,10,メトロポリタンS(L),202005020510,11,6,6,61.0,4,10,01075,56.0,2400,1,146.6,0.0,3.5,36.151044776119406,34,464,2015104671,2015101654,202209020411,0.0,-2,0,0.1206896551724138,2,2022-04-03
2020-01-19,8,1,11,日経新春杯(G2),202008010711,14,8,13,54.0,3,11,01014,55.0,2400,1,148.1,0.0,4.5,36.151044776119406,36,466,2016100915,2015101654,202209020411,2.0,2,0,0.11802575107296137,2,2022-04-03
2019-11-03,5,1,11,アルゼンチン共和国杯(G2),201905050211,13,1,1,28.0,1,3,05339,55.0,2500,1,151.7,0.0,7.5,36.151044776119406,34,464,2014106081,2015101654,202209020411,2.0,-4,0,0.11853448275862069,2,2022-04-03
2019-10-06,5,1,9,六社S(3勝クラス),201905040209,15,4,6,39.0,2,1,01014,56.0,2400,1,145.8,0.0,3.5,36.151044776119406,34,468,2015100831,2015101654,202209020411,0.0,6,0,0.11965811965811966,2,2022-04-03
2019-07-13,7,2,11,マレーシアC(3勝クラス),201907030511,10,4,4,36.0,2,4,01088,57.0,2000,3,120.9,0.0,3.25,36.151044776119406,34,462,2015104188,2015101654,202209020411,0.0,-4,0,0.12337662337662338,2,2022-04-03
2019-04-29,8,1,10,烏丸S(1600万下),201908030410,12,1,1,32.0,1,2,01154,56.0,2400,1,145.4,0.0,2.0,36.151044776119406,34,466,2015104897,2015101654,202209020411,0.0,0,0,0.12017167381974249,2,2022-04-03
2019-03-31,9,1,10,御堂筋S(1600万下),201909020410,9,3,3,41.0,3,4,01154,55.0,2400,1,146.2,0.0,2.5,36.151044776119406,36,466,2015104649,2015101654,202209020411,0.0,2,0,0.11802575107296137,2,2022-04-03
2019-01-13,8,0,11,日経新春杯(G2),201908010411,16,2,4,75.0,4,15,05517,52.0,2400,1,149.3,0.0,5.5,36.151044776119406,40,464,2015104063,2015101654,202209020411,2.0,4,0,0.11206896551724138,2,2022-04-03
2018-10-21,8,0,11,菊花賞(G1),201808040711,18,5,10,245.0,9,12,01154,57.0,3000,1,187.8,0.0,4.5,36.151044776119406,36,460,2015105075,2015101654,202209020411,3.0,-2,0,0.12391304347826088,2,2022-04-03
2018-10-02,9,0,9,兵庫特別(1000万下),201809040909,8,7,7,17.0,1,1,01154,53.0,2400,1,146.8,0.0,2.0,36.151044776119406,34,462,2014105970,2015101654,202209020411,0.0,0,0,0.11471861471861472,2,2022-04-03
2018-07-22,7,0,9,渥美特別(500万下),201807030809,14,8,13,65.0,4,1,01154,54.0,2200,1,131.9,0.0,2.75,36.151044776119406,36,462,2014102453,2015101654,202209020411,0.0,0,0,0.11688311688311688,2,2022-04-03
2018-05-19,8,0,9,メルボルンT(500万下),201808030909,10,4,4,71.0,5,2,01154,56.0,2200,1,134.9,0.0,2.0,36.151044776119406,37,462,2015104889,2015101654,202209020411,0.0,2,0,0.12121212121212122,2,2022-04-03
2018-04-29,8,0,4,3歳未勝利,201808030404,11,4,4,105.0,5,1,01154,56.0,2400,1,147.1,0.0,8.25,36.151044776119406,34,460,2015103979,2015101654,202209020411,,-6,0,0.12173913043478261,2,2022-04-03
2018-02-18,8,0,5,3歳未勝利,201808020805,13,3,3,164.0,5,6,01034,56.0,2000,1,123.2,0.0,4.5,36.151044776119406,38,466,2015104868,2015101654,202209020411,,-2,0,0.12017167381974249,2,2022-04-03
2018-01-20,8,0,6,3歳未勝利,201808010606,15,2,2,1160.0,11,4,01154,56.0,2000,3,124.0,0.0,7.5,36.151044776119406,35,468,2015105110,2015101654,202209020411,,-18,0,0.11965811965811966,2,2022-04-03
2017-12-23,9,0,5,2歳新馬,201709050705,12,6,7,270.0,7,9,01034,55.0,2000,1,127.1,0.0,7.0,36.151044776119406,34,486,2015104987,2015101654,202209020411,,0,0,0.11316872427983539,2,2022-04-03
2022-02-27,6,0,11,中山記念(G2),202206020211,16,2,4,133.0,5,6,05212,56.0,1800,1,107.7,0.8000000000000114,13.25,36.151044776119406,37,472,2017106711,2016102201,202209020411,2.0,4,0,0.11864406779661017,2,2022-04-03
2021-11-14,3,0,11,福島記念(G3),202103020411,16,6,12,91.0,6,2,00733,55.0,2000,1,119.8,0.0,6.0,36.151044776119406,36,468,2017106711,2016102201,202209020411,1.0,10,0,0.11752136752136752,2,2022-04-03
2021-10-10,9,0,11,京都大賞典(G2),202109040211,14,4,6,139.0,7,10,00732,56.0,2400,1,145.3,0.0,6.25,36.151044776119406,37,458,2013105788,2016102201,202209020411,2.0,-10,0,0.1222707423580786,2,2022-04-03
2021-08-15,10,1,11,小倉記念(G3),202110040211,9,7,7,71.0,5,2,00732,55.0,2000,3,119.8,0.0,5.25,36.151044776119406,35,468,2017106161,2016102201,202209020411,1.0,6,0,0.11752136752136752,2,2022-04-03
2021-06-13,5,1,11,エプソムC(G3),202105030411,18,3,6,316.0,11,6,00733,56.0,1800,1,105.6,0.0,14.0,36.151044776119406,34,462,2016104772,2016102201,202209020411,1.0,-12,0,0.12121212121212122,2,2022-04-03
2021-05-09,4,0,11,新潟大賞典(G3),202104020211,14,4,6,68.0,4,11,00733,55.0,2000,1,120.4,0.0,10.0,36.151044776119406,38,474,2015102735,2016102201,202209020411,1.0,8,0,0.1160337552742616,2,2022-04-03
2021-03-27,6,0,11,日経賞(G2),202106030111,15,1,1,274.0,8,4,00733,56.0,2500,1,153.9,0.0,8.75,36.151044776119406,35,466,2017101431,2016102201,202209020411,2.0,2,0,0.12017167381974249,2,2022-04-03
2021-02-20,5,0,11,ダイヤモンドS(G3),202105010711,16,2,4,76.0,3,5,00733,55.0,3400,1,212.3,0.0,3.25,36.151044776119406,36,464,2015104797,2016102201,202209020411,1.0,2,0,0.11853448275862069,2,2022-04-03
2020-12-05,6,2,11,ステイヤーズS(G2),202006050111,15,5,9,108.0,6,5,00733,56.0,3600,3,232.6,0.0,6.5,36.151044776119406,35,462,2016101209,2016102201,202209020411,2.0,0,0,0.12121212121212122,2,2022-04-03
2020-11-07,5,1,10,ノベンバーS(3勝クラス),202005050110,15,6,11,472.0,12,1,00733,57.0,1800,1,106.7,0.0,10.666666666666666,36.151044776119406,33,462,2015105091,2016102201,202209020411,0.0,0,0,0.12337662337662338,2,2022-04-03
2020-08-22,4,0,11,日本海S(3勝クラス),202004030311,16,5,10,126.0,7,6,01169,57.0,2200,1,134.5,0.0,4.75,36.151044776119406,37,462,2015101645,2016102201,202209020411,0.0,0,0,0.12337662337662338,2,2022-04-03
2020-07-19,3,0,9,信夫山特別(2勝クラス),202003020609,16,3,5,283.0,10,1,00733,54.0,2600,1,160.6,0.0,7.0,36.151044776119406,36,462,2016104965,2016102201,202209020411,0.0,-4,0,0.11688311688311688,2,2022-04-03
2020-06-14,5,1,9,八王子特別(2勝クラス),202005030409,16,1,2,224.0,9,8,01075,57.0,2100,3,130.5,0.0,8.5,36.151044776119406,37,466,2015102764,2016102201,202209020411,0.0,-6,0,0.1223175965665236,1,2022-04-03
2020-05-24,5,0,12,是政特別(2勝クラス),202005021012,16,7,13,401.0,9,4,01126,57.0,2100,1,133.7,0.0,4.25,36.151044776119406,38,472,2016101055,2016102201,202209020411,0.0,6,0,0.12076271186440678,1,2022-04-03
2020-03-14,6,5,12,4歳以上2勝クラス,202006020512,16,8,15,206.0,7,8,05596,56.0,2400,3,153.8,0.0,4.25,36.151044776119406,39,466,2015100274,2016102201,202209020411,,-4,0,0.12017167381974249,1,2022-04-03
2020-02-16,10,1,9,4歳以上1勝クラス,202010011009,14,8,14,64.0,5,1,01144,56.0,1700,3,104.9,0.0,7.25,36.151044776119406,37,470,2015101624,2016102201,202209020411,,-2,0,0.11914893617021277,1,2022-04-03
2020-01-11,8,0,8,4歳以上1勝クラス,202008010308,11,7,9,198.0,8,4,01144,56.0,1900,3,121.3,0.0,4.25,36.151044776119406,38,472,2016101847,2016102201,202209020411,,0,0,0.11864406779661017,1,2022-04-03
2019-12-22,9,1,7,3歳以上1勝クラス,201909050807,16,7,14,194.0,8,5,01144,56.0,2000,1,127.8,0.0,6.75,36.151044776119406,39,472,2015101581,2016102201,202209020411,,-8,0,0.11864406779661017,1,2022-04-03
2019-11-30,7,0,5,3歳以上1勝クラス,201907040105,10,1,1,559.0,10,6,01144,55.0,1900,1,121.5,0.0,9.5,36.151044776119406,38,480,2014102503,2016102201,202209020411,,4,0,0.11458333333333333,1,2022-04-03
2019-05-25,8,0,6,3歳500万下,201908031106,16,7,13,639.0,13,15,01032,56.0,1800,1,115.5,0.0,11.75,36.151044776119406,39,476,2016103084,2016102201,202209020411,,0,0,0.11764705882352941,1,2022-04-03
2019-04-20,8,0,3,3歳未勝利,201908030103,16,6,12,475.0,9,1,01032,56.0,1900,1,122.3,0.0,3.0,36.151044776119406,39,476,2016102533,2016102201,202209020411,,-2,0,0.11764705882352941,1,2022-04-03
2019-03-23,7,1,2,3歳未勝利,201907020502,16,8,16,965.0,12,7,01146,56.0,1900,1,124.2,0.0,10.5,36.151044776119406,39,478,2016103084,2016102201,202209020411,,-12,0,0.11715481171548117,1,2022-04-03
2019-01-13,8,0,6,3歳新馬,201908010406,16,4,7,1406.0,13,12,01032,56.0,2000,1,127.0,0.0,9.25,36.151044776119406,39,490,2016104413,2016102201,202209020411,,0,0,0.11428571428571428,2,2022-04-03
2022-03-13,7,1,11,金鯱賞(G2),202207020211,13,1,1,385.0,11,6,05203,56.0,2000,1,118.0,-0.20000000000000284,9.5,36.151044776119406,35,454,2018100274,2016102929,202209020411,2.0,-4,0,0.12334801762114538,2,2022-04-03
2022-01-16,7,0,11,日経新春杯(G2),202207010611,16,6,11,319.0,7,12,01163,57.0,2200,1,133.5,0.0,2.0,36.151044776119406,37,458,2018105012,2016102929,202209020411,2.0,6,0,0.12445414847161572,2,2022-04-03
2021-12-11,7,1,11,中日新聞杯(G3),202107060311,18,1,2,197.0,8,1,05203,55.0,2000,1,119.8,0.7999999999999972,1.0,36.151044776119406,35,452,2015101654,2016102929,202209020411,1.0,6,0,0.12168141592920353,2,2022-04-03
2021-09-18,7,1,11,ケフェウスS(OP),202107050311,13,1,1,98.0,5,8,05203,55.0,2000,4,121.7,0.0,3.75,36.151044776119406,35,446,2017104756,2016102929,202209020411,0.0,0,0,0.12331838565022421,2,2022-04-03
2021-09-05,4,0,11,新潟記念(G3),202104040811,17,2,3,212.0,9,14,05386,55.0,2000,1,119.4,-0.6000000000000085,1.0,36.151044776119406,35,446,2015100744,2016102929,202209020411,1.0,-2,0,0.12331838565022421,2,2022-04-03
2021-08-15,10,1,11,小倉記念(G3),202110040211,9,5,5,65.0,3,5,05203,55.0,2000,3,120.6,-0.4000000000000057,3.25,36.151044776119406,36,448,2017106161,2016102929,202209020411,1.0,0,0,0.12276785714285714,2,2022-04-03
2021-07-11,3,1,11,七夕賞(G3),202103010411,16,3,6,161.0,9,3,05203,55.0,2000,3,122.4,0.0,7.0,36.151044776119406,37,448,2016106518,2016102929,202209020411,1.0,0,0,0.12276785714285714,2,2022-04-03
2021-06-05,7,1,11,鳴尾記念(G3),202107040111,13,6,8,241.0,9,2,01032,56.0,2000,1,121.3,0.0,2.0,36.151044776119406,34,448,2016110103,2016102929,202209020411,1.0,4,0,0.125,2,2022-04-03
2021-05-15,7,0,11,都大路S(L),202107030311,11,8,11,59.0,3,3,01032,56.0,2000,1,119.6,0.0,1.0,36.151044776119406,35,444,2013105646,2016102929,202209020411,0.0,-12,0,0.12612612612612611,2,2022-04-03
2021-04-18,4,4,11,福島民報杯(L),202104010411,16,6,11,124.0,6,16,01157,54.0,2000,3,128.4,0.0,1.0,36.151044776119406,44,456,2016100752,2016102929,202209020411,0.0,6,0,0.11842105263157894,2,2022-04-03
2021-02-21,10,0,11,小倉大賞典(G3),202110020411,16,7,13,153.0,6,15,05203,54.0,1800,1,106.8,0.0,8.75,36.151044776119406,36,450,2014102157,2016102929,202209020411,1.0,6,0,0.12,2,2022-04-03
2021-01-05,6,1,11,日刊スポ賞中山金杯(G3),202106010111,17,3,5,204.0,8,13,01092,54.0,2000,1,121.9,0.0,9.5,36.151044776119406,35,444,2016104877,2016102929,202209020411,1.0,-2,0,0.12162162162162163,2,2022-04-03
2020-12-12,7,0,11,中日新聞杯(G3),202007030311,18,2,4,184.0,8,4,05203,54.0,2000,1,120.4,0.0,4.5,36.151044776119406,34,446,2016104618,2016102929,202209020411,1.0,6,0,0.1210762331838565,2,2022-04-03
2020-10-03,7,1,10,関ケ原S(3勝クラス),202007020810,11,7,8,117.0,5,1,05203,57.0,2000,1,121.4,0.0,2.0,36.151044776119406,34,440,2016104649,2016102929,202209020411,0.0,0,0,0.12954545454545455,2,2022-04-03
2020-08-16,10,0,11,小倉記念(G3),202010020211,14,7,12,219.0,8,7,01157,53.0,2000,1,118.2,0.0,6.5,36.151044776119406,36,440,2015100969,2016102929,202209020411,1.0,-2,0,0.12045454545454545,2,2022-04-03
2020-07-18,3,1,11,阿武隈S(3勝クラス),202003020511,16,7,14,40.0,2,13,01122,56.0,2000,3,123.0,0.0,1.5,36.151044776119406,38,442,2014102243,2016102929,202209020411,0.0,-6,0,0.12669683257918551,2,2022-04-03
2020-06-21,9,0,10,垂水S(3勝クラス),202009030610,16,7,14,77.0,4,2,01154,57.0,2000,1,119.4,0.0,2.0,36.151044776119406,36,448,2016105198,2016102929,202209020411,0.0,10,0,0.12723214285714285,2,2022-04-03
2020-04-04,9,0,10,明石特別(2勝クラス),202009020310,14,6,9,41.0,2,1,05203,57.0,2000,1,119.7,0.0,4.25,36.151044776119406,35,438,2014101349,2016102929,202209020411,0.0,-6,0,0.13013698630136986,2,2022-04-03
2020-03-22,9,0,9,須磨特別(2勝クラス),202009010909,9,7,7,70.0,3,3,01157,57.0,1800,1,106.3,0.0,2.0,36.151044776119406,34,444,2014102330,2016102929,202209020411,0.0,8,0,0.12837837837837837,2,2022-04-03
2020-01-11,8,0,10,逢坂山特別(2勝クラス),202008010310,12,7,9,183.0,5,2,01157,56.0,1800,1,109.4,0.0,2.0,36.151044776119406,35,436,2016104629,2016102929,202209020411,0.0,0,0,0.12844036697247707,2,2022-04-03
2019-12-28,9,0,10,フォーチュンC(2勝クラス),201909050910,16,5,9,173.0,7,3,01157,54.0,2000,1,121.5,0.0,3.0,36.151044776119406,35,436,2016104851,2016102929,202209020411,0.0,0,0,0.12385321100917432,2,2022-04-03
2019-10-20,8,0,9,北野特別(2勝クラス),201908040709,10,3,3,149.0,5,5,01163,55.0,2000,1,122.0,0.0,2.5,36.151044776119406,35,436,2015100969,2016102929,202209020411,0.0,-2,0,0.12614678899082568,2,2022-04-03
2019-09-29,9,0,9,兵庫特別(2勝クラス),201909040909,9,6,6,68.0,4,9,01163,53.0,2400,1,147.0,0.0,1.0,36.151044776119406,37,438,2016104946,2016102929,202209020411,0.0,0,0,0.12100456621004566,2,2022-04-03
2019-09-15,9,0,9,能勢特別(2勝クラス),201909040409,8,7,7,83.0,5,2,01163,54.0,2000,1,121.1,0.0,1.0,36.151044776119406,35,438,2016104225,2016102929,202209020411,0.0,6,0,0.1232876712328767,2,2022-04-03
2019-06-30,7,4,8,3歳以上1勝クラス,201907030208,11,6,6,148.0,5,1,01154,54.0,2000,4,122.2,0.0,1.0,36.151044776119406,36,432,2016104357,2016102929,202209020411,,-6,0,0.125,2,2022-04-03
2019-04-14,9,2,6,3歳500万下,201909020806,11,3,3,78.0,5,7,01163,55.0,2000,3,123.5,0.0,2.0,36.151044776119406,36,438,2016105136,2016102929,202209020411,,-6,0,0.12557077625570776,2,2022-04-03
2019-03-24,9,1,5,3歳未勝利,201909020205,18,6,11,697.0,10,1,01163,55.0,1800,1,107.4,0.0,1.0,36.151044776119406,36,444,2016103937,2016102929,202209020411,,0,0,0.12387387387387387,2,2022-04-03
2022-01-23,6,1,11,アメリカジョッキーC(G2),202206010811,14,1,1,78.0,3,1,00660,56.0,2200,1,132.7,0.0,11.5,36.151044776119406,35,496,2015100744,2016104376,202209020411,2.0,-8,0,0.11290322580645161,2,2022-04-03
2021-12-11,7,1,11,中日新聞杯(G3),202107060311,18,8,16,80.0,4,5,00660,57.0,2000,1,120.1,-0.700000000000017,3.75,36.151044776119406,35,504,2016102929,2016104376,202209020411,1.0,10,0,0.1130952380952381,2,2022-04-03
2021-09-26,6,1,11,産経賞オールカマー(G2),202106040711,16,5,10,154.0,6,9,00660,56.0,2200,1,132.9,0.0,9.0,36.151044776119406,36,494,2017101431,2016104376,202209020411,2.0,2,0,0.11336032388663968,2,2022-04-03
2020-10-11,8,0,11,京都大賞典(G2),202008040211,17,8,17,52.0,2,3,00660,57.0,2400,3,145.9,0.0,10.75,36.151044776119406,34,492,2015104063,2016104376,202209020411,2.0,0,0,0.11585365853658537,2,2022-04-03
2020-05-31,5,1,12,目黒記念(G2),202005021212,18,3,5,41.0,1,1,00660,54.0,2500,1,149.6,0.0,14.0,36.151044776119406,35,492,2015104689,2016104376,202209020411,2.0,2,0,0.10975609756097561,2,2022-04-03
2020-04-04,6,0,10,湾岸S(3勝クラス),202006030310,17,3,5,36.0,1,1,00660,55.0,2200,1,133.6,0.0,4.0,36.151044776119406,34,490,2016104670,2016104376,202209020411,0.0,0,0,0.11224489795918367,2,2022-04-03
2020-03-07,6,1,9,潮来特別(2勝クラス),202006020309,9,8,8,65.0,3,1,00660,56.0,2500,1,154.7,0.0,2.0,36.151044776119406,35,490,2016104451,2016104376,202209020411,0.0,6,0,0.11428571428571428,2,2022-04-03
2020-01-06,8,0,7,4歳以上1勝クラス,202008010207,15,8,14,132.0,6,1,00660,56.0,2000,1,122.8,0.0,2.5,36.151044776119406,36,484,2016102133,2016104376,202209020411,,4,0,0.11570247933884298,2,2022-04-03
2019-10-21,5,1,7,3歳以上1勝クラス,201905040407,15,2,2,46.0,2,6,05203,55.0,1600,1,93.6,0.0,9.0,36.151044776119406,35,480,2015101602,2016104376,202209020411,,2,0,0.11458333333333333,2,2022-04-03
2019-09-07,9,0,12,3歳以上1勝クラス,201909040112,13,2,2,119.0,3,2,05203,55.0,1600,1,93.5,0.0,11.0,36.151044776119406,34,478,2016105067,2016104376,202209020411,,4,0,0.11506276150627615,2,2022-04-03
2019-04-06,9,0,6,3歳500万下,201909020506,11,7,9,27.0,1,8,05203,56.0,1600,1,96.4,0.0,10.0,36.151044776119406,33,474,2016105026,2016104376,202209020411,,2,0,0.11814345991561181,2,2022-04-03
2019-03-23,9,1,11,毎日杯(G3),201909020111,13,4,4,193.0,9,9,01018,56.0,1800,1,108.2,0.0,6.0,36.151044776119406,35,472,2016106252,2016104376,202209020411,1.0,-2,0,0.11864406779661017,2,2022-04-03
2019-03-03,9,1,5,3歳未勝利,201909010405,16,3,6,62.0,2,1,05203,56.0,1600,1,94.0,0.0,10.0,36.151044776119406,34,474,2016102636,2016104376,202209020411,,-8,0,0.11814345991561181,2,2022-04-03
2019-02-10,8,0,5,3歳未勝利,201908020605,16,4,8,123.0,6,2,05203,56.0,1600,1,96.1,0.0,11.5,36.151044776119406,36,482,2016101718,2016104376,202209020411,,6,0,0.11618257261410789,2,2022-04-03
2018-12-02,9,0,2,2歳未勝利,201809050202,13,4,5,25.0,1,6,01088,55.0,1400,1,87.2,0.0,5.0,36.151044776119406,39,476,2016102472,2016104376,202209020411,,-6,0,0.11554621848739496,1,2022-04-03
2018-11-11,8,0,1,2歳未勝利,201808050401,14,3,3,77.0,5,6,05212,55.0,1200,3,73.9,0.0,14.0,36.151044776119406,37,482,2016110061,2016104376,202209020411,,-4,0,0.11410788381742738,1,2022-04-03
2018-10-21,5,0,4,2歳新馬,201805040704,18,1,1,74.0,4,5,01150,55.0,1400,1,84.3,-5.5,3.0,36.151044776119406,35,486,2016101443,2016104376,202209020411,,0,0,0.11316872427983539,2,2022-04-03
2021-10-31,5,1,11,天皇賞(秋)(G1),202105040811,16,8,15,404.0,7,5,01126,58.0,2000,1,118.7,0.0,7.666666666666667,36.151044776119406,34,492,2018105027,2016104877,202209020411,0.0,2,0,0.11788617886178862,2,2022-04-03
2021-02-28,6,0,11,中山記念(G2),202106020211,14,5,8,25.0,1,1,01126,56.0,1800,1,104.9,0.0,4.0,36.151044776119406,34,490,2016104414,2016104877,202209020411,2.0,-6,0,0.11428571428571428,2,2022-04-03
2021-01-05,6,1,11,日刊スポ賞中山金杯(G3),202106010111,17,5,9,31.0,1,1,01126,54.0,2000,1,120.9,0.0,6.0,36.151044776119406,35,496,2017105508,2016104877,202209020411,1.0,2,0,0.10887096774193548,2,2022-04-03
2020-11-29,5,1,11,ウェルカムS(3勝クラス),202005050911,16,6,12,89.0,5,1,01126,55.0,2000,1,120.7,0.0,3.6666666666666665,36.151044776119406,34,494,2017102192,2016104877,202209020411,0.0,6,0,0.11133603238866396,2,2022-04-03
2020-04-26,5,0,9,石和特別(2勝クラス),202005020209,10,8,10,19.0,1,1,05585,57.0,1800,1,108.0,0.0,3.3333333333333335,36.151044776119406,34,488,2016104262,2016104877,202209020411,0.0,-4,0,0.1168032786885246,2,2022-04-03
2020-02-29,6,0,10,富里特別(2勝クラス),202006020110,12,6,7,20.0,1,2,05517,56.0,1800,1,108.4,0.0,4.0,36.151044776119406,35,492,2016104634,2016104877,202209020411,0.0,-6,0,0.11382113821138211,2,2022-04-03
2020-01-18,6,2,12,4歳以上2勝クラス,202006010612,10,5,5,32.0,1,2,05517,56.0,1800,3,111.6,0.0,3.25,36.151044776119406,36,498,2016105056,2016104877,202209020411,,10,0,0.11244979919678715,2,2022-04-03
2019-06-30,3,2,11,ラジオNIKKEI賞(G3),201903020211,16,5,9,56.0,1,9,05212,54.0,1800,3,111.0,0.0,10.5,36.151044776119406,37,488,2016102396,2016104877,202209020411,1.0,6,0,0.11065573770491803,2,2022-04-03
2019-03-17,6,1,11,フジTVスプリングS(G2),201906020811,16,4,8,60.0,3,5,05517,56.0,1800,1,108.0,0.0,2.0,36.151044776119406,36,482,2016101814,2016104877,202209020411,2.0,-16,0,0.11618257261410789,2,2022-04-03
2019-01-19,6,0,9,若竹賞(500万下),201906010609,8,4,4,19.0,1,1,05517,56.0,1800,1,110.4,0.0,1.0,36.151044776119406,35,498,2016104596,2016104877,202209020411,0.0,8,0,0.11244979919678715,2,2022-04-03
2018-12-15,6,0,7,2歳未勝利,201806050507,18,5,10,15.0,1,1,05339,55.0,2000,1,121.5,-0.10000000000002274,1.0,36.151044776119406,37,490,2016105515,2016104877,202209020411,,-6,0,0.11224489795918367,2,2022-04-03
2018-11-25,5,0,4,2歳新馬,201805050804,11,6,7,52.0,3,2,05366,55.0,1800,1,109.6,-0.29999999999999716,3.3333333333333335,36.151044776119406,33,496,2016105239,2016104877,202209020411,,0,0,0.11088709677419355,2,2022-04-03
2022-02-20,10,0,11,小倉大賞典(G3),202210020411,16,3,6,81.0,5,5,01180,55.0,1800,3,109.7,0.0,13.75,36.151044776119406,36,462,2018104960,2016105681,202209020411,1.0,-2,0,0.11904761904761904,2,2022-04-03
2022-01-05,6,0,11,日刊スポ賞中山金杯(G3),202206010111,17,8,17,193.0,7,2,01077,54.0,2000,1,120.5,0.5,9.0,36.151044776119406,36,464,2015104417,2016105681,202209020411,1.0,2,0,0.11637931034482758,2,2022-04-03
2021-12-04,9,1,11,チャレンジC(G3),202109060111,11,5,5,787.0,8,5,01180,56.0,2000,1,121.8,0.0,9.0,36.151044776119406,34,462,2018104662,2016105681,202209020411,1.0,0,0,0.12121212121212122,2,2022-04-03
2021-11-13,9,1,9,岸和田S(3勝クラス),202109050309,11,8,11,314.0,9,1,01180,54.0,2000,1,121.1,0.0,8.0,36.151044776119406,35,462,2017105285,2016105681,202209020411,0.0,2,0,0.11688311688311688,2,2022-04-03
2021-10-24,9,1,10,元町S(3勝クラス),202109040610,14,7,11,265.0,9,8,01126,57.0,1600,1,94.2,0.0,13.0,36.151044776119406,33,460,2017110138,2016105681,202209020411,0.0,4,0,0.12391304347826088,2,2022-04-03
2021-07-11,3,1,11,七夕賞(G3),202103010411,16,6,11,168.0,10,10,01122,52.0,2000,3,122.9,0.0,11.5,36.151044776119406,37,456,2016106518,2016105681,202209020411,1.0,0,0,0.11403508771929824,2,2022-04-03
2021-06-19,9,2,9,皆生特別(2勝クラス),202109030109,7,1,1,58.0,3,1,05203,57.0,1600,4,95.9,0.0,7.0,36.151044776119406,35,456,2018103027,2016105681,202209020411,0.0,-2,0,0.125,2,2022-04-03
2021-01-31,7,0,9,刈谷特別(2勝クラス),202107011009,11,6,7,94.0,4,9,01126,57.0,1600,1,94.9,0.0,11.0,36.151044776119406,35,458,2017100440,2016105681,202209020411,0.0,0,0,0.12445414847161572,2,2022-04-03
2021-01-10,7,0,9,渥美特別(2勝クラス),202107010309,16,6,12,191.0,8,9,01174,55.0,2000,1,120.7,0.0,12.75,36.151044776119406,35,458,2016104858,2016105681,202209020411,0.0,-2,0,0.12008733624454149,2,2022-04-03
2020-12-26,9,0,7,ヤングJSFR阪神1(1勝クラス),202009060707,16,2,4,133.0,7,1,05583,57.0,1600,1,93.8,0.0,8.0,36.151044776119406,35,460,2017105283,2016105681,202209020411,0.0,4,0,0.12391304347826088,2,2022-04-03
2020-12-12,7,0,12,豊川特別(1勝クラス),202007030312,16,2,3,572.0,12,7,01180,57.0,1600,1,94.8,0.0,13.0,36.151044776119406,35,456,2017105373,2016105681,202209020411,0.0,20,0,0.125,2,2022-04-03
2020-05-23,4,0,12,荒川峡特別(1勝クラス),202004010512,11,6,7,70.0,4,7,01144,57.0,2400,1,148.6,0.0,10.5,36.151044776119406,35,436,2015100157,2016105681,202209020411,0.0,-2,0,0.13073394495412843,2,2022-04-03
2020-05-09,4,1,12,春日山特別(1勝クラス),202004010112,11,2,2,76.0,6,5,01174,57.0,2000,1,120.7,0.0,9.0,36.151044776119406,35,438,2016103323,2016105681,202209020411,0.0,-2,0,0.13013698630136986,2,2022-04-03
2020-04-19,9,1,8,4歳以上1勝クラス,202009020808,8,8,8,29.0,2,4,01093,57.0,2200,1,137.0,0.0,6.5,36.151044776119406,35,440,2015105048,2016105681,202209020411,,-4,0,0.12954545454545455,2,2022-04-03
2020-03-28,7,1,8,4歳以上1勝クラス,202007010708,13,6,8,39.0,2,11,01095,57.0,2000,3,123.8,0.0,5.25,36.151044776119406,36,444,2016105048,2016105681,202209020411,,4,0,0.12837837837837837,2,2022-04-03
2019-06-08,9,1,9,生田特別(1勝クラス),201909030309,11,8,11,28.0,1,2,01014,53.0,2400,3,149.5,0.0,7.25,36.151044776119406,37,440,2015104146,2016105681,202209020411,0.0,0,0,0.12045454545454545,2,2022-04-03
2019-05-12,5,0,10,プリンシパルS(L),201905020810,14,3,3,378.0,10,7,05203,56.0,2000,1,118.9,0.0,13.666666666666666,36.151044776119406,34,440,2016104772,2016105681,202209020411,0.0,-4,0,0.12727272727272726,2,2022-04-03
2019-04-29,8,1,5,3歳未勝利,201908030405,14,7,11,14.0,1,1,05203,56.0,2000,1,121.2,0.0,9.25,36.151044776119406,35,444,2016104005,2016105681,202209020411,,6,0,0.12612612612612611,2,2022-04-03
2018-12-16,9,0,4,2歳未勝利,201809050604,13,1,1,38.0,2,2,05339,55.0,1800,1,108.4,-3.1999999999999886,7.5,36.151044776119406,34,438,2016104435,2016105681,202209020411,,-2,0,0.12557077625570776,2,2022-04-03
2018-11-18,8,0,5,2歳新馬,201808050605,9,2,2,17.0,1,4,05339,55.0,2000,1,122.4,0.8000000000000114,7.5,36.151044776119406,34,440,2016106428,2016105681,202209020411,,0,0,0.125,2,2022-04-03
2021-11-14,9,0,11,エリザベス女王杯(G1),202109050411,17,5,9,55.0,3,16,01170,56.0,2200,1,134.7,0.0,3.0,36.151044776119406,39,472,2017106203,2017101431,202209020411,3.0,-4,0,0.11864406779661017,2,2022-04-03
2021-09-26,6,1,11,産経賞オールカマー(G2),202106040711,16,1,1,47.0,2,1,01170,55.0,2200,1,131.9,0.0,2.5,36.151044776119406,35,476,2017101419,2017101431,202209020411,2.0,14,0,0.11554621848739496,2,2022-04-03
2021-05-02,9,0,11,天皇賞(春)(G1),202109021211,17,7,14,227.0,8,5,01170,56.0,3200,1,195.6,0.0,7.5,36.151044776119406,37,462,2016104854,2017101431,202209020411,0.0,6,0,0.12121212121212122,2,2022-04-03
2021-03-27,6,0,11,日経賞(G2),202106030111,15,3,4,85.0,4,1,01170,53.0,2500,1,153.3,0.0,2.75,36.151044776119406,35,456,2016105089,2017101431,202209020411,2.0,-8,0,0.1162280701754386,2,2022-04-03
2021-01-24,6,1,11,アメリカジョッキーC(G2),202106010811,17,8,15,105.0,5,6,01170,53.0,2200,3,138.3,0.0,2.75,36.151044776119406,38,464,2017105525,2017101431,202209020411,2.0,4,0,0.11422413793103449,2,2022-04-03
2020-11-15,9,0,11,エリザベス女王杯(G1),202009050411,18,6,12,408.0,9,4,01170,54.0,2200,1,130.7,0.0,3.75,36.151044776119406,34,460,2015105046,2017101431,202209020411,3.0,-4,0,0.11739130434782609,2,2022-04-03
2020-10-18,8,0,11,秋華賞(G1),202008040411,18,8,17,172.0,5,15,01170,55.0,2000,3,123.1,0.0,2.25,36.151044776119406,39,464,2017100720,2017101431,202209020411,3.0,12,0,0.11853448275862069,2,2022-04-03
2020-05-24,5,0,11,優駿牝馬(G1),202005021011,18,8,16,285.0,7,2,00660,55.0,2400,1,144.5,0.0,2.5,36.151044776119406,34,452,2017100720,2017101431,202209020411,3.0,2,0,0.12168141592920353,2,2022-04-03
2020-04-26,5,0,11,サンスポ賞フローラS(G2),202005020211,17,2,3,114.0,4,1,01170,54.0,2000,1,118.7,-0.7999999999999972,4.333333333333333,36.151044776119406,35,450,2017105426,2017101431,202209020411,2.0,-10,0,0.12,2,2022-04-03
2020-03-31,6,1,9,ミモザ賞(1勝クラス),202006030209,11,4,4,64.0,4,1,01170,54.0,2000,3,122.5,0.0,3.75,36.151044776119406,37,460,2017101419,2017101431,202209020411,0.0,8,0,0.11739130434782609,2,2022-04-03
2020-01-26,6,1,9,若竹賞(1勝クラス),202006010909,11,2,2,56.0,3,5,01085,54.0,1800,3,111.0,-2.200000000000003,4.0,36.151044776119406,35,452,2017105366,2017101431,202209020411,0.0,0,0,0.11946902654867257,2,2022-04-03
2019-12-21,6,1,5,2歳新馬,201906050705,16,6,11,122.0,6,1,01170,54.0,2000,1,124.0,-0.4000000000000057,1.75,36.151044776119406,35,452,2017104568,2017101431,202209020411,,0,0,0.11946902654867257,2,2022-04-03
2022-03-13,7,1,11,金鯱賞(G2),202207020211,13,7,10,56.0,2,2,01088,56.0,2000,1,117.6,0.0,4.0,36.151044776119406,35,430,2018100274,2017105335,202209020411,2.0,-4,0,0.13023255813953488,2,2022-04-03
2021-11-14,9,0,11,エリザベス女王杯(G1),202109050411,17,1,1,29.0,1,6,05339,56.0,2200,1,132.6,0.0,3.25,36.151044776119406,37,442,2017106203,2017105335,202209020411,3.0,0,0,0.12669683257918551,2,2022-04-03
2021-09-26,6,1,11,産経賞オールカマー(G2),202106040711,16,6,12,21.0,1,4,01088,56.0,2200,1,132.3,0.0,2.0,36.151044776119406,36,442,2017101431,2017105335,202209020411,2.0,10,0,0.12669683257918551,2,2022-04-03
2021-06-27,9,0,11,宝塚記念(G1),202109030411,13,2,2,35.0,2,3,01088,56.0,2200,1,131.4,0.0,2.0,36.151044776119406,35,432,2016104750,2017105335,202209020411,3.0,10,0,0.12962962962962962,2,2022-04-03
2021-04-04,9,4,11,大阪杯(G1),202109020411,13,6,8,122.0,4,1,01088,55.0,2000,4,121.6,0.09999999999999432,1.0,36.151044776119406,37,422,2016100915,2017105335,202209020411,3.0,-2,0,0.13033175355450238,2,2022-04-03
2020-12-05,9,0,11,チャレンジC(G3),202009060111,11,6,7,16.0,1,1,01088,53.0,2000,1,119.9,0.0,1.75,36.151044776119406,34,424,2016104729,2017105335,202209020411,1.0,0,0,0.125,2,2022-04-03
2020-10-18,8,0,10,大原S(3勝クラス),202008040410,13,4,5,19.0,1,1,01088,52.0,1800,3,106.3,0.0,1.0,36.151044776119406,35,424,2016103107,2017105335,202209020411,0.0,-6,0,0.12264150943396226,2,2022-04-03
2020-07-26,4,1,9,糸魚川特別(2勝クラス),202004020209,9,6,6,20.0,1,1,01088,52.0,1800,1,105.3,0.0,3.0,36.151044776119406,33,430,2016104632,2017105335,202209020411,0.0,-6,0,0.12093023255813953,2,2022-04-03
2020-06-06,9,4,6,3歳以上1勝クラス,202009030106,14,5,8,27.0,1,1,01088,52.0,1600,1,93.9,0.19999999999998863,6.5,36.151044776119406,35,436,2017104963,2017105335,202209020411,,20,0,0.11926605504587157,2,2022-04-03
2020-01-11,8,0,6,3歳新馬,202008010306,16,2,4,27.0,1,1,01088,54.0,1600,1,97.5,0.6999999999999886,2.0,36.151044776119406,36,416,2017106578,2017105335,202209020411,,0,0,0.12980769230769232,2,2022-04-03
2022-03-13,7,1,11,金鯱賞(G2),202207020211,13,4,5,87.0,4,4,01095,56.0,2000,1,118.0,-0.20000000000000284,11.75,36.151044776119406,34,466,2018100274,2017105376,202209020411,2.0,-8,0,0.12017167381974249,2,2022-04-03
2022-01-23,6,1,11,アメリカジョッキーC(G2),202206010811,14,4,6,36.0,2,5,01088,56.0,2200,1,133.1,0.0,7.75,36.151044776119406,35,474,2016104376,2017105376,202209020411,2.0,0,0,0.11814345991561181,2,2022-04-03
2021-10-31,5,1,11,天皇賞(秋)(G1),202105040811,16,2,4,233.0,5,6,01088,58.0,2000,1,118.7,0.0,3.3333333333333335,36.151044776119406,34,474,2018105027,2017105376,202209020411,0.0,2,0,0.12236286919831224,2,2022-04-03
2021-10-10,5,0,11,毎日王冠(G2),202105040211,13,4,5,87.0,4,3,01095,56.0,1800,1,105.0,0.0,4.0,36.151044776119406,34,472,2018110007,2017105376,202209020411,2.0,8,0,0.11864406779661017,2,2022-04-03
2021-05-09,4,0,11,新潟大賞典(G3),202104020211,14,6,10,35.0,1,2,01171,56.0,2000,1,119.3,0.0,7.0,36.151044776119406,37,464,2015102735,2017105376,202209020411,1.0,0,0,0.1206896551724138,2,2022-04-03
2021-03-14,7,0,11,金鯱賞(G2),202107020211,10,8,10,198.0,6,3,01102,56.0,2000,4,121.9,0.0,3.0,36.151044776119406,36,464,2015104317,2017105376,202209020411,2.0,0,0,0.1206896551724138,2,2022-04-03
2021-01-30,5,0,11,白富士S(L),202105010111,13,5,6,20.0,1,1,01088,55.0,2000,1,119.0,0.0,7.0,36.151044776119406,34,464,2015102735,2017105376,202209020411,0.0,6,0,0.11853448275862069,2,2022-04-03
2020-11-14,9,0,9,岸和田S(3勝クラス),202009050309,9,3,3,13.0,1,1,01088,55.0,2000,1,118.4,0.0,4.0,36.151044776119406,35,458,2015104909,2017105376,202209020411,0.0,4,0,0.12008733624454149,2,2022-04-03
2020-08-15,10,0,10,西部日刊スポーツ杯(2勝クラス),202010020110,10,7,7,19.0,1,1,01088,54.0,2000,1,117.8,0.5,3.25,36.151044776119406,35,454,2017104906,2017105376,202209020411,0.0,2,0,0.11894273127753303,2,2022-04-03
2020-07-04,9,1,9,生田特別(1勝クラス),202009040109,10,6,6,14.0,1,1,01088,54.0,2000,4,123.2,0.39999999999997726,2.75,36.151044776119406,37,452,2015103010,2017105376,202209020411,0.0,0,0,0.11946902654867257,2,2022-04-03
2020-06-07,9,0,8,3歳以上1勝クラス,202009030208,9,6,6,14.0,1,2,00666,54.0,2000,1,120.6,0.0,5.0,36.151044776119406,34,452,2017106606,2017105376,202209020411,,4,0,0.11946902654867257,2,2022-04-03
2020-05-09,5,1,11,プリンシパルS(L),202005020511,11,2,2,54.0,3,2,00666,56.0,2000,1,119.8,-0.10000000000000853,5.0,36.151044776119406,33,448,2017103572,2017105376,202209020411,0.0,-2,0,0.125,2,2022-04-03
2019-11-10,8,0,9,黄菊賞(1勝クラス),201908050409,10,7,8,30.0,1,2,05271,55.0,2000,1,122.1,0.7999999999999972,5.0,36.151044776119406,35,450,2017105219,2017105376,202209020411,0.0,0,0,0.12222222222222222,2,2022-04-03
2019-09-29,6,1,5,2歳新馬,201906040905,14,6,10,13.0,1,1,01088,54.0,1800,1,110.1,-0.20000000000000284,10.25,36.151044776119406,35,450,2017103674,2017105376,202209020411,,0,0,0.12,2,2022-04-03
2022-03-13,7,1,11,金鯱賞(G2),202207020211,13,5,6,178.0,5,3,00732,55.0,2000,1,117.8,0.0,6.0,36.151044776119406,35,512,2018100274,2017106203,202209020411,2.0,-4,0,0.107421875,2,2022-04-03
2021-12-26,6,0,11,有馬記念(G1),202106050811,16,7,13,318.0,6,7,00732,55.0,2500,1,153.1,0.0,11.75,36.151044776119406,37,516,2018105027,2017106203,202209020411,3.0,2,0,0.1065891472868217,2,2022-04-03
2021-11-14,9,0,11,エリザベス女王杯(G1),202109050411,17,8,16,649.0,10,1,00732,56.0,2200,1,132.1,0.0,11.5,36.151044776119406,36,514,2018105554,2017106203,202209020411,3.0,0,0,0.10894941634241245,2,2022-04-03
2021-10-16,5,1,11,アイルランド府中牝馬(G2),202105040311,18,8,16,311.0,12,7,00660,54.0,1800,1,106.1,0.0,16.0,36.151044776119406,33,514,2016104791,2017106203,202209020411,2.0,4,0,0.10505836575875487,2,2022-04-03
2021-06-20,9,0,10,垂水S(3勝クラス),202109030210,18,3,6,39.0,1,1,00660,54.0,1800,1,106.6,0.0,16.0,36.151044776119406,35,510,2016102160,2017106203,202209020411,0.0,6,0,0.10588235294117647,2,2022-04-03
2021-05-22,7,1,10,シドニーT(3勝クラス),202107030510,12,3,3,25.0,1,2,01126,55.0,2000,3,121.2,0.0,8.75,36.151044776119406,35,504,2017106583,2017106203,202209020411,0.0,4,0,0.10912698412698413,2,2022-04-03
2021-04-24,9,0,11,京橋S(3勝クラス),202109020911,11,1,1,46.0,3,3,01154,55.0,2000,1,118.7,0.0,6.0,36.151044776119406,35,500,2016104762,2017106203,202209020411,0.0,-6,0,0.11,2,2022-04-03
2021-02-13,9,0,10,飛鳥S(3勝クラス),202109010110,9,4,4,57.0,5,2,00663,54.0,1800,1,106.3,0.0,8.0,36.151044776119406,33,506,2016104671,2017106203,202209020411,0.0,-6,0,0.1067193675889328,2,2022-04-03
2021-01-24,7,2,9,西尾特別(2勝クラス),202107010809,8,5,5,42.0,3,1,01126,54.0,2000,3,126.3,0.0,6.75,36.151044776119406,34,512,2017105111,2017106203,202209020411,0.0,10,0,0.10546875,2,2022-04-03
2020-12-19,6,1,12,3歳以上2勝クラス,202006050512,15,5,9,45.0,2,5,01122,54.0,2000,1,124.8,0.0,12.25,36.151044776119406,35,502,2015105003,2017106203,202209020411,,6,0,0.10756972111553785,2,2022-04-03
2020-09-20,7,0,11,関西TVローズS(G2),202007020411,18,6,11,646.0,12,7,01093,54.0,2000,1,120.6,0.0,17.0,36.151044776119406,34,496,2017105613,2017106203,202209020411,2.0,-4,0,0.10887096774193548,2,2022-04-03
2020-08-16,1,0,10,藻岩山特別(2勝クラス),202001020210,13,3,3,24.0,1,5,01180,52.0,2000,1,122.1,0.0,9.75,36.151044776119406,35,500,2015106174,2017106203,202209020411,0.0,4,0,0.104,2,2022-04-03
2020-08-01,1,0,7,3歳以上1勝クラス,202001010307,9,4,4,24.0,2,1,00660,52.0,1800,1,107.6,0.0,3.25,36.151044776119406,34,496,2017105267,2017106203,202209020411,,4,0,0.10483870967741936,2,2022-04-03
2020-05-02,8,0,9,矢車賞(1勝クラス),202008030309,10,8,10,33.0,2,2,05339,54.0,2200,1,133.4,0.0,8.25,36.151044776119406,34,492,2017106583,2017106203,202209020411,0.0,4,0,0.10975609756097561,2,2022-04-03
2020-04-12,9,4,9,忘れな草賞(L),202009020609,10,4,4,131.0,5,4,01075,54.0,2000,3,124.1,0.0,8.75,36.151044776119406,35,488,2017101415,2017106203,202209020411,0.0,-6,0,0.11065573770491803,2,2022-04-03
2020-03-29,7,0,9,大寒桜賞(1勝クラス),202007010809,10,8,9,41.0,2,4,00660,54.0,2200,4,138.0,0.0,2.0,36.151044776119406,36,494,2017106125,2017106203,202209020411,0.0,-8,0,0.10931174089068826,2,2022-04-03
2020-01-26,6,1,9,若竹賞(1勝クラス),202006010909,11,3,3,68.0,5,4,00660,54.0,1800,3,111.0,-0.6999999999999886,9.75,36.151044776119406,35,502,2017105366,2017106203,202209020411,0.0,10,0,0.10756972111553785,2,2022-04-03
2019-12-28,9,0,6,2歳1勝クラス,201909050906,11,8,11,153.0,7,5,01102,54.0,1800,1,108.0,0.0,8.5,36.151044776119406,34,492,2017102822,2017106203,202209020411,,-2,0,0.10975609756097561,2,2022-04-03
2019-12-07,9,1,9,エリカ賞(1勝クラス),201909050309,11,8,11,38.0,1,8,01014,54.0,2000,1,121.5,-0.6000000000000085,11.0,36.151044776119406,34,494,2017105585,2017106203,202209020411,0.0,0,0,0.10931174089068826,2,2022-04-03
2019-11-03,5,1,8,百日草特別(1勝クラス),201905050208,5,1,1,44.0,3,2,01077,54.0,2000,1,122.2,-0.20000000000000284,4.0,36.151044776119406,34,494,2017105426,2017106203,202209020411,0.0,0,0,0.10931174089068826,2,2022-04-03
2019-09-28,9,1,3,2歳未勝利,201909040803,7,4,4,38.0,2,1,01014,54.0,2000,1,122.4,-0.29999999999999716,7.0,36.151044776119406,34,494,2017106711,2017106203,202209020411,,0,0,0.10931174089068826,2,2022-04-03
2019-09-07,9,0,4,2歳新馬,201909040104,14,4,6,72.0,2,4,01014,54.0,1400,1,82.4,-0.5999999999999943,12.0,36.151044776119406,33,494,2017105383,2017106203,202209020411,,0,0,0.10931174089068826,2,2022-04-03
2022-03-13,7,1,11,金鯱賞(G2),202207020211,13,3,3,20.0,1,1,01093,56.0,2000,1,117.2,0.0,1.0,36.151044776119406,35,506,2017105335,2018100274,202209020411,2.0,-2,0,0.11067193675889328,2,2022-04-03
2022-01-29,5,0,11,白富士S(L),202205010111,14,3,4,22.0,1,1,01093,55.0,2000,1,117.4,0.0,1.0,36.151044776119406,35,508,2018105092,2018100274,202209020411,0.0,2,0,0.10826771653543307,2,2022-04-03
2021-11-28,5,0,11,ウェルカムS(3勝クラス),202105050811,16,7,13,51.0,3,1,01093,55.0,2000,1,118.4,0.0,1.0,36.151044776119406,34,506,2016104887,2018100274,202209020411,0.0,0,0,0.10869565217391304,2,2022-04-03
2021-10-03,7,0,9,浜名湖特別(2勝クラス),202107050909,8,7,7,18.0,1,1,01116,55.0,2000,1,121.5,0.5999999999999943,1.0,36.151044776119406,33,506,2018100420,2018100274,202209020411,0.0,-2,0,0.10869565217391304,2,2022-04-03
2021-09-11,7,1,8,3歳以上1勝クラス,202107050108,12,2,2,30.0,1,1,01093,54.0,2000,1,119.4,-0.4000000000000057,2.0,36.151044776119406,35,508,2018105105,2018100274,202209020411,,16,0,0.1062992125984252,2,2022-04-03
2021-05-08,5,1,11,プリンシパルS(L),202105020511,14,1,1,90.0,4,5,01122,56.0,2000,1,119.9,-0.5,1.0,36.151044776119406,35,492,2018104756,2018100274,202209020411,0.0,-2,0,0.11382113821138211,2,2022-04-03
2021-04-25,9,0,5,3歳未勝利,202109021005,15,7,12,17.0,1,1,01093,56.0,2000,1,120.3,0.0,1.5,36.151044776119406,35,494,2018103603,2018100274,202209020411,,-8,0,0.11336032388663968,2,2022-04-03
2020-12-27,9,0,4,2歳未勝利,202009060804,16,1,2,26.0,1,2,01093,55.0,2000,1,121.6,0.0,2.25,36.151044776119406,36,502,2018104929,2018100274,202209020411,,0,0,0.10956175298804781,2,2022-04-03
2020-12-06,6,0,5,2歳新馬,202006050205,16,7,14,29.0,1,2,01178,54.0,2000,3,125.3,0.0,3.5,36.151044776119406,36,502,2018103274,2018100274,202209020411,,0,0,0.10756972111553785,2,2022-04-03
2022-02-20,10,0,11,小倉大賞典(G3),202210020411,16,8,16,44.0,1,1,01140,54.0,1800,3,109.2,0.0,8.5,36.151044776119406,35,502,2016105198,2018104960,202209020411,1.0,2,0,0.10756972111553785,2,2022-04-03
2022-01-15,10,0,11,壇之浦S(3勝クラス),202210010111,12,5,6,25.0,1,1,01095,55.0,1800,1,106.2,0.0,6.25,36.151044776119406,34,500,2016105066,2018104960,202209020411,0.0,8,0,0.11,2,2022-04-03
2021-10-24,9,1,11,菊花賞(G1),202109040611,18,7,13,403.0,11,7,05212,57.0,3000,1,185.8,0.20000000000000284,7.75,36.151044776119406,35,492,2018103559,2018104960,202209020411,3.0,0,0,0.11585365853658537,2,2022-04-03
2021-08-14,10,4,10,柳川特別(2勝クラス),202110040110,10,2,2,27.0,1,1,01088,54.0,2000,3,125.1,0.0,6.25,36.151044776119406,38,492,2016104883,2018104960,202209020411,0.0,2,0,0.10975609756097561,2,2022-04-03
2021-07-03,10,2,8,国東特別(1勝クラス),202110030108,7,3,3,16.0,1,1,01088,54.0,2000,1,117.5,100.4,4.0,36.151044776119406,35,490,2018104579,2018104960,202209020411,0.0,0,0,0.11020408163265306,2,2022-04-03
2021-05-22,7,1,9,メルボルンT(1勝クラス),202107030509,9,8,8,19.0,1,3,05339,56.0,2200,3,134.8,-1.8000000000000114,5.0,36.151044776119406,35,490,2018102943,2018104960,202209020411,0.0,-2,0,0.11428571428571428,2,2022-04-03
2021-04-10,4,0,10,ひめさゆり賞(1勝クラス),202104010110,7,5,5,31.0,2,2,01095,56.0,2000,1,119.5,-1.5,2.0,36.151044776119406,34,492,2018104114,2018104960,202209020411,0.0,8,0,0.11382113821138211,2,2022-04-03
2021-02-20,10,0,6,3歳未勝利,202110020306,16,7,13,34.0,1,1,01095,56.0,1800,1,108.1,0.5999999999999943,7.0,36.151044776119406,35,484,2018104403,2018104960,202209020411,,-4,0,0.11570247933884298,2,2022-04-03
2020-12-27,9,0,4,2歳未勝利,202009060804,16,1,1,85.0,3,3,01171,55.0,2000,1,121.8,-1.0999999999999943,2.0,36.151044776119406,36,488,2018104929,2018104960,202209020411,,8,0,0.11270491803278689,2,2022-04-03
2020-10-03,7,1,4,2歳新馬,202007020804,16,5,10,202.0,7,11,01102,55.0,1800,1,118.1,-0.7999999999999972,9.75,36.151044776119406,41,480,2018102060,2018104960,202209020411,,0,0,0.11458333333333333,1,2022-04-03
2021-12-26,6,0,11,有馬記念(G1),202106050811,16,5,10,21.0,1,1,01170,55.0,2500,1,152.0,0.0,7.75,36.151044776119406,36,516,2017102170,2018105027,202209020411,3.0,2,0,0.1065891472868217,2,2022-04-03
2021-10-31,5,1,11,天皇賞(秋)(G1),202105040811,16,3,5,34.0,3,1,01170,56.0,2000,1,117.9,0.0,6.0,36.151044776119406,33,514,2017101835,2018105027,202209020411,0.0,4,0,0.10894941634241245,2,2022-04-03
2021-05-30,5,0,11,東京優駿(G1),202105021211,17,1,1,17.0,1,2,01170,57.0,2400,1,142.5,0.30000000000001137,6.25,36.151044776119406,33,510,2018105165,2018105027,202209020411,3.0,6,0,0.11176470588235295,2,2022-04-03
2021-04-18,6,0,11,皐月賞(G1),202106030811,16,4,7,37.0,2,1,01170,57.0,2000,3,120.6,0.4000000000000057,3.75,36.151044776119406,37,504,2018103559,2018105027,202209020411,3.0,-10,0,0.1130952380952381,2,2022-04-03
2021-02-14,5,0,11,共同通信杯(G3),202105010611,12,6,7,68.0,4,1,01170,56.0,1800,1,107.6,0.30000000000001137,3.0,36.151044776119406,33,514,2018104948,2018105027,202209020411,1.0,4,0,0.10894941634241245,2,2022-04-03
2020-11-08,5,0,9,百日草特別(1勝クラス),202005050209,8,6,6,35.0,2,1,01170,55.0,2000,1,122.3,1.9000000000000057,4.0,36.151044776119406,33,510,2018105573,2018105027,202209020411,0.0,-6,0,0.10784313725490197,2,2022-04-03
2020-08-23,1,0,5,2歳新馬,202001020405,7,6,6,14.0,1,1,01170,54.0,2000,1,123.3,0.5,2.5,36.151044776119406,36,516,2018106154,2018105027,202209020411,,0,0,0.10465116279069768,2,2022-04-03
2022-02-13,9,2,11,京都記念(G2),202209010211,13,7,10,61.0,2,13,01116,56.0,2200,3,133.8,0.0,10.25,36.151044776119406,36,502,2015101654,2018105343,202209020411,2.0,8,0,0.11155378486055777,2,2022-04-03
2021-10-24,9,1,11,菊花賞(G1),202109040611,18,3,5,39.0,1,13,01088,57.0,3000,1,186.3,0.0,16.75,36.151044776119406,35,494,2018103559,2018105343,202209020411,3.0,4,0,0.11538461538461539,2,2022-04-03
2021-09-26,7,4,11,神戸新聞杯(G2),202107050711,10,7,7,265.0,5,2,01116,56.0,2200,3,138.0,0.0,7.0,36.151044776119406,36,490,2018104980,2018105343,202209020411,2.0,0,0,0.11428571428571428,2,2022-04-03
2021-05-30,5,0,11,東京優駿(G1),202105021211,17,2,4,570.0,13,11,00660,57.0,2400,1,143.6,0.0,17.0,36.151044776119406,34,490,2018105165,2018105343,202209020411,3.0,2,0,0.11632653061224489,2,2022-04-03
2021-05-08,7,1,11,京都新聞杯(G2),202107030111,11,8,10,43.0,3,1,01088,56.0,2200,1,131.2,0.0,7.25,36.151044776119406,35,488,2018105076,2018105343,202209020411,2.0,0,0,0.11475409836065574,2,2022-04-03
2021-03-13,9,0,9,ゆきやなぎ賞(1勝クラス),202109010909,11,7,9,28.0,1,1,01088,56.0,2400,3,147.9,0.0,7.0,36.151044776119406,36,488,2018105809,2018105343,202209020411,0.0,0,0,0.11475409836065574,2,2022-04-03
2021-02-20,5,0,9,フリージア賞(1勝クラス),202105010709,14,7,12,52.0,2,6,01088,56.0,2000,1,120.8,-0.4000000000000057,2.0,36.151044776119406,36,488,2018105573,2018105343,202209020411,0.0,6,0,0.11475409836065574,2,2022-04-03
2020-12-05,9,0,4,2歳未勝利,202009060104,11,7,9,17.0,1,1,01088,55.0,1800,1,107.5,1.2000000000000028,5.5,36.151044776119406,34,482,2018100222,2018105343,202209020411,,-2,0,0.11410788381742738,2,2022-04-03
2020-11-22,9,0,4,2歳未勝利,202009050604,13,7,10,39.0,1,4,01088,55.0,1800,1,107.0,0.30000000000001137,9.0,36.151044776119406,34,484,2018105404,2018105343,202209020411,,12,0,0.11363636363636363,2,2022-04-03
2020-08-22,10,0,2,2歳未勝利,202010020302,16,3,6,21.0,1,3,01014,54.0,1800,1,108.4,0.0,12.75,36.151044776119406,36,472,2018104591,2018105343,202209020411,,-4,0,0.11440677966101695,2,2022-04-03
2020-07-19,9,0,5,2歳新馬,202009040605,12,3,3,17.0,1,3,01014,54.0,2000,1,124.8,0.0,7.0,36.151044776119406,36,476,2018105060,2018105343,202209020411,,0,0,0.1134453781512605,2,2022-04-03
2022-03-13,7,1,11,金鯱賞(G2),202207020211,13,7,11,224.0,6,11,05212,54.0,2000,1,118.4,0.0,6.25,36.151044776119406,35,498,2018100274,2018105554,202209020411,2.0,8,0,0.10843373493975904,2,2022-04-03
2021-11-14,9,0,11,エリザベス女王杯(G1),202109050411,17,3,5,251.0,7,2,01126,54.0,2200,1,132.4,0.0,8.0,36.151044776119406,36,490,2017106203,2018105554,202209020411,3.0,0,0,0.11020408163265306,2,2022-04-03
2021-10-17,9,0,11,秋華賞(G1),202109040411,16,1,2,381.0,9,6,00666,55.0,2000,1,121.7,0.0,11.75,36.151044776119406,36,490,2018104903,2018105554,202209020411,3.0,8,0,0.11224489795918367,2,2022-04-03
2021-05-23,5,0,11,優駿牝馬(G1),202105021011,18,8,18,109.0,5,13,01088,55.0,2400,1,145.9,0.0,2.0,36.151044776119406,36,482,2018102167,2018105554,202209020411,3.0,0,0,0.11410788381742738,2,2022-04-03
2021-04-11,9,0,9,忘れな草賞(L),202109020609,11,5,5,35.0,2,1,01014,54.0,2000,1,118.0,,6.5,36.151044776119406,34,482,2018105909,2018105554,202209020411,0.0,6,0,0.11203319502074689,2,2022-04-03
2021-02-13,5,0,11,デイリー杯クイーンC(G3),202105010511,16,4,7,65.0,4,6,01014,54.0,1600,1,93.6,,14.5,36.151044776119406,34,476,2018104903,2018105554,202209020411,1.0,0,0,0.1134453781512605,2,2022-04-03
2020-11-29,5,1,8,ベゴニア賞(1勝クラス),202005050908,10,1,1,25.0,1,2,01014,54.0,1600,1,95.2,,4.5,36.151044776119406,34,476,2018102657,2018105554,202209020411,0.0,-10,0,0.1134453781512605,2,2022-04-03
2020-10-31,8,0,3,2歳未勝利,202008040703,13,4,4,19.0,1,1,01014,54.0,1800,1,107.5,,7.0,36.151044776119406,35,486,2018105011,2018105554,202209020411,,0,0,0.1111111111111111,2,2022-04-03
2020-06-27,9,0,1,2歳未勝利,202009030701,13,6,9,15.0,1,3,05339,54.0,1400,1,81.9,,8.0,36.151044776119406,35,486,2018105067,2018105554,202209020411,,-2,0,0.1111111111111111,2,2022-04-03
2020-06-06,9,0,5,2歳新馬,202009030105,10,4,4,20.0,1,3,01180,53.0,1600,1,97.2,,6.5,36.151044776119406,35,488,2018105610,2018105554,202209020411,,0,0,0.10860655737704918,2,2022-04-03
