race_id,race_round,race_title,race_course,weather,ground_status,time,date,where_racecourse,total_horse_number,frame_number_first,horse_number_first,frame_number_second,horse_number_second,frame_number_third,horse_number_third,tansyo,hukusyo_first,hukusyo_second,hukusyo_third,wakuren,umaren,wide_1_2,wide_1_3,wide_2_3,umatan,renhuku3,rentan3
202305010101,1 R,3歳未勝利,ダ左1400m,天候 : 晴,ダート : 良,発走 : 10:05,2023年1月28日,1回東京1日目,16,7,14,5,10,5,9,160,110,170,890,430,520,270,"1,820","4,120",710,"7,490","18,190"
202305010102,2 R,3歳新馬,ダ左1400m,天候 : 晴,ダート : 良,発走 : 10:35,2023年1月28日,1回東京1日目,16,7,13,8,16,1,1,260,140,460,640,"1,370","1,940",800,"1,790","5,830","3,130","22,550","85,690"
202305010103,3 R,3歳未勝利,ダ左1600m,天候 : 晴,ダート : 良,発走 : 11:05,2023年1月28日,1回東京1日目,16,5,9,7,14,4,7,230,120,170,440,400,580,300,740,"1,210","1,040","3,470","11,550"
202305010104,4 R,3歳1勝クラス,ダ左1600m,天候 : 晴,ダート : 良,発走 : 11:35,2023年1月28日,1回東京1日目,12,8,11,7,9,5,5,340,130,130,170,590,680,270,400,420,"1,300","1,540","6,730"
202305010105,5 R,3歳未勝利,芝左1800m,天候 : 晴,芝 : 良,発走 : 12:25,2023年1月28日,1回東京1日目,16,6,11,2,3,4,7,160,110,500,190,360,"2,880",910,340,"3,090","3,550","5,880","22,130"
202305010106,6 R,3歳新馬,芝左1600m,天候 : 晴,芝 : 良,発走 : 12:55,2023年1月28日,1回東京1日目,16,2,4,3,5,6,11,"1,580",260,110,160,"1,020","1,100",410,"1,060",240,"3,900","1,830","17,350"
202305010107,7 R,4歳以上1勝クラス,ダ左1400m,天候 : 晴,ダート : 良,発走 : 13:25,2023年1月28日,1回東京1日目,16,8,16,5,10,7,13,260,130,370,180,"2,330","2,630",810,310,"1,500","3,970","4,230","20,480"
202305010108,8 R,4歳以上2勝クラス,ダ左2100m,天候 : 晴,ダート : 良,発走 : 14:01,2023年1月28日,1回東京1日目,16,1,1,6,12,1,2,670,170,120,150,360,860,360,560,270,"2,030","1,510","8,870"
202305010109,9 R,白嶺ステークス ,ダ左1600m,天候 : 晴,ダート : 良,"発走 : 14:35

過去の白嶺ステークス",2023年1月28日,1回東京1日目,15,2,3,5,9,6,10,150,110,890,350,"3,050","6,560","2,050",620,"12,030","7,730","20,990","72,700"
202305010110,10 R,クロッカスステークス(L),芝左1400m,天候 : 晴,芝 : 良,"発走 : 15:10

過去のクロッカスステークス",2023年1月28日,1回東京1日目,10,6,6,7,7,7,8,400,150,320,170,720,"2,570",800,340,"1,080","4,450","3,390","22,420"
202305010111,11 R,白富士ステークス(L),芝左2000m,天候 : 晴,芝 : 良,"発走 : 15:45

過去の白富士ステークス",2023年1月28日,1回東京1日目,10,7,7,1,1,2,2,180,110,130,150,410,390,180,230,320,600,620,"1,850"
202305010112,12 R,4歳以上1勝クラス,芝左1800m,天候 : 曇,芝 : 良,発走 : 16:25,2023年1月28日,1回東京1日目,13,4,5,5,7,6,8,810,200,140,190,630,820,320,770,390,"2,520","1,820","13,750"
202305010201,1 R,3歳未勝利,ダ左1400m,天候 : 晴,ダート : 良,発走 : 10:10,2023年1月29日,1回東京2日目,16,1,1,3,6,6,12,420,180,"1,260",430,"2,350","13,330","3,530","1,380","14,170","19,310","86,180","479,600"
202305010202,2 R,3歳未勝利,ダ左2100m,天候 : 晴,ダート : 良,発走 : 10:40,2023年1月29日,1回東京2日目,16,3,5,4,7,5,10,400,120,110,140,290,350,180,510,260,830,870,"4,500"
202305010203,3 R,3歳未勝利,ダ左1600m,天候 : 晴,ダート : 良,発走 : 11:10,2023年1月29日,1回東京2日目,16,3,6,3,5,5,9,300,130,360,490,"2,190","2,440",830,850,"5,370","4,100","14,010","65,590"
202305010204,4 R,4歳以上1勝クラス,ダ左1600m,天候 : 晴,ダート : 良,発走 : 11:40,2023年1月29日,1回東京2日目,16,8,15,8,16,5,10,360,150,220,370,"1,410","1,090",440,970,"1,000","2,560","4,750","25,300"
202305010205,5 R,3歳未勝利,芝左1600m,天候 : 晴,芝 : 良,発走 : 12:30,2023年1月29日,1回東京2日目,16,3,6,2,3,8,15,340,130,180,130,"1,110","1,110",400,250,390,"2,310","1,060","7,840"
202305010206,6 R,3歳新馬,芝左1800m,天候 : 晴,芝 : 良,発走 : 13:00,2023年1月29日,1回東京2日目,16,3,5,2,4,5,10,430,130,120,140,420,450,200,300,270,"1,040",760,"3,580"
202305010207,7 R,4歳以上1勝クラス,ダ左2100m,天候 : 晴,ダート : 良,発走 : 13:30,2023年1月29日,1回東京2日目,11,6,6,1,1,8,11,"1,010",270,110,210,"1,100","1,380",620,"1,430",450,"3,490","3,840","33,830"
202305010208,8 R,4歳以上2勝クラス,ダ左1400m,天候 : 晴,ダート : 良,発走 : 14:01,2023年1月29日,1回東京2日目,16,6,12,4,8,5,9,250,120,160,130,620,920,410,180,350,"1,510",750,"3,580"
202305010209,9 R,セントポーリア賞 ,芝左1800m,天候 : 晴,芝 : 良,"発走 : 14:35

過去のセントポーリア賞",2023年1月29日,1回東京2日目,8,4,4,5,5,7,7,290,120,150,120,910,0,320,200,360,"1,520",870,"4,270"
202305010210,10 R,節分ステークス ,芝左1600m,天候 : 晴,芝 : 良,"発走 : 15:10

過去の節分ステークス",2023年1月29日,1回東京2日目,12,4,4,1,1,2,2,200,110,920,390,"4,370","4,780","1,670",730,"6,030","5,050","15,390","57,540"
202305010211,11 R,第37回根岸ステークス(G3),ダ左1400m,天候 : 晴,ダート : 良,"発走 : 15:45

過去の根岸ステークス",2023年1月29日,1回東京2日目,16,7,13,3,6,7,14,160,110,140,200,350,390,200,350,730,530,"1,070","2,610"
202305010212,12 R,4歳以上2勝クラス,芝左2000m,天候 : 晴,芝 : 良,発走 : 16:25,2023年1月29日,1回東京2日目,11,4,4,8,10,6,7,500,140,110,120,760,760,240,280,180,"1,670",630,"4,630"
202306010101,1 R,3歳未勝利,ダ右1200m,天候 : 晴,ダート : 良,発走 : 09:55,2023年1月5日,1回中山1日目,16,7,14,3,5,1,1,180,110,150,480,470,470,220,790,"1,550",660,"3,040","8,890"
202306010102,2 R,3歳未勝利,ダ右1800m,天候 : 晴,ダート : 良,発走 : 10:25,2023年1月5日,1回中山1日目,16,4,8,4,7,7,13,"1,380",460,440,400,"7,010","6,420","1,930","2,810","2,490","15,240","32,390","199,190"
202306010103,3 R,3歳新馬,ダ右1800m,天候 : 晴,ダート : 良,発走 : 10:55,2023年1月5日,1回中山1日目,16,8,16,5,9,1,2,"1,590",540,"1,000",440,"2,580","24,290","6,100","3,510","5,930","47,840","117,380","649,440"
202306010104,4 R,4歳以上1勝クラス,ダ右1800m,天候 : 晴,ダート : 良,発走 : 11:25,2023年1月5日,1回中山1日目,16,4,7,7,13,1,1,"1,590",330,290,150,660,"6,650","1,710",970,830,"13,100","7,310","78,280"
202306010105,5 R,3歳未勝利,芝右 外1600m,天候 : 晴,芝 : 良,発走 : 12:15,2023年1月5日,1回中山1日目,16,1,1,2,3,8,16,690,180,150,170,"1,130","1,220",510,750,410,"2,770","1,860","13,100"
202306010106,6 R,3歳1勝クラス,芝右2000m,天候 : 晴,芝 : 良,発走 : 12:45,2023年1月5日,1回中山1日目,10,5,5,2,2,7,7,400,150,190,210,"1,360","1,430",520,590,690,"2,170","3,220","14,150"
202306010107,7 R,4歳以上2勝クラス,ダ右1800m,天候 : 晴,ダート : 良,発走 : 13:15,2023年1月5日,1回中山1日目,16,6,11,4,8,1,1,"1,800",460,210,640,"1,270","4,520","1,660","3,060","1,870","11,040","20,120","161,520"
202306010108,8 R,4歳以上2勝クラス,ダ右1200m,天候 : 晴,ダート : 良,発走 : 13:50,2023年1月5日,1回中山1日目,15,6,11,5,9,4,7,300,140,150,170,490,630,300,380,400,"1,230","1,040","3,880"
202306010109,9 R,招福ステークス ,ダ右1800m,天候 : 晴,ダート : 良,"発走 : 14:25

過去の招福ステークス",2023年1月5日,1回中山1日目,12,7,9,8,11,3,3,150,110,160,190,290,480,260,350,550,660,"1,030","3,230"
202306010110,10 R,ジュニアカップ(L),芝右 外1600m,天候 : 晴,芝 : 良,"発走 : 15:01

過去のジュニアカップ",2023年1月5日,1回中山1日目,13,8,13,7,11,2,2,350,160,310,350,270,"1,760",720,710,"1,860","3,080","6,240","25,690"
202306010111,11 R,第72回日刊スポ賞中山金杯(G3),芝右2000m,天候 : 晴,芝 : 良,"発走 : 15:35

過去の日刊スポ賞中山金杯",2023年1月5日,1回中山1日目,17,2,3,1,2,3,5,450,180,360,180,910,"3,690","1,270",580,"1,420","6,320","8,170","44,340"
202306010112,12 R,4歳以上2勝クラス,芝右2000m,天候 : 晴,芝 : 良,発走 : 16:10,2023年1月5日,1回中山1日目,14,1,1,8,13,6,10,140,110,170,180,190,480,240,320,760,590,"1,390","3,120"
202306010201,1 R,3歳未勝利,ダ右1200m,天候 : 曇,ダート : 良,発走 : 09:55,2023年1月7日,1回中山2日目,16,3,6,1,2,8,15,180,110,120,130,290,300,190,220,400,610,600,"1,760"
202306010202,2 R,3歳未勝利,ダ右1800m,天候 : 晴,ダート : 良,発走 : 10:25,2023年1月7日,1回中山2日目,16,2,4,7,13,4,8,650,200,140,150,"1,370","1,450",520,640,290,"3,010","2,060","12,250"
202306010203,3 R,3歳新馬,ダ右1200m,天候 : 晴,ダート : 良,発走 : 10:55,2023年1月7日,1回中山2日目,16,2,4,3,6,7,13,380,170,560,170,"3,380","6,810","1,720",350,"1,770","9,270","7,780","55,620"
202306010204,4 R,4歳以上1勝クラス,ダ右2400m,天候 : 晴,ダート : 良,発走 : 11:25,2023年1月7日,1回中山2日目,11,7,9,6,7,4,4,200,110,140,490,290,370,190,910,"1,670",620,"3,070","8,610"
202306010205,5 R,3歳新馬,芝右 外1600m,天候 : 晴,芝 : 良,発走 : 12:15,2023年1月7日,1回中山2日目,16,2,3,1,1,8,16,710,270,540,330,"2,040","6,670","1,610",840,"2,760","12,230","15,780","83,200"
202306010206,6 R,3歳未勝利,芝右2000m,天候 : 晴,芝 : 良,発走 : 12:45,2023年1月7日,1回中山2日目,17,1,2,3,5,2,3,460,190,300,220,"1,780","2,510","1,100",630,"1,380","4,820","4,790","23,960"
202306010207,7 R,4歳以上1勝クラス,ダ右1200m,天候 : 晴,ダート : 良,発走 : 13:15,2023年1月7日,1回中山2日目,16,6,12,5,9,2,3,760,280,440,570,"2,750","5,860","1,920","2,070","4,400","11,100","38,920","226,970"
202306010208,8 R,中山新春ジャンプS ,障芝 ダート3200m,天候 : 晴,芝 : 良  ダート : 良,"発走 : 13:50

過去の中山新春ジャンプS",2023年1月7日,1回中山2日目,11,8,11,8,10,7,9,440,140,200,170,"1,340","1,330",500,430,"1,010","2,650","2,660","13,390"
202306010209,9 R,黒竹賞 ,ダ右1800m,天候 : 晴,ダート : 良,"発走 : 14:25

過去の黒竹賞",2023年1月7日,1回中山2日目,16,6,12,5,10,3,5,360,180,190,390,"1,200","1,770",710,"1,070","1,530","2,650","7,800","30,410"
202306010210,10 R,初春ステークス ,ダ右1200m,天候 : 晴,ダート : 良,"発走 : 15:01

過去の初春ステークス",2023年1月7日,1回中山2日目,15,7,12,1,1,6,11,"1,710",550,340,210,"11,840","11,910","3,210","1,830",790,"20,490","17,410","110,200"
202306010211,11 R,ニューイヤーS(L),芝右 外1600m,天候 : 晴,芝 : 良,"発走 : 15:35

過去のニューイヤーS",2023年1月7日,1回中山2日目,13,1,1,4,4,3,3,570,180,260,170,"1,300","2,220",830,510,830,"4,290","3,460","21,670"
202306010212,12 R,4歳以上2勝クラス,芝右1800m,天候 : 晴,芝 : 良,発走 : 16:10,2023年1月7日,1回中山2日目,11,8,10,7,9,3,3,"4,600","1,060",520,440,"3,860","16,020","2,850","3,160","1,550","54,250","38,180","463,920"
202306010301,1 R,3歳未勝利,ダ右1200m,天候 : 晴,ダート : 良,発走 : 09:55,2023年1月8日,1回中山3日目,16,4,8,4,7,3,6,"8,090","1,430",290,570,"18,360","17,180","3,050","6,030","1,320","53,020","59,340","580,520"
202306010302,2 R,3歳未勝利,ダ右1800m,天候 : 晴,ダート : 良,発走 : 10:25,2023年1月8日,1回中山3日目,16,1,1,3,6,7,14,"1,130",220,140,170,700,"1,260",460,770,240,"3,050","1,980","15,000"
202306010303,3 R,3歳未勝利,ダ右1800m,天候 : 晴,ダート : 良,発走 : 10:55,2023年1月8日,1回中山3日目,16,7,13,6,11,6,12,"1,780",410,160,360,"2,230","2,860",840,"1,940",980,"7,460","9,510","76,070"
202306010304,4 R,障害4歳以上未勝利,障芝 ダート2880m,天候 : 晴,芝 : 良  ダート : 良,発走 : 11:25,2023年1月8日,1回中山3日目,14,6,9,1,1,5,7,330,130,480,190,"3,580","4,460","1,280",360,"1,100","6,860","3,360","25,430"
202306010305,5 R,3歳未勝利,芝右 外2200m,天候 : 晴,芝 : 良,発走 : 12:15,2023年1月8日,1回中山3日目,17,1,1,1,2,7,13,350,170,"1,190",190,"11,400","12,020","2,670",500,"6,710","18,310","24,420","143,160"
202306010306,6 R,3歳新馬,芝右2000m,天候 : 晴,芝 : 良,発走 : 12:45,2023年1月8日,1回中山3日目,17,6,11,7,13,4,8,"4,080",890,230,250,"3,950","9,350","2,730","3,590",920,"17,920","24,070","242,350"
202306010307,7 R,4歳以上1勝クラス,ダ右1800m,天候 : 晴,ダート : 良,発走 : 13:15,2023年1月8日,1回中山3日目,16,3,6,1,2,8,16,530,210,150,250,"1,180","1,230",510,"1,110",780,"2,690","3,990","18,750"
202306010308,8 R,4歳以上1勝クラス,ダ右1200m,天候 : 晴,ダート : 良,発走 : 13:50,2023年1月8日,1回中山3日目,16,2,3,1,1,4,8,300,160,180,600,700,830,390,"1,630","2,450","1,330","9,620","29,720"
202306010309,9 R,朱竹賞 ,芝右 外1200m,天候 : 晴,芝 : 良,"発走 : 14:25

過去の朱竹賞",2023年1月8日,1回中山3日目,12,1,1,8,12,3,3,850,220,140,150,"1,130","1,700",600,610,330,"4,060","2,390","14,950"
202306010310,10 R,若潮ステークス ,芝右 外1600m,天候 : 晴,芝 : 良,"発走 : 15:01

過去の若潮ステークス",2023年1月8日,1回中山3日目,12,7,10,4,4,2,2,340,140,150,170,630,700,310,470,460,"1,190","1,360","5,820"
202306010311,11 R,ポルックスステークス ,ダ右1800m,天候 : 晴,ダート : 良,"発走 : 15:35

過去のポルックスステークス",2023年1月8日,1回中山3日目,14,6,9,1,1,3,3,380,140,140,300,530,640,290,790,770,"1,420","2,520","10,510"
202306010312,12 R,4歳以上2勝クラス,芝右 外1600m,天候 : 晴,芝 : 良,発走 : 16:10,2023年1月8日,1回中山3日目,16,2,4,3,6,1,1,530,180,190,140,"2,450","2,200",670,390,480,"4,000","1,470","10,670"
202306010401,1 R,3歳未勝利,ダ右1200m,天候 : 晴,ダート : 良,発走 : 09:55,2023年1月9日,1回中山4日目,15,5,8,3,4,2,2,"1,120",380,210,710,840,"2,560","1,020","3,250","1,610","5,940","19,200","98,310"
202306010402,2 R,3歳未勝利,ダ右1800m,天候 : 晴,ダート : 良,発走 : 10:25,2023年1月9日,1回中山4日目,16,6,12,1,2,2,3,600,140,110,120,440,490,210,370,180,"1,340",500,"3,980"
202306010403,3 R,3歳未勝利,ダ右1800m,天候 : 晴,ダート : 良,発走 : 10:55,2023年1月9日,1回中山4日目,16,7,14,2,3,5,9,"18,630","3,730",770,630,"4,690","202,460","38,050","34,530","4,310","471,060","728,220","5,121,880"
202306010404,4 R,3歳新馬,ダ右1200m,天候 : 晴,ダート : 良,発走 : 11:25,2023年1月9日,1回中山4日目,16,2,3,6,11,7,14,690,270,220,710,750,"2,530","1,080","2,190","2,570","4,870","18,240","79,880"
202306010405,5 R,3歳未勝利,芝右 外1600m,天候 : 晴,芝 : 良,発走 : 12:15,2023年1月9日,1回中山4日目,16,1,2,1,1,2,3,"1,030",280,310,170,"4,200","4,220","1,340",730,"1,040","10,030","5,280","32,800"
202306010406,6 R,3歳新馬,ダ右1800m,天候 : 晴,ダート : 良,発走 : 12:45,2023年1月9日,1回中山4日目,11,8,10,3,3,8,11,210,130,180,770,610,610,290,"1,120","2,720",880,"6,470","19,630"
202306010407,7 R,4歳以上1勝クラス,ダ右1800m,天候 : 晴,ダート : 良,発走 : 13:15,2023年1月9日,1回中山4日目,16,3,5,5,10,3,6,"2,490",360,460,150,"2,710","17,330","3,940",740,"1,110","43,070","12,730","142,070"
202306010408,8 R,4歳以上2勝クラス,ダ右1200m,天候 : 晴,ダート : 良,発走 : 13:50,2023年1月9日,1回中山4日目,15,4,6,1,1,2,3,590,220,210,520,"1,490","1,590",630,"1,840","2,140","3,140","10,180","44,270"
202306010409,9 R,成田特別 ,ダ右2400m,天候 : 晴,ダート : 良,"発走 : 14:25

過去の成田特別",2023年1月9日,1回中山4日目,16,2,4,4,7,8,16,730,210,640,200,"3,870","9,080","2,310",500,"1,740","17,010","9,470","93,280"
202306010410,10 R,迎春ステークス ,芝右 外2200m,天候 : 晴,芝 : 良,"発走 : 15:01

過去の迎春ステークス",2023年1月9日,1回中山4日目,12,8,11,4,4,8,12,"1,460",310,120,280,680,"1,370",590,"1,780",590,"4,190","4,870","34,200"
202306010411,11 R,第39回フェアリーステークス(G3),芝右 外1600m,天候 : 晴,芝 : 良,"発走 : 15:35

過去のフェアリーステークス",2023年1月9日,1回中山4日目,16,7,14,5,10,1,1,"3,580",920,430,470,"7,540","21,140","6,640","6,890","2,400","48,190","68,150","517,430"
202306010412,12 R,4歳以上1勝クラス,芝右2000m,天候 : 晴,芝 : 良,発走 : 16:10,2023年1月9日,1回中山4日目,17,8,17,7,14,3,5,690,240,260,300,"1,850","3,000","1,050","1,600","1,230","6,140","11,320","50,510"
202306010501,1 R,3歳未勝利,ダ右1200m,天候 : 曇,ダート : 良,発走 : 10:10,2023年1月14日,1回中山5日目,16,5,9,8,16,4,8,190,110,320,480,"1,730","1,530",550,580,"3,480","2,030","5,970","15,680"
202306010502,2 R,3歳未勝利,ダ右1800m,天候 : 曇,ダート : 良,発走 : 10:40,2023年1月14日,1回中山5日目,16,7,13,6,11,5,10,650,160,110,160,520,550,260,840,250,"1,610","1,270","8,950"
202306010503,3 R,3歳未勝利,ダ右1200m,天候 : 小雨,ダート : 良,発走 : 11:10,2023年1月14日,1回中山5日目,16,8,16,8,15,2,4,250,120,140,160,530,510,250,310,510,"1,000",850,"3,780"
202306010504,4 R,3歳新馬,ダ右1800m,天候 : 小雨,ダート : 良,発走 : 11:40,2023年1月14日,1回中山5日目,16,7,14,1,1,3,5,340,170,470,240,"2,580","3,170","1,310",650,"2,480","4,860","8,080","34,520"
202306010505,5 R,3歳新馬,芝右 外1600m,天候 : 小雨,芝 : 良,発走 : 12:30,2023年1月14日,1回中山5日目,16,7,14,6,12,1,2,290,150,220,420,590,950,380,930,"1,950","1,530","4,350","14,250"
202306010506,6 R,3歳未勝利,芝右2000m,天候 : 雨,芝 : 良,発走 : 13:05,2023年1月14日,1回中山5日目,17,5,10,6,11,4,7,760,250,200,170,"2,350","2,930","1,060",560,480,"5,460","3,340","26,820"
202306010507,7 R,4歳以上1勝クラス,ダ右1200m,天候 : 雨,ダート : 良,発走 : 13:35,2023年1月14日,1回中山5日目,16,4,8,2,4,8,16,180,110,390,250,"2,050","1,830",720,460,"2,890","2,390","4,930","17,950"
202306010508,8 R,4歳以上1勝クラス,ダ右1800m,天候 : 雨,ダート : 良,発走 : 14:05,2023年1月14日,1回中山5日目,15,5,8,4,6,2,3,"1,980",470,690,150,"5,770","34,670","7,310",980,"1,600","74,270","29,670","284,500"
202306010509,9 R,菜の花賞 ,芝右 外1600m,天候 : 雨,芝 : 良,"発走 : 14:35

過去の菜の花賞",2023年1月14日,1回中山5日目,13,5,7,8,13,1,1,"1,360",400,"1,030",540,730,"22,510","5,910","3,250","7,050","33,610","111,360","624,080"
202306010510,10 R,アレキサンドライトS ,ダ右1800m,天候 : 曇,ダート : 良,"発走 : 15:10

過去のアレキサンドライトS",2023年1月14日,1回中山5日目,12,7,10,4,4,8,11,340,160,150,380,550,580,280,"1,200","1,160","1,100","3,590","12,380"
202306010511,11 R,カーバンクルS ,芝右 外1200m,天候 : 曇,芝 : 稍重,"発走 : 15:45

過去のカーバンクルS",2023年1月14日,1回中山5日目,16,6,11,1,2,3,5,470,200,770,290,"3,220","9,300","2,780",800,"4,270","14,100","23,250","150,760"
202306010512,12 R,4歳以上2勝クラス,芝右 外2200m,天候 : 曇,芝 : 稍重,発走 : 16:20,2023年1月14日,1回中山5日目,11,4,4,6,6,8,10,460,150,130,230,630,660,320,630,560,"1,670","2,080","10,700"
202306010601,1 R,3歳未勝利,ダ右1200m,天候 : 曇,ダート : 良,発走 : 10:10,2023年1月15日,1回中山6日目,16,2,4,6,11,5,9,850,210,320,140,"1,670","6,100","1,500",500,"1,000","11,980","6,230","62,430"
202306010602,2 R,3歳未勝利,ダ右1800m,天候 : 曇,ダート : 良,発走 : 10:40,2023年1月15日,1回中山6日目,16,5,10,3,6,1,1,450,190,270,190,"2,890","3,040",830,480,830,"5,680","5,660","32,810"
202306010603,3 R,3歳未勝利,ダ右1800m,天候 : 曇,ダート : 良,発走 : 11:10,2023年1月15日,1回中山6日目,16,3,6,6,12,1,1,150,110,130,190,310,290,170,340,550,430,"1,020","2,260"
202306010604,4 R,4歳以上1勝クラス,ダ右1200m,天候 : 曇,ダート : 良,発走 : 11:40,2023年1月15日,1回中山6日目,16,6,12,8,15,7,13,460,170,190,530,"1,050","1,140",440,"1,560","2,200","2,060","7,910","43,740"
202306010605,5 R,3歳未勝利,芝右 外1600m,天候 : 曇,芝 : 良,発走 : 12:30,2023年1月15日,1回中山6日目,16,5,9,7,13,8,16,420,150,130,170,610,680,310,570,390,"1,460","1,370","5,310"
202306010606,6 R,3歳新馬,ダ右1800m,天候 : 曇,ダート : 良,発走 : 13:05,2023年1月15日,1回中山6日目,13,5,7,4,4,3,3,920,270,190,290,"2,830","2,540",770,"1,570",960,"5,600","7,580","44,070"
202306010607,7 R,4歳以上1勝クラス,芝右 外1600m,天候 : 曇,芝 : 良,発走 : 13:30,2023年1月15日,1回中山6日目,16,4,7,1,1,6,12,190,110,520,190,"1,980","2,420",710,350,"2,420","3,550","5,170","21,340"
202306010608,8 R,4歳以上2勝クラス,ダ右1800m,天候 : 曇,ダート : 良,発走 : 14:01,2023年1月15日,1回中山6日目,16,8,15,4,7,4,8,700,190,180,140,750,"2,580",810,540,430,"5,240","2,430","19,870"
202306010609,9 R,サンライズステークス ,芝右 外1200m,天候 : 小雨,芝 : 良,"発走 : 14:35

過去のサンライズステークス",2023年1月15日,1回中山6日目,11,1,1,5,5,6,6,190,120,420,440,"2,360","1,950",770,800,"3,680","2,770","10,930","26,420"
202306010610,10 R,ジャニュアリーS ,ダ右1200m,天候 : 小雨,ダート : 良,"発走 : 15:10

過去のジャニュアリーS",2023年1月15日,1回中山6日目,11,3,3,2,2,1,1,480,150,730,140,"11,130","10,690","3,220",320,"1,760","16,090","6,770","60,150"
202306010611,11 R,第63回京成杯(G3),芝右2000m,天候 : 曇,芝 : 良,"発走 : 15:45

過去の京成杯",2023年1月15日,1回中山6日目,9,4,4,3,3,7,7,270,140,"1,090",130,"12,170","19,570","4,840",220,"3,870","23,840","11,010","93,740"
202306010612,12 R,4歳以上2勝クラス,芝右 外1200m,天候 : 曇,芝 : 良,発走 : 16:20,2023年1月15日,1回中山6日目,11,4,4,6,6,1,1,620,210,180,150,"1,290","1,760",590,400,320,"3,800","1,330","10,380"
202306010701,1 R,3歳未勝利,ダ右1200m,天候 : 晴,ダート : 稍重,発走 : 10:10,2023年1月21日,1回中山7日目,16,4,8,5,9,2,3,"1,390",260,140,370,"1,320","1,140",430,"1,120",620,"3,540","4,290","25,620"
202306010702,2 R,3歳未勝利,ダ右1200m,天候 : 晴,ダート : 稍重,発走 : 10:40,2023年1月21日,1回中山7日目,16,2,3,2,4,7,14,"1,250",180,100,120,630,720,330,560,190,"2,420",660,"6,490"
202306010703,3 R,3歳未勝利,ダ右1800m,天候 : 晴,ダート : 稍重,発走 : 11:10,2023年1月21日,1回中山7日目,16,2,4,6,12,3,5,660,220,230,640,"1,210","2,280",840,"2,470","2,450","4,260","14,420","61,890"
202306010704,4 R,3歳新馬,ダ右1200m,天候 : 晴,ダート : 稍重,発走 : 11:40,2023年1月21日,1回中山7日目,16,4,7,2,3,1,1,370,200,"2,290",470,"1,960","31,450","8,340","1,590","12,640","37,670","99,490","497,900"
202306010705,5 R,3歳未勝利,芝右2000m,天候 : 曇,芝 : 稍重,発走 : 12:30,2023年1月21日,1回中山7日目,13,2,2,5,7,7,10,520,180,230,130,"3,070","3,060",800,400,430,"5,460","2,520","19,190"
202306010706,6 R,3歳新馬,ダ右1800m,天候 : 曇,ダート : 稍重,発走 : 13:05,2023年1月21日,1回中山7日目,16,5,9,8,15,7,14,"2,540",450,190,"2,620",470,"3,100","1,220","24,920","8,330","10,010","105,510","455,470"
202306010707,7 R,3歳1勝クラス,ダ右1200m,天候 : 曇,ダート : 稍重,発走 : 13:35,2023年1月21日,1回中山7日目,13,4,5,1,1,6,9,200,110,120,150,390,430,200,300,390,630,910,"2,100"
202306010708,8 R,4歳以上1勝クラス,ダ右1800m,天候 : 曇,ダート : 稍重,発走 : 14:05,2023年1月21日,1回中山7日目,13,8,12,1,1,5,6,370,150,150,260,500,730,300,870,560,"1,660","2,260","11,300"
202306010709,9 R,初茜賞 ,ダ右1800m,天候 : 晴,ダート : 稍重,"発走 : 14:35

過去の初茜賞",2023年1月21日,1回中山7日目,16,4,8,4,7,2,3,160,110,180,390,820,810,360,790,"1,400","1,090","4,310","9,900"
202306010710,10 R,東雲賞 ,芝右1800m,天候 : 晴,芝 : 稍重,"発走 : 15:10

過去の東雲賞",2023年1月21日,1回中山7日目,10,8,10,1,1,3,3,210,110,130,270,410,440,200,510,560,790,"1,580","4,510"
202306010711,11 R,初富士ステークス ,芝右2000m,天候 : 晴,芝 : 稍重,"発走 : 15:45

過去の初富士ステークス",2023年1月21日,1回中山7日目,14,4,6,4,5,6,9,620,160,410,110,"7,960","7,090","1,500",260,810,"13,390","3,280","43,380"
202306010712,12 R,4歳以上1勝クラス,芝右 外2200m,天候 : 晴,芝 : 稍重,発走 : 16:25,2023年1月21日,1回中山7日目,14,7,12,4,5,7,11,"3,880",840,170,240,"1,000","4,600","1,870","3,480",710,"13,840","15,510","148,360"
202306010801,1 R,3歳未勝利,ダ右1200m,天候 : 曇,ダート : 良,発走 : 10:10,2023年1月22日,1回中山8日目,16,7,14,1,2,7,13,310,140,200,780,470,"1,020",540,"1,900","4,570","1,800","12,900","38,640"
202306010802,2 R,3歳未勝利,ダ右1800m,天候 : 曇,ダート : 良,発走 : 10:40,2023年1月22日,1回中山8日目,15,7,12,2,2,6,10,340,170,300,210,690,"1,590",760,670,"1,230","2,020","4,280","12,240"
202306010803,3 R,3歳未勝利,ダ右1800m,天候 : 曇,ダート : 良,発走 : 11:10,2023年1月22日,1回中山8日目,16,2,4,2,3,3,6,190,110,180,"6,790",560,610,280,"18,720","40,790",760,"74,000","164,250"
202306010804,4 R,4歳以上1勝クラス,ダ右1200m,天候 : 曇,ダート : 良,発走 : 11:40,2023年1月22日,1回中山8日目,16,5,10,2,3,2,4,840,310,180,660,"1,380","1,510",640,"3,090","1,650","3,570","11,190","58,870"
202306010805,5 R,3歳未勝利,芝右 外2200m,天候 : 曇,芝 : 良,発走 : 12:30,2023年1月22日,1回中山8日目,15,7,12,8,14,1,1,"5,330",510,130,170,"2,470","5,060","1,330","2,790",420,"18,620","8,840","117,420"
202306010806,6 R,3歳新馬,芝右2000m,天候 : 曇,芝 : 良,発走 : 13:00,2023年1月22日,1回中山8日目,17,7,13,7,14,8,15,370,160,160,350,730,660,320,"1,080",860,"1,300","3,200","15,010"
202306010807,7 R,4歳以上1勝クラス,ダ右1800m,天候 : 晴,ダート : 良,発走 : 13:30,2023年1月22日,1回中山8日目,13,7,10,3,3,6,8,250,140,240,150,"1,530","1,420",510,240,500,"2,080","1,560","6,910"
202306010808,8 R,4歳以上2勝クラス,ダ右1200m,天候 : 晴,ダート : 良,発走 : 14:01,2023年1月22日,1回中山8日目,16,4,7,7,13,8,15,"1,210",350,150,220,960,"2,330",990,"2,240",490,"5,500","5,580","40,010"
202306010809,9 R,若竹賞 ,芝右1800m,天候 : 晴,芝 : 良,"発走 : 14:35

過去の若竹賞",2023年1月22日,1回中山8日目,10,2,2,4,4,5,5,560,170,200,190,"1,860","1,750",510,390,480,"3,450","2,270","15,190"
202306010810,10 R,江戸川ステークス ,ダ右1200m,天候 : 晴,ダート : 良,"発走 : 15:10

過去の江戸川ステークス",2023年1月22日,1回中山8日目,16,6,11,3,5,4,8,"2,070",510,230,200,"1,200","6,700","2,120","1,860",710,"15,360","11,880","107,350"
202306010811,11 R,第64回アメリカジョッキーC(G2),芝右 外2200m,天候 : 晴,芝 : 良,"発走 : 15:45

過去のアメリカジョッキーC",2023年1月22日,1回中山8日目,14,3,4,6,9,4,6,860,300,380,270,640,"3,950","1,300","1,080","1,230","8,290","10,710","71,370"
202306010812,12 R,4歳以上2勝クラス,芝右 外1600m,天候 : 晴,芝 : 良,発走 : 16:25,2023年1月22日,1回中山8日目,9,1,1,3,3,4,4,460,130,140,110,"1,400","1,330",340,190,270,"2,510",690,"6,200"
202307010101,1 R,3歳未勝利,ダ左1800m,天候 : 晴,ダート : 良,発走 : 10:10,2023年1月5日,1回中京1日目,13,8,13,7,11,7,10,410,190,720,550,530,"3,860",950,710,"2,540","5,980","9,010","43,450"
202307010102,2 R,3歳未勝利,ダ左1200m,天候 : 晴,ダート : 良,発走 : 10:40,2023年1月5日,1回中京1日目,15,4,7,3,4,5,9,"3,400",710,210,300,500,"13,610","3,760","4,440","1,100","27,990","30,660","355,050"
202307010103,3 R,3歳未勝利,ダ左1900m,天候 : 晴,ダート : 良,発走 : 11:10,2023年1月5日,1回中京1日目,12,7,9,3,3,2,2,"1,200",420,190,"1,050","2,630","2,660",960,"4,670","2,190","5,650","26,350","128,500"
202307010104,4 R,4歳以上1勝クラス,ダ左1800m,天候 : 晴,ダート : 良,発走 : 11:40,2023年1月5日,1回中京1日目,12,6,7,5,6,3,3,"2,260",500,200,670,"3,110","4,770","1,190","4,760","2,010","12,120","31,920","225,390"
202307010105,5 R,3歳新馬,芝左2000m,天候 : 晴,芝 : 良,発走 : 12:30,2023年1月5日,1回中京1日目,12,5,6,2,2,5,5,"1,510",310,250,130,920,"5,660","1,480",510,480,"14,350","2,920","35,430"
202307010106,6 R,3歳1勝クラス,芝左2000m,天候 : 晴,芝 : 良,発走 : 13:01,2023年1月5日,1回中京1日目,9,3,3,8,9,6,6,140,110,130,200,240,290,160,390,710,380,"1,710","3,160"
202307010107,7 R,4歳以上2勝クラス,ダ左1200m,天候 : 晴,ダート : 良,発走 : 13:30,2023年1月5日,1回中京1日目,16,4,7,7,14,8,15,"8,990","1,780",190,420,"2,930","19,560","5,110","12,540",860,"51,980","48,040","478,440"
202307010108,8 R,4歳以上2勝クラス,ダ左1900m,天候 : 晴,ダート : 良,発走 : 14:00,2023年1月5日,1回中京1日目,16,6,12,7,14,3,5,310,130,140,140,510,650,290,340,330,"1,240","1,100","4,100"
202307010109,9 R,門松ステークス ,ダ左1400m,天候 : 晴,ダート : 良,"発走 : 14:35

過去の門松ステークス",2023年1月5日,1回中京1日目,16,1,2,6,12,7,14,480,180,190,270,"1,400","1,440",590,940,920,"2,750","3,980","20,780"
202307010110,10 R,万葉ステークス ,芝左3000m,天候 : 晴,芝 : 良,"発走 : 15:10

過去の万葉ステークス",2023年1月5日,1回中京1日目,16,8,15,2,3,1,1,300,170,710,810,"3,650","4,840","1,800","3,210","5,940","7,410","45,340","184,630"
202307010111,11 R,第61回スポニチ賞京都金杯(G3),芝左1600m,天候 : 晴,芝 : 良,"発走 : 15:45

過去のスポニチ賞京都金杯",2023年1月5日,1回中京1日目,16,4,7,3,5,1,2,740,280,220,210,"1,660","2,280",880,920,770,"4,370","4,140","24,480"
202307010112,12 R,4歳以上2勝クラス,芝左1600m,天候 : 晴,芝 : 良,発走 : 16:20,2023年1月5日,1回中京1日目,12,4,4,5,6,7,9,290,160,410,470,"1,190","2,240",800,"1,090","3,510","3,310","10,790","40,960"
202307010201,1 R,3歳未勝利,ダ左1800m,天候 : 晴,ダート : 良,発走 : 10:10,2023年1月7日,1回中京2日目,15,6,11,6,10,3,4,560,170,140,250,830,830,350,810,640,"1,700","2,490","12,560"
202307010202,2 R,3歳未勝利,ダ左1200m,天候 : 晴,ダート : 良,発走 : 10:40,2023年1月7日,1回中京2日目,16,1,2,8,15,5,9,"1,200",210,110,170,880,"1,110",430,820,260,"3,230","1,780","17,950"
202307010203,3 R,3歳未勝利,ダ左1900m,天候 : 晴,ダート : 良,発走 : 11:10,2023年1月7日,1回中京2日目,13,7,10,4,4,1,1,"3,940",860,200,"1,260","3,310","7,660","2,350","16,020","4,480","18,810","109,590","716,860"
202307010204,4 R,3歳新馬,ダ左1800m,天候 : 晴,ダート : 良,発走 : 11:40,2023年1月7日,1回中京2日目,12,5,5,7,10,7,9,"5,050",890,250,980,"1,700","16,530","4,620","10,240","2,840","39,840","92,980","896,940"
202307010205,5 R,3歳未勝利,芝左1600m,天候 : 晴,芝 : 良,発走 : 12:30,2023年1月7日,1回中京2日目,15,5,8,7,13,6,10,190,120,820,190,"3,300","9,900","2,870",360,"3,320","9,450","14,210","61,690"
202307010206,6 R,3歳1勝クラス,芝左1200m,天候 : 晴,芝 : 良,発走 : 13:00,2023年1月7日,1回中京2日目,9,4,4,3,3,1,1,170,110,140,110,500,810,260,140,310,"1,000",550,"2,440"
202307010207,7 R,4歳以上1勝クラス,ダ左1800m,天候 : 晴,ダート : 良,発走 : 13:30,2023年1月7日,1回中京2日目,12,6,8,7,9,4,4,260,120,150,220,570,540,240,500,700,"1,060","1,550","6,120"
202307010208,8 R,4歳以上2勝クラス,ダ左1800m,天候 : 晴,ダート : 良,発走 : 14:00,2023年1月7日,1回中京2日目,15,5,8,2,3,8,14,"1,620",330,180,470,"3,740","3,170","1,000","2,890","1,760","8,130","20,450","93,370"
202307010209,9 R,長良川特別 ,芝左2200m,天候 : 晴,芝 : 良,"発走 : 14:35

過去の長良川特別",2023年1月7日,1回中京2日目,14,6,10,8,14,8,13,"1,680",450,190,270,830,"5,140","1,550","1,970",930,"12,400","11,360","88,690"
202307010210,10 R,寿ステークス ,芝左2000m,天候 : 晴,芝 : 良,"発走 : 15:10

過去の寿ステークス",2023年1月7日,1回中京2日目,13,5,7,8,13,4,5,340,170,200,260,560,"1,240",510,710,"1,130","2,390","3,820","15,110"
202307010211,11 R,すばるステークス(L),ダ左1400m,天候 : 晴,ダート : 良,"発走 : 15:45

過去のすばるステークス",2023年1月7日,1回中京2日目,14,6,10,7,12,4,5,280,120,110,250,220,250,160,580,520,670,"1,110","4,690"
202307010212,12 R,4歳以上1勝クラス,芝左1400m,天候 : 晴,芝 : 良,発走 : 16:20,2023年1月7日,1回中京2日目,18,7,14,2,4,7,15,260,160,350,630,"1,220","2,090",790,"1,590","4,020","2,830","16,060","61,790"
202307010301,1 R,3歳未勝利,ダ左1800m,天候 : 晴,ダート : 良,発走 : 10:10,2023年1月8日,1回中京3日目,15,5,9,5,8,1,1,"4,790",590,430,120,"22,370","27,180","5,620","1,560",910,"70,930","16,580","238,260"
202307010302,2 R,3歳未勝利,ダ左1400m,天候 : 晴,ダート : 良,発走 : 10:40,2023年1月8日,1回中京3日目,16,6,11,5,9,6,12,"2,310",650,220,210,"1,360","8,980","3,320","2,750",800,"20,720","15,970","136,510"
202307010303,3 R,3歳未勝利,ダ左1800m,天候 : 晴,ダート : 良,発走 : 11:10,2023年1月8日,1回中京3日目,11,8,11,7,9,5,5,480,120,110,110,670,760,260,200,160,"1,860",470,"5,110"
202307010304,4 R,3歳新馬,ダ左1200m,天候 : 晴,ダート : 良,発走 : 11:40,2023年1月8日,1回中京3日目,16,6,11,6,12,5,9,"1,020",290,190,430,"2,230","2,080",680,"2,440","1,410","5,680","10,000","56,180"
202307010305,5 R,3歳未勝利,芝左2200m,天候 : 晴,芝 : 良,発走 : 12:30,2023年1月8日,1回中京3日目,18,5,10,6,11,7,13,"1,540",520,510,420,"5,000","16,830","5,160","3,420","3,270","30,160","59,910","361,320"
202307010306,6 R,3歳新馬,芝左2000m,天候 : 晴,芝 : 良,発走 : 13:01,2023年1月8日,1回中京3日目,15,3,4,5,9,4,6,480,150,120,490,600,570,270,"1,770","1,070","1,630","4,930","23,910"
202307010307,7 R,4歳以上1勝クラス,ダ左1200m,天候 : 晴,ダート : 良,発走 : 13:30,2023年1月8日,1回中京3日目,16,3,5,4,7,2,4,480,200,340,300,"2,340","3,660","1,100","1,000","2,560","6,460","13,610","59,790"
202307010308,8 R,4歳以上1勝クラス,ダ左1900m,天候 : 晴,ダート : 良,発走 : 14:01,2023年1月8日,1回中京3日目,12,8,12,3,3,6,8,610,140,110,110,"1,210","1,250",320,250,150,"3,030",570,"7,260"
202307010309,9 R,濃尾特別 ,ダ左1800m,天候 : 晴,ダート : 良,"発走 : 14:35

過去の濃尾特別",2023年1月8日,1回中京3日目,16,3,6,7,13,5,10,"6,590","1,180",270,"2,850","6,880","23,510","4,470","35,250","12,060","62,060","444,280","2,581,850"
202307010310,10 R,新春ステークス ,芝左1400m,天候 : 晴,芝 : 良,"発走 : 15:10

過去の新春ステークス",2023年1月8日,1回中京3日目,11,6,7,7,9,8,10,870,260,560,260,"3,700","8,050","1,840","1,220","2,980","13,450","22,820","134,330"
202307010311,11 R,第57回日刊スポシンザン記念(G3),芝左1600m,天候 : 晴,芝 : 良,"発走 : 15:45

過去の日刊スポシンザン記念",2023年1月8日,1回中京3日目,7,2,2,7,7,4,4,300,180,250,0,970,0,390,370,420,"1,490","1,290","5,520"
202307010312,12 R,4歳以上2勝クラス,芝左1200m,天候 : 晴,芝 : 良,発走 : 16:20,2023年1月8日,1回中京3日目,13,8,13,5,7,7,10,650,200,130,150,770,890,400,600,330,"1,970","1,570","8,600"
202307010401,1 R,3歳未勝利,ダ左1800m,天候 : 晴,ダート : 良,発走 : 10:10,2023年1月9日,1回中京4日目,11,6,7,2,2,4,4,190,110,110,120,170,170,110,180,190,340,230,670
202307010402,2 R,3歳未勝利,ダ左1200m,天候 : 晴,ダート : 良,発走 : 10:40,2023年1月9日,1回中京4日目,16,4,7,2,4,2,3,880,330,260,170,"1,740","5,560","1,870",940,590,"10,260","6,640","54,250"
202307010403,3 R,3歳1勝クラス,ダ左1800m,天候 : 晴,ダート : 良,発走 : 11:10,2023年1月9日,1回中京4日目,12,5,6,8,12,6,8,"1,050",270,260,370,610,"3,700","1,280","1,310","2,020","8,330","14,750","84,220"
202307010404,4 R,4歳以上1勝クラス,ダ左1400m,天候 : 晴,ダート : 良,発走 : 11:40,2023年1月9日,1回中京4日目,16,2,4,5,9,1,1,"1,430",320,160,130,"3,480","5,430","1,480",560,290,"12,760","3,360","42,200"
202307010405,5 R,3歳未勝利,芝左1600m,天候 : 晴,芝 : 良,発走 : 12:30,2023年1月9日,1回中京4日目,16,6,12,3,6,4,7,600,200,130,210,840,820,380,740,480,"1,870","2,030","9,140"
202307010406,6 R,3歳新馬,芝左1600m,天候 : 晴,芝 : 良,発走 : 13:01,2023年1月9日,1回中京4日目,16,7,14,1,2,8,15,240,140,570,540,730,"3,940","1,410","1,160","6,460","5,370","22,960","78,660"
202307010407,7 R,3歳未勝利,芝左2000m,天候 : 晴,芝 : 良,発走 : 13:30,2023年1月9日,1回中京4日目,18,8,16,2,4,7,13,420,190,430,"1,010","1,660","4,060","1,680","4,530","8,120","6,860","54,590","222,640"
202307010408,8 R,4歳以上1勝クラス,ダ左1800m,天候 : 晴,ダート : 良,発走 : 14:00,2023年1月9日,1回中京4日目,15,3,5,8,15,5,8,"1,170",370,190,350,"1,430","3,340","1,270","2,240","1,360","8,260","17,590","115,950"
202307010409,9 R,鳥羽特別 ,ダ左1400m,天候 : 晴,ダート : 良,"発走 : 14:35

過去の鳥羽特別",2023年1月9日,1回中京4日目,14,5,8,6,10,5,7,180,110,220,190,900,"1,330",540,310,"1,650","1,750","2,450","8,470"
202307010410,10 R,雅ステークス ,ダ左1800m,天候 : 晴,ダート : 良,"発走 : 15:10

過去の雅ステークス",2023年1月9日,1回中京4日目,16,8,16,3,5,2,4,590,190,140,180,"1,420","1,250",510,560,410,"2,730","1,960","11,620"
202307010411,11 R,淀短距離ステークス(L),芝左1200m,天候 : 晴,芝 : 良,"発走 : 15:45

過去の淀短距離ステークス",2023年1月9日,1回中京4日目,15,2,2,2,3,8,15,"3,200",660,890,"1,400","33,610","37,950","10,190","17,250","19,320","79,490","593,430","3,564,220"
202307010412,12 R,4歳以上1勝クラス,芝左2000m,天候 : 晴,芝 : 良,発走 : 16:20,2023年1月9日,1回中京4日目,14,3,4,8,14,7,11,"1,760",390,130,380,630,"2,290",760,"3,950",810,"6,560","10,050","86,720"
202307010501,1 R,3歳未勝利,ダ左1200m,天候 : 小雨,ダート : 重,発走 : 10:01,2023年1月14日,1回中京5日目,16,3,5,4,8,1,2,"1,620",280,110,250,750,950,410,"2,070",380,"3,750","3,190","32,890"
202307010502,2 R,3歳未勝利,ダ左1400m,天候 : 小雨,ダート : 重,発走 : 10:30,2023年1月14日,1回中京5日目,15,6,11,8,15,3,5,"2,050",390,120,340,680,"1,610",730,"2,890",650,"4,830","6,420","52,550"
202307010503,3 R,3歳未勝利,ダ左1800m,天候 : 小雨,ダート : 重,発走 : 11:00,2023年1月14日,1回中京5日目,13,7,11,2,2,3,3,"1,440",380,390,200,"3,460","20,510","6,060","1,140","1,240","28,600","22,880","199,090"
202307010504,4 R,3歳新馬,ダ左1400m,天候 : 小雨,ダート : 重,発走 : 11:30,2023年1月14日,1回中京5日目,16,7,13,7,14,4,7,500,220,260,280,"2,500","2,260",910,810,"1,480","4,580","8,900","46,040"
202307010505,5 R,3歳未勝利,芝左1400m,天候 : 小雨,芝 : 重,発走 : 12:20,2023年1月14日,1回中京5日目,18,3,6,2,3,5,9,240,140,540,150,"1,980","4,200","1,370",250,"1,750","6,170","3,900","23,400"
202307010506,6 R,3歳1勝クラス,芝左2200m,天候 : 小雨,芝 : 重,発走 : 12:55,2023年1月14日,1回中京5日目,6,3,3,1,1,4,4,380,210,230,0,880,0,370,"1,300","1,670","1,730","5,840","20,280"
202307010507,7 R,4歳以上1勝クラス,ダ左1800m,天候 : 曇,ダート : 重,発走 : 13:25,2023年1月14日,1回中京5日目,9,8,9,4,4,3,3,530,150,240,110,"1,390","2,790",740,270,460,"5,330","2,050","15,230"
202307010508,8 R,4歳以上1勝クラス,ダ左1200m,天候 : 曇,ダート : 重,発走 : 13:55,2023年1月14日,1回中京5日目,14,7,12,4,6,8,14,260,120,150,230,440,440,240,440,520,730,"1,180","4,000"
202307010509,9 R,渥美特別 ,芝左2000m,天候 : 曇,芝 : 重,"発走 : 14:25

過去の渥美特別",2023年1月14日,1回中京5日目,8,7,7,4,4,5,5,140,110,320,130,"1,620",0,580,160,"1,240","2,750","1,500","7,500"
202307010510,10 R,遠江ステークス ,ダ左1400m,天候 : 曇,ダート : 重,"発走 : 15:01

過去の遠江ステークス",2023年1月14日,1回中京5日目,16,7,14,3,6,4,7,180,110,150,250,380,400,230,460,730,570,"1,360","3,330"
202307010511,11 R,第60回愛知杯(G3),芝左2000m,天候 : 曇,芝 : 重,"発走 : 15:35

過去の愛知杯",2023年1月14日,1回中京5日目,15,2,3,7,13,2,2,390,160,340,180,"1,730","3,900","1,290",460,"1,120","6,120","5,500","32,220"
202307010512,12 R,4歳以上1勝クラス,芝左1600m,天候 : 曇,芝 : 重,発走 : 16:10,2023年1月14日,1回中京5日目,16,6,11,3,6,8,15,320,140,440,120,"1,980","4,040",990,210,"1,100","5,610","3,180","22,010"
202307010601,1 R,3歳未勝利,ダ左1900m,天候 : 晴,ダート : 稍重,発走 : 10:01,2023年1月15日,1回中京6日目,11,8,11,3,3,6,6,210,110,120,120,430,380,170,180,220,600,240,950
202307010602,2 R,3歳未勝利,ダ左1400m,天候 : 晴,ダート : 稍重,発走 : 10:30,2023年1月15日,1回中京6日目,16,5,9,7,14,5,10,240,130,330,330,"1,360","1,540",600,530,"2,040","2,290","4,410","18,510"
202307010603,3 R,3歳新馬,ダ左1800m,天候 : 晴,ダート : 稍重,発走 : 11:00,2023年1月15日,1回中京6日目,14,3,4,5,7,6,10,620,200,250,200,890,"2,200",730,640,810,"4,070","3,560","22,380"
202307010604,4 R,3歳1勝クラス,ダ左1200m,天候 : 晴,ダート : 稍重,発走 : 11:30,2023年1月15日,1回中京6日目,11,2,2,6,7,6,6,640,220,230,210,960,"1,970",630,540,550,"3,560","3,420","19,270"
202307010605,5 R,3歳未勝利,芝左2000m,天候 : 晴,芝 : 重,発走 : 12:20,2023年1月15日,1回中京6日目,12,5,6,5,5,1,1,140,110,120,110,330,340,150,140,220,420,270,780
202307010606,6 R,3歳新馬,芝左2000m,天候 : 晴,芝 : 重,発走 : 12:50,2023年1月15日,1回中京6日目,12,6,7,2,2,5,6,"1,510",330,610,200,"12,300","12,830","2,130","1,020","1,480","26,420","14,630","118,610"
202307010607,7 R,4歳以上1勝クラス,ダ左1400m,天候 : 晴,ダート : 稍重,発走 : 13:20,2023年1月15日,1回中京6日目,14,5,7,4,5,7,12,"1,540",530,140,300,"2,690","3,160","1,180","4,230",690,"6,580","11,310","63,580"
202307010608,8 R,4歳以上2勝クラス,ダ左1200m,天候 : 曇,ダート : 稍重,発走 : 13:50,2023年1月15日,1回中京6日目,13,4,5,8,13,1,1,410,170,210,390,430,"1,760",580,"1,280","1,430","3,160","6,480","31,250"
202307010609,9 R,天竜川特別 ,ダ左1800m,天候 : 曇,ダート : 稍重,"発走 : 14:25

過去の天竜川特別",2023年1月15日,1回中京6日目,14,6,10,5,7,7,12,160,110,150,160,450,480,220,220,440,620,700,"1,930"
202307010610,10 R,紅梅ステークス(L),芝左1400m,天候 : 曇,芝 : 稍重,"発走 : 15:01

過去の紅梅ステークス",2023年1月15日,1回中京6日目,10,4,4,8,9,1,1,660,180,140,180,830,930,320,550,410,"2,340","1,560","9,690"
202307010611,11 R,第70回日経新春杯(G2),芝左2200m,天候 : 曇,芝 : 稍重,"発走 : 15:35

過去の日経新春杯",2023年1月15日,1回中京6日目,14,2,2,6,10,7,12,380,190,740,240,"2,390","8,410","2,380",730,"3,620","13,440","17,190","96,330"
202307010612,12 R,4歳以上2勝クラス,芝左1400m,天候 : 曇,芝 : 稍重,発走 : 16:10,2023年1月15日,1回中京6日目,12,2,2,3,3,6,7,"6,170",920,170,140,"8,770","9,190","2,610","3,250",310,"29,870","10,310","148,590"
202307010701,1 R,3歳未勝利,ダ左1900m,天候 : 晴,ダート : 良,発走 : 10:01,2023年1月21日,1回中京7日目,13,8,13,4,5,1,1,430,170,110,210,230,800,340,810,400,"1,490","1,840","8,380"
202307010702,2 R,3歳未勝利,ダ左1200m,天候 : 晴,ダート : 良,発走 : 10:30,2023年1月21日,1回中京7日目,12,6,8,7,9,3,3,210,110,110,130,370,400,170,230,260,660,570,"1,790"
202307010703,3 R,3歳新馬,ダ左1800m,天候 : 晴,ダート : 良,発走 : 11:00,2023年1月21日,1回中京7日目,16,8,15,2,3,5,10,"5,430","1,100",710,350,"8,330","60,800","15,730","8,980","2,750","102,790","161,440","1,665,270"
202307010704,4 R,3歳1勝クラス,ダ左1400m,天候 : 晴,ダート : 良,発走 : 11:30,2023年1月21日,1回中京7日目,9,7,7,5,5,1,1,"1,690",290,830,160,"10,840","16,310","4,150",840,"1,970","34,420","17,930","168,400"
202307010705,5 R,3歳未勝利,芝左2000m,天候 : 晴,芝 : 良,発走 : 12:20,2023年1月21日,1回中京7日目,11,7,8,2,2,6,6,180,110,130,270,360,450,200,540,880,650,"1,820","4,770"
202307010706,6 R,3歳未勝利,芝左1600m,天候 : 晴,芝 : 良,発走 : 12:55,2023年1月21日,1回中京7日目,11,5,5,8,10,8,11,210,110,110,130,180,320,150,170,210,580,320,"1,320"
202307010707,7 R,4歳以上2勝クラス,ダ左1900m,天候 : 晴,ダート : 良,発走 : 13:25,2023年1月21日,1回中京7日目,16,4,7,8,16,1,2,180,110,160,160,420,650,300,290,640,970,"1,270","3,890"
202307010708,8 R,4歳以上2勝クラス,ダ左1400m,天候 : 晴,ダート : 良,発走 : 13:55,2023年1月21日,1回中京7日目,16,6,11,2,4,7,13,860,210,140,170,920,"1,480",530,500,420,"3,750","2,140","14,370"
202307010709,9 R,遠州灘ステークス ,ダ左1800m,天候 : 晴,ダート : 良,"発走 : 14:25

過去の遠州灘ステークス",2023年1月21日,1回中京7日目,16,4,8,2,4,4,7,"1,160",210,110,160,420,"1,220",440,750,230,"3,250","1,600","14,270"
202307010710,10 R,若駒ステークス(L),芝左2000m,天候 : 晴,芝 : 良,"発走 : 15:01

過去の若駒ステークス",2023年1月21日,1回中京7日目,7,5,5,1,1,4,4,400,210,200,0,830,0,310,330,330,"1,640","1,180","5,340"
202307010711,11 R,睦月ステークス ,芝左1600m,天候 : 晴,芝 : 良,"発走 : 15:35

過去の睦月ステークス",2023年1月21日,1回中京7日目,9,3,3,4,4,5,5,680,260,170,230,"1,690","1,830",650,"1,080",660,"3,470","4,750","24,160"
202307010712,12 R,4歳以上1勝クラス,芝左2200m,天候 : 晴,芝 : 良,発走 : 16:10,2023年1月21日,1回中京7日目,7,3,3,1,1,5,5,150,110,170,0,360,0,190,270,650,460,"1,070","2,120"
202307010801,1 R,3歳未勝利,ダ左1800m,天候 : 晴,ダート : 良,発走 : 10:01,2023年1月22日,1回中京8日目,15,5,9,8,14,4,6,120,110,130,270,290,330,210,410,900,500,"1,610","3,840"
202307010802,2 R,3歳未勝利,ダ左1400m,天候 : 晴,ダート : 良,発走 : 10:30,2023年1月22日,1回中京8日目,15,1,1,2,3,5,8,190,110,170,210,550,670,320,340,880,900,"1,900","4,540"
202307010803,3 R,3歳新馬,ダ左1200m,天候 : 晴,ダート : 良,発走 : 11:00,2023年1月22日,1回中京8日目,16,2,4,1,2,7,14,870,280,200,440,"1,460","1,820",670,"2,650","1,530","4,720","13,550","70,630"
202307010804,4 R,3歳1勝クラス,ダ左1800m,天候 : 晴,ダート : 良,発走 : 11:30,2023年1月22日,1回中京8日目,8,4,4,2,2,8,8,"1,980",530,200,160,"5,770",0,"1,880","1,790",510,"14,870","7,630","85,810"
202307010805,5 R,3歳未勝利,芝左2200m,天候 : 晴,芝 : 良,発走 : 12:20,2023年1月22日,1回中京8日目,11,8,11,5,5,2,2,280,130,150,380,410,570,270,770,790,980,"2,240","8,390"
202307010806,6 R,3歳新馬,芝左1600m,天候 : 晴,芝 : 良,発走 : 12:50,2023年1月22日,1回中京8日目,16,8,16,3,6,4,7,510,170,140,160,870,"1,080",400,540,330,"2,330","1,680","10,970"
202307010807,7 R,4歳以上1勝クラス,ダ左1900m,天候 : 晴,ダート : 良,発走 : 13:20,2023年1月22日,1回中京8日目,12,2,2,7,9,5,5,960,180,110,310,600,650,300,"1,990",620,"2,350","3,860","35,100"
202307010808,8 R,4歳以上1勝クラス,ダ左1200m,天候 : 晴,ダート : 良,発走 : 13:50,2023年1月22日,1回中京8日目,15,2,2,6,11,7,12,"2,150",490,230,350,690,"3,690","1,330","3,190","1,610","15,050","18,860","197,500"
202307010809,9 R,西尾特別 ,芝左2000m,天候 : 晴,芝 : 良,"発走 : 14:25

過去の西尾特別",2023年1月22日,1回中京8日目,8,8,8,3,3,4,4,"2,170",250,180,110,"6,290",0,"1,050",360,280,"19,090","2,300","49,690"
202307010810,10 R,長篠ステークス ,芝左1600m,天候 : 晴,芝 : 良,"発走 : 15:01

過去の長篠ステークス",2023年1月22日,1回中京8日目,10,6,6,3,3,7,8,170,110,180,120,820,930,290,150,380,"1,150",660,"3,030"
202307010811,11 R,第40回東海テレビ杯東海S(G2),ダ左1800m,天候 : 晴,ダート : 良,"発走 : 15:35

過去の東海テレビ杯東海S",2023年1月22日,1回中京8日目,15,6,10,3,4,7,13,510,180,120,170,600,970,400,680,350,"1,990","1,750","8,490"
202307010812,12 R,4歳以上2勝クラス,芝左1400m,天候 : 晴,芝 : 良,発走 : 16:10,2023年1月22日,1回中京8日目,8,5,5,4,4,2,2,200,110,170,270,590,0,250,670,"1,080",780,"3,120","7,790"
202307010901,1 R,3歳未勝利,ダ左1800m,天候 : 晴,ダート : 良,発走 : 09:55,2023年1月28日,1回中京9日目,11,8,11,3,3,6,7,440,110,110,120,280,290,160,390,210,810,440,"2,640"
202307010902,2 R,3歳未勝利,ダ左1200m,天候 : 晴,ダート : 良,発走 : 10:25,2023年1月28日,1回中京9日目,12,2,2,6,8,5,6,210,110,200,110,430,920,320,160,550,"1,400","1,010","4,500"
202307010903,3 R,3歳未勝利,ダ左1900m,天候 : 晴,ダート : 良,発走 : 10:55,2023年1月28日,1回中京9日目,15,2,3,1,1,6,10,980,340,160,900,680,"1,850",750,"8,260","3,320","3,800","38,060","135,460"
202307010904,4 R,3歳新馬,ダ左1400m,天候 : 晴,ダート : 良,発走 : 11:25,2023年1月28日,1回中京9日目,16,3,5,5,9,4,8,310,140,220,370,"1,000","1,560",630,"1,030","1,650","3,090","5,670","23,330"
202307010905,5 R,3歳未勝利,芝左2000m,天候 : 晴,芝 : 良,発走 : 12:15,2023年1月28日,1回中京9日目,8,3,3,1,1,8,8,220,110,210,110,"1,420",0,430,170,640,"1,960","1,160","5,110"
202307010906,6 R,3歳1勝クラス,ダ左1400m,天候 : 晴,ダート : 良,発走 : 12:45,2023年1月28日,1回中京9日目,13,5,7,7,10,4,4,"1,410",420,340,910,"1,430","5,930","1,780","4,630","4,180","11,760","42,460","221,510"
202307010907,7 R,4歳以上1勝クラス,ダ左1800m,天候 : 晴,ダート : 良,発走 : 13:15,2023年1月28日,1回中京9日目,8,5,5,4,4,2,2,730,160,110,150,700,0,250,580,210,"2,100",940,"7,780"
202307010908,8 R,4歳以上2勝クラス,ダ左1200m,天候 : 晴,ダート : 良,発走 : 13:50,2023年1月28日,1回中京9日目,16,8,15,6,12,7,13,530,150,120,140,550,570,320,420,240,"1,490",890,"5,160"
202307010909,9 R,白梅賞 ,芝左1600m,天候 : 晴,芝 : 良,"発走 : 14:25

過去の白梅賞",2023年1月28日,1回中京9日目,7,4,4,1,1,5,5,320,190,210,0,940,0,240,160,150,"1,660",300,"2,840"
202307010910,10 R,茶臼山高原特別 ,芝左2200m,天候 : 晴,芝 : 良,"発走 : 15:01

過去の茶臼山高原特別",2023年1月28日,1回中京9日目,9,1,1,8,9,5,5,470,160,110,690,430,610,290,"2,620","1,120","1,420","4,710","23,450"
202307010911,11 R,伊賀ステークス ,ダ左1200m,天候 : 晴,ダート : 良,"発走 : 15:35

過去の伊賀ステークス",2023年1月28日,1回中京9日目,16,6,12,7,14,2,3,490,220,320,560,"1,960","3,190","1,090","1,960","3,060","5,350","22,400","75,010"
202307010912,12 R,4歳以上1勝クラス,芝左1600m,天候 : 晴,芝 : 良,発走 : 16:10,2023年1月28日,1回中京9日目,13,7,10,5,6,8,13,"8,230",980,240,150,"1,490","23,750","4,930","3,040",480,"72,210","13,520","264,310"
202307011001,1 R,3歳未勝利,ダ左1200m,天候 : 晴,ダート : 良,発走 : 10:01,2023年1月29日,1回中京10日目,13,3,3,7,10,8,13,740,130,160,100,"3,300","3,010",500,180,240,"6,440",780,"11,900"
202307011002,2 R,3歳未勝利,ダ左1800m,天候 : 晴,ダート : 良,発走 : 10:30,2023年1月29日,1回中京10日目,12,7,10,7,9,8,11,730,320,150,410,"1,080","1,640",740,"1,790",810,"3,340","7,210","30,500"
202307011003,3 R,3歳未勝利,ダ左1400m,天候 : 晴,ダート : 良,発走 : 11:00,2023年1月29日,1回中京10日目,15,4,6,5,8,1,1,160,110,120,130,380,350,160,160,260,490,320,"1,000"
202307011004,4 R,3歳1勝クラス,ダ左1200m,天候 : 晴,ダート : 良,発走 : 11:30,2023年1月29日,1回中京10日目,13,2,2,8,12,6,9,"1,290",270,170,130,"2,130","3,670","1,030",650,320,"8,060","2,840","26,900"
202307011005,5 R,3歳未勝利,芝左1600m,天候 : 晴,芝 : 良,発走 : 12:20,2023年1月29日,1回中京10日目,16,2,4,3,6,6,12,190,130,460,440,"1,520","1,750",660,980,"4,760","2,390","14,420","46,540"
202307011006,6 R,3歳新馬,芝左2000m,天候 : 晴,芝 : 良,発走 : 12:50,2023年1月29日,1回中京10日目,12,6,8,8,11,2,2,730,240,320,160,"1,940","7,040","1,300",710,760,"10,350","8,210","74,400"
202307011007,7 R,4歳以上1勝クラス,ダ左1800m,天候 : 晴,ダート : 良,発走 : 13:20,2023年1月29日,1回中京10日目,8,8,8,3,3,4,4,"2,990",540,200,530,"5,570",0,"1,610","3,270","1,440","18,530","25,290","178,420"
202307011008,8 R,4歳以上1勝クラス,ダ左1400m,天候 : 晴,ダート : 良,発走 : 13:50,2023年1月29日,1回中京10日目,16,1,1,2,3,3,6,310,140,310,180,"1,290","1,980",660,340,970,"3,340","2,580","13,020"
202307011009,9 R,美濃ステークス ,芝左2200m,天候 : 晴,芝 : 良,"発走 : 14:25

過去の美濃ステークス",2023年1月29日,1回中京10日目,7,1,1,3,3,4,4,380,160,120,0,340,0,110,130,120,730,170,"1,320"
202307011010,10 R,刈谷特別 ,ダ左1800m,天候 : 晴,ダート : 良,"発走 : 15:01

過去の刈谷特別",2023年1月29日,1回中京10日目,16,3,5,4,8,2,4,260,140,170,290,520,660,340,700,"1,060","1,030","3,230","10,300"
202307011011,11 R,第28回シルクロードS(G3),芝左1200m,天候 : 晴,芝 : 良,"発走 : 15:35

過去のシルクロードS",2023年1月29日,1回中京10日目,15,2,2,5,9,5,8,480,180,480,140,630,"8,100","2,070",400,"1,250","12,250","6,040","49,270"
202307011012,12 R,4歳以上2勝クラス,芝左1600m,天候 : 晴,芝 : 良,発走 : 16:10,2023年1月29日,1回中京10日目,9,6,6,2,2,7,7,290,130,150,160,560,570,260,370,500,"1,090","1,300","4,570"
202310010101,1 R,3歳未勝利,ダ右1700m,天候 : 雨,ダート : 不良,発走 : 09:50,2023年1月14日,1回小倉1日目,16,4,8,6,11,1,1,350,160,360,"1,220",860,"1,970",710,"2,440","7,430","3,440","24,540","79,220"
202310010102,2 R,3歳未勝利,芝右1200m,天候 : 曇,芝 : 重,発走 : 10:20,2023年1月14日,1回小倉1日目,18,1,1,3,5,7,15,390,170,350,290,"1,940","3,180","1,060",530,"1,480","4,660","6,110","29,400"
202310010103,3 R,3歳未勝利,ダ右1000m,天候 : 曇,ダート : 不良,発走 : 10:50,2023年1月14日,1回小倉1日目,14,1,1,5,7,5,8,460,190,870,130,600,"16,660","4,190",350,"2,050","25,760","9,650","82,230"
202310010104,4 R,障害4歳以上未勝利,障芝2860m,天候 : 曇,芝 : 重,発走 : 11:20,2023年1月14日,1回小倉1日目,12,8,11,1,1,6,7,"1,940",430,210,130,"3,600","7,960","2,270",850,510,"21,000","7,030","71,880"
202310010105,5 R,障害4歳以上未勝利,障芝2860m,天候 : 曇,芝 : 重,発走 : 12:10,2023年1月14日,1回小倉1日目,11,7,8,7,9,1,1,620,190,"1,170",140,"15,610","21,770","5,340",410,"3,090","31,810","19,990","169,570"
202310010106,6 R,3歳未勝利,芝右2000m,天候 : 曇,芝 : 重,発走 : 12:45,2023年1月14日,1回小倉1日目,13,7,10,1,1,5,7,810,260,230,460,"5401,600","1,3404,040",970,"2,340","2,220","3,0408,950","18,050","59,32074,690"
202310010107,7 R,4歳以上1勝クラス,ダ右1700m,天候 : 曇,ダート : 不良,発走 : 13:15,2023年1月14日,1回小倉1日目,11,6,6,4,4,3,3,380,180,200,580,600,960,450,930,"2,030","1,790","5,130","20,210"
202310010108,8 R,4歳以上1勝クラス,芝右1800m,天候 : 曇,芝 : 重,発走 : 13:45,2023年1月14日,1回小倉1日目,16,6,11,3,6,8,16,"1,040",280,570,260,"4,410","13,710","4,170","1,680","2,200","27,690","27,520","196,900"
202310010109,9 R,帆柱山特別 ,芝右2600m,天候 : 小雨,芝 : 重,"発走 : 14:15

過去の帆柱山特別",2023年1月14日,1回小倉1日目,16,7,14,8,16,6,11,"3,530",770,230,330,"3,380","7,990","2,120","3,060",800,"21,990","16,280","160,520"
202310010110,10 R,響灘特別 ,ダ右1700m,天候 : 小雨,ダート : 不良,"発走 : 14:50

過去の響灘特別",2023年1月14日,1回小倉1日目,16,8,16,4,7,6,12,800,230,160,170,"1,150","1,590",630,660,580,"3,380","3,270","16,630"
202310010111,11 R,壇之浦ステークス ,芝右1800m,天候 : 小雨,芝 : 重,"発走 : 15:25

過去の壇之浦ステークス",2023年1月14日,1回小倉1日目,16,1,2,1,1,5,10,880,320,230,270,"2,490","2,630","1,180","1,210","1,310","5,230","7,730","37,230"
202310010112,12 R,4歳以上1勝クラス,芝右1200m,天候 : 小雨,芝 : 重,発走 : 16:01,2023年1月14日,1回小倉1日目,18,1,2,2,4,3,5,640,270,400,510,"1,080","3,620","1,190","1,690","3,240","7,140","19,280","84,820"
202310010201,1 R,3歳未勝利,ダ右1700m,天候 : 曇,ダート : 重,発走 : 09:50,2023年1月15日,1回小倉2日目,14,5,8,7,11,2,2,310,130,150,130,730,750,360,250,370,"1,340",800,"3,980"
202310010202,2 R,3歳未勝利,芝右1200m,天候 : 曇,芝 : 稍重,発走 : 10:20,2023年1月15日,1回小倉2日目,18,4,8,6,11,2,4,710,190,200,190,"1,110","2,110",780,720,680,"4,370","4,140","25,770"
202310010203,3 R,4歳以上1勝クラス,ダ右1000m,天候 : 曇,ダート : 重,発走 : 10:50,2023年1月15日,1回小倉2日目,14,4,5,3,3,4,6,620,210,270,340,"1,080","1,690",570,980,"1,470","3,680","5,780","34,910"
202310010204,4 R,障害4歳以上未勝利,障芝2860m,天候 : 小雨,芝 : 稍重,発走 : 11:20,2023年1月15日,1回小倉2日目,12,5,5,5,6,8,11,400,170,300,230,980,"1,690",620,620,"1,560","2,760","6,390","28,040"
202310010205,5 R,3歳新馬,芝右1200m,天候 : 曇,芝 : 稍重,発走 : 12:10,2023年1月15日,1回小倉2日目,18,1,2,6,12,8,18,780,230,150,190,"1,130","1,330",600,990,430,"3,260","2,960","18,340"
202310010206,6 R,3歳未勝利,芝右1800m,天候 : 晴,芝 : 稍重,発走 : 12:40,2023年1月15日,1回小倉2日目,14,5,8,3,4,6,9,350,180,170,730,630,"1,080",470,"2,590","2,090","2,160","10,690","46,000"
202310010207,7 R,4歳以上1勝クラス,芝右2000m,天候 : 晴,芝 : 稍重,発走 : 13:10,2023年1月15日,1回小倉2日目,13,8,12,7,10,8,13,180,120,320,550,"1,210","1,400",550,960,"4,070","2,040","9,640","28,990"
202310010208,8 R,4歳以上1勝クラス,ダ右1700m,天候 : 曇,ダート : 重,発走 : 13:40,2023年1月15日,1回小倉2日目,16,2,4,4,8,3,5,460,180,150,200,640,900,430,560,460,"1,740","1,820","6,900"
202310010209,9 R,小郡特別 ,芝右1200m,天候 : 曇,芝 : 稍重,"発走 : 14:15

過去の小郡特別",2023年1月15日,1回小倉2日目,18,6,12,7,15,6,11,560,220,160,240,790,"1,680",710,650,690,"4,050","3,210","17,770"
202310010210,10 R,玄海特別 ,芝右1800m,天候 : 曇,芝 : 稍重,"発走 : 14:50

過去の玄海特別",2023年1月15日,1回小倉2日目,15,7,12,5,9,3,4,"1,880",510,270,140,"3,430","14,970","4,180","1,810",550,"24,850","16,470","128,370"
202310010211,11 R,門司ステークス ,ダ右1700m,天候 : 曇,ダート : 重,"発走 : 15:25

過去の門司ステークス",2023年1月15日,1回小倉2日目,14,6,9,6,10,5,7,"1,190",230,160,190,"2,070","1,820",590,"1,190",570,"5,380","4,500","41,090"
202310010212,12 R,4歳以上1勝クラス,芝右1200m,天候 : 曇,芝 : 稍重,発走 : 16:01,2023年1月15日,1回小倉2日目,16,7,13,4,8,1,2,950,340,"1,330",170,"1,990","39,410","9,650",800,"3,370","61,560","36,630","307,280"
202310010301,1 R,3歳未勝利,ダ右1700m,天候 : 晴,ダート : 稍重,発走 : 09:50,2023年1月21日,1回小倉3日目,16,8,16,4,8,2,4,"5,920",970,190,330,"3,820","12,270","2,800","6,490",920,"30,230","28,280","236,100"
202310010302,2 R,3歳未勝利,芝右1800m,天候 : 晴,芝 : 稍重,発走 : 10:20,2023年1月21日,1回小倉3日目,13,4,4,1,1,8,12,160,110,250,180,"1,350","1,460",430,240,"1,250","1,900","2,230","10,070"
202310010303,3 R,3歳未勝利,ダ右1000m,天候 : 晴,ダート : 稍重,発走 : 10:50,2023年1月21日,1回小倉3日目,14,6,10,3,3,7,11,340,400,"1,160","1,220",220,"2,880",790,540,"1,900","3,590","9,500","27,410"
202310010304,4 R,障害4歳以上未勝利,障芝2860m,天候 : 晴,芝 : 稍重,発走 : 11:20,2023年1月21日,1回小倉3日目,12,3,3,7,9,6,7,"1,610",400,350,400,"2,860","5,550","1,590","2,230","1,880","11,240","18,270","111,630"
202310010305,5 R,障害4歳以上オープン,障芝2860m,天候 : 晴,芝 : 稍重,発走 : 12:10,2023年1月21日,1回小倉3日目,12,6,8,8,11,8,12,"1,930",540,270,360,"1,210","6,640","2,010","3,580","1,520","14,910","31,680","222,760"
202310010306,6 R,3歳未勝利,芝右1800m,天候 : 晴,芝 : 稍重,発走 : 12:45,2023年1月21日,1回小倉3日目,15,2,3,7,13,2,2,"1,410",350,300,180,770,"6,180","2,370","1,090",920,"15,120","11,420","89,170"
202310010307,7 R,4歳以上1勝クラス,芝右2600m,天候 : 晴,芝 : 稍重,発走 : 13:15,2023年1月21日,1回小倉3日目,9,4,4,5,5,3,3,350,140,150,190,"1,070","1,050",380,420,550,"2,160","1,940","9,460"
202310010308,8 R,4歳以上1勝クラス,ダ右1700m,天候 : 晴,ダート : 稍重,発走 : 13:45,2023年1月21日,1回小倉3日目,15,3,5,2,2,3,4,520,200,330,250,"1,700","2,730","1,030",860,"1,970","5,660","7,420","38,650"
202310010309,9 R,萌黄賞 ,芝右1200m,天候 : 晴,芝 : 稍重,"発走 : 14:15

過去の萌黄賞",2023年1月21日,1回小倉3日目,8,7,7,6,6,4,4,330,180,320,480,"1,210",0,410,830,"1,390","1,890","3,890","14,900"
202310010310,10 R,戸畑特別 ,芝右2000m,天候 : 晴,芝 : 稍重,"発走 : 14:50

過去の戸畑特別",2023年1月21日,1回小倉3日目,15,5,8,3,4,8,14,"3,140",690,360,300,"5,910","12,150","2,650","2,820","1,610","30,420","26,790","237,450"
202310010311,11 R,小倉城特別 ,ダ右1700m,天候 : 晴,ダート : 稍重,"発走 : 15:25

過去の小倉城特別",2023年1月21日,1回小倉3日目,16,1,2,3,6,2,3,220,140,350,350,910,"1,240",630,560,"1,670","1,830","3,210","11,610"
202310010312,12 R,4歳以上1勝クラス,芝右1200m,天候 : 晴,芝 : 稍重,発走 : 16:01,2023年1月21日,1回小倉3日目,17,7,14,1,1,8,16,"1,520",430,360,220,"2,550","7,680","2,980","1,330","1,870","21,190","19,800","131,270"
202310010401,1 R,3歳未勝利,ダ右1700m,天候 : 晴,ダート : 稍重,発走 : 09:50,2023年1月22日,1回小倉4日目,15,8,15,2,3,6,10,230,130,220,260,"1,760","1,390",560,560,"1,340","2,770","4,950","27,480"
202310010402,2 R,3歳未勝利,芝右1200m,天候 : 晴,芝 : 良,発走 : 10:20,2023年1月22日,1回小倉4日目,18,8,18,7,13,2,3,630,290,530,300,"2,300","6,470","1,920","1,140","3,160","14,120","18,020","96,110"
202310010403,3 R,4歳以上1勝クラス,ダ右1000m,天候 : 曇,ダート : 稍重,発走 : 10:50,2023年1月22日,1回小倉4日目,14,7,12,7,11,3,3,480,220,270,150,"2,090","2,090",680,520,640,"3,620","2,630","12,900"
202310010404,4 R,障害4歳以上未勝利,障芝2860m,天候 : 曇,芝 : 良,発走 : 11:20,2023年1月22日,1回小倉4日目,12,4,4,5,6,3,3,380,150,140,450,530,530,230,"1,330","1,090","1,230","2,620","13,270"
202310010405,5 R,3歳新馬,芝右1800m,天候 : 曇,芝 : 良,発走 : 12:10,2023年1月22日,1回小倉4日目,16,5,10,8,16,1,1,"2,100",450,470,190,"3,680","16,430","4,390","1,830","1,610","35,320","27,790","199,110"
202310010406,6 R,3歳未勝利,芝右1200m,天候 : 曇,芝 : 良,発走 : 12:40,2023年1月22日,1回小倉4日目,18,5,10,3,6,6,12,"1,960",590,320,"5,180","5,350","9,960","2,760","40,550","26,340","17,840","660,070","3,188,680"
202310010407,7 R,3歳未勝利,芝右2000m,天候 : 曇,芝 : 良,発走 : 13:10,2023年1月22日,1回小倉4日目,8,4,4,8,8,1,1,420,150,150,130,"1,110",0,380,250,340,"2,310","1,280","7,000"
202310010408,8 R,4歳以上1勝クラス,ダ右1700m,天候 : 曇,ダート : 稍重,発走 : 13:40,2023年1月22日,1回小倉4日目,16,5,10,5,9,4,7,750,230,370,160,"4,660","5,370","1,540",530,990,"9,210","6,010","47,430"
202310010409,9 R,八幡特別 ,芝右1200m,天候 : 小雨,芝 : 良,"発走 : 14:15

過去の八幡特別",2023年1月22日,1回小倉4日目,12,2,2,8,11,8,12,"2,040",520,150,310,"3,060","3,990","1,280","3,870",550,"9,400","10,420","83,460"
202310010410,10 R,海の中道特別 ,芝右2600m,天候 : 小雨,芝 : 良,"発走 : 14:50

過去の海の中道特別",2023年1月22日,1回小倉4日目,13,8,12,3,3,2,2,650,230,180,220,"2,150","2,530",770,910,680,"4,650","5,200","29,160"
202310010411,11 R,豊前ステークス ,ダ右1700m,天候 : 小雨,ダート : 稍重,"発走 : 15:25

過去の豊前ステークス",2023年1月22日,1回小倉4日目,16,5,9,6,11,1,2,770,250,160,160,860,"1,420",550,"1,020",470,"3,200","2,210","12,070"
202310010412,12 R,4歳以上1勝クラス,芝右1800m,天候 : 小雨,芝 : 稍重,発走 : 16:01,2023年1月22日,1回小倉4日目,16,8,15,1,1,2,4,630,250,500,200,"3,210","7,550","2,310",770,"1,970","14,250","14,770","87,380"
202310010501,1 R,3歳未勝利,ダ右1700m,天候 : 雪,ダート : 不良,発走 : 09:50,2023年1月28日,1回小倉5日目,12,3,3,7,10,1,1,"1,770",580,400,"1,020","4,900","4,380","1,050","4,840","3,200","11,570","39,810","293,880"
202310010502,2 R,3歳未勝利,芝右1200m,天候 : 晴,芝 : 重,発走 : 10:15,2023年1月28日,1回小倉5日目,16,7,13,7,14,2,4,200,130,690,"2,170","2,960","2,930","1,290","6,210","40,260","4,940","88,110","286,060"
202310010503,3 R,4歳以上1勝クラス,ダ右1000m,天候 : 晴,ダート : 不良,発走 : 10:45,2023年1月28日,1回小倉5日目,14,8,13,6,10,3,4,"1,020",270,140,380,650,850,410,"1,440",610,"2,480","2,980","17,590"
202310010504,4 R,障害4歳以上未勝利,障芝2860m,天候 : 晴,芝 : 重,発走 : 11:15,2023年1月28日,1回小倉5日目,11,7,8,2,2,6,6,330,150,170,210,720,700,340,760,"1,130","1,280","3,630","15,270"
202310010505,5 R,3歳未勝利,芝右2000m,天候 : 小雪,芝 : 重,発走 : 12:05,2023年1月28日,1回小倉5日目,10,4,4,2,2,7,8,370,180,530,290,"5,260","4,540","1,400",590,"2,860","7,010","11,710","49,380"
202310010506,6 R,3歳未勝利,芝右1800m,天候 : 小雪,芝 : 重,発走 : 12:35,2023年1月28日,1回小倉5日目,10,3,3,7,8,7,7,300,130,160,160,460,920,280,230,410,"1,630","1,300","6,460"
202310010507,7 R,4歳以上1勝クラス,ダ右1700m,天候 : 雪,ダート : 不良,発走 : 13:05,2023年1月28日,1回小倉5日目,15,7,12,8,14,8,15,350,190,550,"1,030","1,000","3,370","1,150","2,720","3,470","5,660","24,030","108,160"
202310010508,8 R,牛若丸ジャンプS ,障芝3390m,天候 : 雪,芝 : 重,"発走 : 13:40

過去の牛若丸ジャンプS",2023年1月28日,1回小倉5日目,10,7,7,3,3,4,4,790,240,360,200,"3,850","4,810","1,220",590,"1,390","8,430","8,200","60,590"
202310010509,9 R,日田特別 ,芝右1800m,天候 : 曇,芝 : 重,"発走 : 14:15

過去の日田特別",2023年1月28日,1回小倉5日目,14,2,2,6,9,4,6,"2,370",510,310,540,"6,720","9,470","2,080","6,010","2,880","21,130","75,870","531,470"
202310010510,10 R,平尾台特別 ,ダ右1700m,天候 : 曇,ダート : 不良,"発走 : 14:50

過去の平尾台特別",2023年1月28日,1回小倉5日目,15,5,9,7,12,8,14,300,160,260,270,820,"1,270",470,700,"1,000","2,180","3,440","12,000"
202310010511,11 R,周防灘特別 ,芝右1200m,天候 : 曇,芝 : 重,"発走 : 15:25

過去の周防灘特別",2023年1月28日,1回小倉5日目,18,4,7,7,13,1,1,"2,300",650,"2,050",470,800,"54,370","13,810","3,370","13,460","108,500","254,870","1,518,920"
202310010512,12 R,4歳以上1勝クラス,芝右1200m,天候 : 曇,芝 : 重,発走 : 16:01,2023年1月28日,1回小倉5日目,18,6,12,5,9,2,4,"1,010",310,250,290,"3,070","4,470","1,750","1,780","1,100","9,640","11,410","74,970"
202310010601,1 R,3歳未勝利,ダ右1700m,天候 : 曇,ダート : 重,発走 : 09:50,2023年1月29日,1回小倉6日目,13,4,5,3,3,7,11,280,130,230,160,950,"1,180",460,380,780,"1,950","2,110","8,310"
202310010602,2 R,3歳未勝利,芝右1200m,天候 : 曇,芝 : 重,発走 : 10:20,2023年1月29日,1回小倉6日目,18,8,16,6,12,5,10,190,120,200,260,540,700,320,540,"1,020","1,150","2,450","7,410"
202310010603,3 R,3歳未勝利,ダ右1000m,天候 : 曇,ダート : 重,発走 : 10:50,2023年1月29日,1回小倉6日目,11,6,7,5,5,8,10,390,160,160,160,900,"1,370",450,420,340,"2,270","1,730","9,690"
202310010604,4 R,障害4歳以上未勝利,障芝2860m,天候 : 曇,芝 : 重,発走 : 11:20,2023年1月29日,1回小倉6日目,12,7,9,2,2,5,6,240,140,300,160,"1,430","1,140",420,290,"1,090","2,010","1,910","8,260"
202310010605,5 R,3歳新馬,芝右1200m,天候 : 曇,芝 : 重,発走 : 12:10,2023年1月29日,1回小倉6日目,18,7,15,7,13,2,3,490,200,650,260,"4,250","6,620","1,760","1,000","2,910","11,040","20,010","120,090"
202310010606,6 R,3歳未勝利,芝右2000m,天候 : 曇,芝 : 重,発走 : 12:40,2023年1月29日,1回小倉6日目,11,7,8,3,3,1,1,420,150,230,190,"1,370","1,570",500,520,830,"2,710","3,620","18,230"
202310010607,7 R,4歳以上1勝クラス,ダ右1700m,天候 : 曇,ダート : 重,発走 : 13:10,2023年1月29日,1回小倉6日目,13,7,11,8,12,4,4,640,200,160,120,950,"1,940",570,370,240,"3,530","1,520","12,130"
202310010608,8 R,4歳以上1勝クラス,芝右1200m,天候 : 曇,芝 : 重,発走 : 13:40,2023年1月29日,1回小倉6日目,15,7,13,1,1,8,15,"1,170",360,360,320,"3,780","6,800","2,220","1,170","1,430","13,000","12,240","76,010"
202310010609,9 R,くすのき賞 ,ダ右1700m,天候 : 曇,ダート : 重,"発走 : 14:15

過去のくすのき賞",2023年1月29日,1回小倉6日目,14,1,1,6,9,8,13,590,230,790,280,"3,750","7,940","2,920","1,180","4,030","17,890","24,640","133,750"
202310010610,10 R,足立山特別 ,芝右2600m,天候 : 曇,芝 : 重,"発走 : 14:50

過去の足立山特別",2023年1月29日,1回小倉6日目,7,2,2,5,5,7,7,"1,800",800,280,0,"3,540",0,"1,010","2,110",760,"9,290","9,190","66,910"
202310010611,11 R,巌流島ステークス ,芝右1200m,天候 : 曇,芝 : 重,"発走 : 15:25

過去の巌流島ステークス",2023年1月29日,1回小倉6日目,18,8,18,4,8,6,11,570,230,260,590,"1,610","3,160","1,210","2,650","3,270","5,710","24,240","122,870"
202310010612,12 R,4歳以上1勝クラス,芝右2000m,天候 : 曇,芝 : 重,発走 : 16:01,2023年1月29日,1回小倉6日目,12,8,11,6,8,4,4,910,330,180,640,"1,190","2,520",850,"3,630","1,770","4,640","16,380","81,560"
