date,whereracecourse,weather,race_round,race_title,race_id,total_horse_number,frame_number,horse_number,odds,popular,rank,rider_id,burden_weight,distance,groud_status,goal_time,goal_time_dif,half_way_rank,pace,last_time,horse_weight,runner-up-horse-id,prize,horse_id
2023/03/26,2中京6,小雨,11,高松宮記念(G1),202307020611,18,2,3,54.3,15,9,01018,58,芝1200,不,1:12.4,0.9,1-1,35.6-35.9,36.8,502(-6),2016102197, ,2015101028
2023/01/29,1中京10,晴,11,シルクロードS(G3),202307011011,15,7,13,9.9,5,12,01014,58,芝1200,良,1:08.8,1.5,3-3,33.8-33.5,34.7,508(+2),2019103753, ,2015101028
2022/11/27,5阪神8,晴,12,京阪杯(G3),202209050812,16,3,6,16.3,10,2,01014,57,芝1200,良,1:07.4,0.2,2-2,33.3-33.9,33.9,506(0),2019106526,"1,616.2",2015101028
2022/06/12,1函館2,晴,11,函館スプリントS(G3),202202010211,16,2,4,20.8,6,6,01161,57,芝1200,良,1:07.7,0.5,3-3,32.8-34.4,34.6,506(+6),2019103753, ,2015101028
2022/03/27,2中京6,晴,11,高松宮記念(G1),202207020611,18,5,10,225.8,17,3,01161,57,芝1200,重,1:08.3,0.0,3-3,33.4-34.9,34.7,500(-6),2016106453,"4,354.0",2015101028
2022/03/05,2中山3,晴,11,夕刊フジオーシャンS(G3),202206020311,15,5,8,21.5,9,6,00422,56,芝1200,良,1:08.3,0.4,3-2,33.4-34.5,34.6,506(+2),2015110013, ,2015101028
2021/10/17,5新潟4,曇,11,信越S(L),202104050411,18,6,11,6.4,2,9,00422,56.5,芝1400,重,1:22.3,0.5,3-2,33.5-36.5,36.9,504(0),2016104807, ,2015101028
2021/07/18,1福島6,晴,11,福島テレビOP(OP),202103010611,16,2,3,4.1,1,1,00422,57,芝1200,良,1:08.3,-0.3,2-2,32.8-35.5,34.7,504(+2),2017105332,"2,334.3",2015101028
2021/06/27,3東京8,曇,11,パラダイスS(L),202105030811,16,6,11,26.4,10,1,00422,54,芝1400,良,1:21.3,-0.1,1-1,36.2-33.2,33.2,502(+2),2016104899,"2,535.0",2015101028
2020/11/14,3福島5,晴,11,みちのくS(3勝クラス),202003030511,16,5,10,22.4,9,1,01161,57,芝1200,良,1:09.2,-0.2,2-1,34.1-35.1,35.0,500(-4),2015106194,"1,854.3",2015101028
2020/09/12,4中山1,小雨,10,セプテンバーS(3勝クラス),202006040110,16,3,5,6.8,2,13,01092,57,芝1200,稍,1:10.3,1.8,13-15,33.7-34.8,35.3,504(+4),2017106595, ,2015101028
2020/07/11,2福島3,曇,11,テレビユー福島賞(3勝クラス),202003020311,16,6,11,3.9,2,中,00733,57,芝1200,稍, , , ,34.0-34.5, ,500(-2),2014103867, ,2015101028
2020/05/24,2東京10,晴,10,フリーウェイS(3勝クラス),202005021010,13,4,5,11.7,7,9,01018,55,芝1400,良,1:20.3,0.6,1-1,34.6-34.0,34.6,502(0),2015100846, ,2015101028
2020/03/31,3中山2,曇,12,4歳以上2勝クラス,202006030212,11,1,1,2.2,1,1,01170,57,芝1200,稍,1:09.3,-0.1,2-1,34.0-35.3,35.2,502(+4),2014104912,"1,100.0",2015101028
2020/03/08,1中京4,雨,9,4歳以上1勝クラス,202007010409,18,2,3,5.0,2,1,01170,57,芝1200,不,1:12.1,-0.3,1-1,35.2-36.9,36.9,498(+4),2015100608,760.0,2015101028
2019/06/09,3東京4,雨,12,3歳以上1勝クラス,201905030412,16,4,7,2.9,1,2,01122,57,ダ1600,重,1:36.6,0.0,1-1,34.8-36.6,36.6,494(0),2014105261,300.0,2015101028
2019/05/11,2東京7,晴,8,4歳以上500万下,201905020708,16,4,7,4.1,2,2,01122,57,ダ1600,良,1:38.5,0.4,1-1,36.4-36.7,37.1,494(-4),2015104358,300.0,2015101028
2019/04/20,2東京1,晴,8,4歳以上500万下,201905020108,12,4,4,2.9,2,7,01122,57,ダ1600,良,1:39.4,0.5,3-2,35.5-37.9,38.4,498(-4),2015100098, ,2015101028
2019/03/10,2中山6,曇,8,4歳以上500万下,201906020608,14,1,1,2.5,1,3,01122,57,ダ1800,良,1:55.1,0.4,1-1-1-1,37.6-38.4,38.8,502(+4),2014104972,190.0,2015101028
2019/02/16,1東京7,晴,8,4歳以上500万下,201905010708,15,3,5,5.1,2,2,01122,57,ダ1600,良,1:39.2,0.0,1-1,36.4-37.3,37.3,498(0),2014104192,300.0,2015101028
2019/02/02,1東京3,晴,8,4歳以上500万下,201905010308,16,3,5,9.1,4,4,01122,57,ダ1600,稍,1:37.9,0.6,2-2,35.1-37.6,38.1,498(0),2015105109,110.0,2015101028
2018/10/27,4東京8,晴,12,3歳以上500万下,201805040812,16,3,5,6.7,3,13,01116,55,ダ1600,良,1:41.3,3.0,5-10,35.5-37.6,39.7,498(+2),2014100658, ,2015101028
2018/04/29,2東京4,晴,2,3歳未勝利,201805020402,15,3,5,2.3,1,1,05386,56,ダ1600,良,1:40.2,0.0,2-2,36.3-37.8,37.6,496(+2),2015109076,500.0,2015101028
2018/04/07,3中山5,曇,5,3歳未勝利,201806030505,18,5,9,3.1,2,3,05386,56,芝2000,良,2:03.0,0.6,1-1-1-1,36.3-35.9,36.5,494(-6),2015101568,130.0,2015101028
2018/01/21,1中山7,晴,5,3歳未勝利,201806010705,16,7,14,3.2,2,10,01043,56,芝2200,良,2:17.6,1.5,2-2-1-2,37.8-36.3,37.8,500(0),2015100747, ,2015101028
2018/01/06,1中山1,晴,5,3歳未勝利,201806010105,16,2,3,9.4,2,2,01043,56,芝2000,良,2:01.9,0.2,2-2-2-2,36.5-36.0,36.1,500(-2),2015104752,200.0,2015101028
2017/12/17,5中山6,晴,3,2歳未勝利,201706050603,15,3,4,5.1,2,5,01043,55,芝1600,良,1:35.9,0.4,3-5-6,35.5-36.0,35.6,502(+12),2015101036,50.0,2015101028
2017/08/20,2札幌2,晴,1,2歳未勝利,201701020201,9,3,3,1.8,1,2,05509,54,芝1500,良,1:31.4,0.1,4-3-3,30.8-35.9,35.8,490(+6),2015110006,200.0,2015101028
2017/07/29,1札幌1,曇,5,2歳新馬,201701010105,9,1,1,6.8,4,2,05243,54,芝1500,良,1:30.8,0.4,8-8-5,30.4-35.3,34.6,484(0),2015101621,280.0,2015101028
2023/03/26,2中京6,小雨,11,高松宮記念(G1),202307020611,18,1,1,42.1,13,3,01091,58,芝1200,不,1:11.7,0.2,10-11,35.6-35.9,35.3,484(-12),2016102197,"4,354.0",2015104364
2022/12/24,6阪神7,晴,11,阪神C(G2),202209060711,18,2,4,9.5,5,8,01157,57,芝1400,良,1:20.4,0.2,14-15,33.4-35.5,34.8,496(+4),2015103057, ,2015104364
2022/10/29,4阪神8,晴,11,MBS賞スワンS(G2),202209040811,18,4,8,8.9,6,4,01157,56,芝1400,良,1:20.0,0.2,13-11,34.1-34.6,33.9,492(+10),2015103057,890.0,2015104364
2022/10/02,4中山9,晴,11,スプリンターズS(G1),202206040911,16,6,11,51.8,11,7,01157,57,芝1200,良,1:08.1,0.3,11-11,32.7-35.1,34.2,482(-8),2015110013, ,2015104364
2022/03/27,2中京6,晴,11,高松宮記念(G1),202207020611,18,7,13,27.0,7,4,01157,57,芝1200,重,1:08.4,0.1,12-11,33.4-34.9,34.2,490(-2),2016106453,"2,600.0",2015104364
2022/02/27,1阪神6,晴,11,阪急杯(G3),202209010611,14,1,1,16.8,9,2,01157,56,芝1400,良,1:20.0,0.1,12-12,34.0-34.5,33.8,492(+22),2015103057,"1,714.4",2015104364
2021/05/15,2東京7,晴,11,京王杯スプリングC(G2),202105020711,17,6,12,20.5,10,2,01157,56,芝1400,良,1:19.8,0.0,13-14,34.3-34.3,32.5,470(-6),2017105072,"2,434.8",2015104364
2021/03/28,2中京6,雨,11,高松宮記念(G1),202107020611,18,7,13,138.4,16,4,01157,57,芝1200,重,1:09.4,0.2,11-12,34.1-35.1,34.4,476(-6),2015102377,"2,000.0",2015104364
2021/01/31,1中京10,晴,11,シルクロードS(G3),202107011011,18,7,14,12.0,5,15,05203,56,芝1200,良,1:09.2,0.9,5-6,33.7-34.6,34.7,482(-2),2015110102, ,2015104364
2021/01/09,1中京2,晴,11,淀短距離S(L),202107010211,16,1,1,6.4,3,1,01032,57,芝1200,良,1:08.2,-0.2,4-4,34.0-34.2,34.0,484(+8),2016106453,"2,533.6",2015104364
2020/11/29,5阪神9,晴,12,京阪杯(G3),202009050912,16,8,16,31.8,11,6,01127,56,芝1200,良,1:08.5,0.3,6-6,33.8-34.4,34.1,476(+4),2014110117, ,2015104364
2020/09/13,2中京2,晴,11,産経賞セントウルS(G2),202007020211,17,5,10,17.7,7,6,00666,56,芝1200,良,1:08.4,0.5,6-6,33.0-34.9,34.2,472(-6),2015102377, ,2015104364
2020/08/23,2小倉4,晴,11,TV西日本北九州記念(G3),202010020411,18,3,5,7.3,3,6,00666,55,芝1200,稍,1:08.3,0.5,7-4,32.4-35.4,34.9,478(-2),2014105982, ,2015104364
2020/07/19,2福島6,晴,11,福島テレビOP(OP),202003020611,16,5,9,4.3,2,1,01127,56,芝1200,良,1:08.5,-0.2,2-2,33.8-34.7,34.7,480(-2),2015101615,"2,338.5",2015104364
2020/05/10,3京都6,曇,11,鞍馬S(OP),202008030611,12,6,8,4.9,3,2,01093,56,芝1200,良,1:07.7,0.0,5-5,33.5-34.2,33.2,482(0),2015100822,927.2,2015104364
2020/04/12,3中山6,曇,11,春雷S(L),202006030611,16,2,3,5.9,4,4,05596,54,芝1200,稍,1:08.4,0.1,6-6,33.8-34.5,34.3,482(0),2014103751,380.0,2015104364
2020/02/16,1小倉10,曇,11,北九州短距離S(OP),202010011011,17,2,3,26.0,9,4,01157,56,芝1200,重,1:10.3,0.3,5-4,33.7-36.3,36.0,482(-6),2015110102,350.0,2015104364
2019/01/05,1京都1,晴,11,スポニチ賞京都金杯(G3),201908010111,17,6,11,92.4,12,11,01115,53,芝1600,良,1:35.3,0.4,3-5,35.3-35.2,35.2,488(+10),2015105905, ,2015104364
2018/12/08,5阪神3,晴,11,リゲルS(OP),201809050311,11,6,7,24.9,7,5,01093,55,芝1600,良,1:34.2,0.9,1-1,35.1-34.5,35.4,478(+12),2015105905,230.0,2015104364
2018/10/07,4京都2,晴,11,夕刊フジ杯オパールS(OP),201808040211,18,7,13,6.8,3,11,01116,52,芝1200,良,1:08.7,0.5,14-15,33.4-34.8,33.9,466(-8),2015104165, ,2015104364
2018/08/26,2札幌4,晴,11,キーンランドC(G3),201801020411,16,6,12,14.8,6,7,01014,53,芝1200,稍,1:10.2,0.8,11-4,33.7-35.7,35.4,474(+6),2013105736, ,2015104364
2018/05/26,3京都11,晴,11,葵S(G),201808031111,16,7,14,4.3,2,2,01014,56,芝1200,良,1:08.2,0.2,12-12,33.9-34.1,33.2,468(-6),2015102846,"1,237.2",2015104364
2018/04/14,2阪神7,曇,6,3歳500万下,201809020706,16,3,5,3.7,2,1,01014,56,芝1200,良,1:08.7,-0.4,6-4,34.1-34.6,34.2,474(+8),2015103374,720.0,2015104364
2018/03/04,1小倉8,晴,10,萌黄賞(500万下),201810010810,18,7,13,15.5,6,2,01155,56,芝1200,良,1:08.5,0.2,14-14,32.9-35.4,34.4,466(-14),2015110017,412.6,2015104364
2018/02/10,2京都5,雨,9,こぶし賞(500万下),201808020509,14,6,10,71.7,10,13,00732,56,芝1600,稍,1:39.1,3.4,1-2,34.0-37.4,40.8,480(+12),2015105905, ,2015104364
2017/12/02,5阪神1,晴,9,シクラメン賞(500万下),201709050109,7,7,7,10.7,4,7,01088,55,芝1800,良,1:48.0,2.4,3-3,34.9-34.5,36.7,468(-8),2015104931, ,2015104364
2017/11/03,5京都1,晴,7,2歳新馬,201708050107,12,4,4,5.8,3,1,01088,55,芝1600,良,1:35.4,-0.5,1-1,36.3-35.1,35.1,476(0),2015102499,700.0,2015104364
2023/03/26,2中京6,小雨,11,高松宮記念(G1),202307020611,18,7,13,32.3,12,1,01180,58,芝1200,不,1:11.5,-0.1,7-5,35.6-35.9,35.5,518(-8),2019103753,"17,378.0",2016102197
2023/01/29,1中京10,晴,11,シルクロードS(G3),202307011011,15,5,9,35.7,10,2,01180,57.5,芝1200,良,1:07.3,0.0,4-5,33.8-33.5,33.1,526(-12),2019103753,"1,615.8",2016102197
2022/12/17,6阪神5,小雨,11,タンザナイトS(OP),202209060511,16,4,8,8.4,5,4,01157,56.5,芝1200,稍,1:08.6,0.4,12-12,33.4-34.8,33.9,538(-2),2016104787,350.0,2016102197
2022/11/27,5阪神8,晴,12,京阪杯(G3),202209050812,16,4,7,15.6,9,7,01180,57,芝1200,良,1:08.1,0.9,6-8,33.3-33.9,33.7,540(+20),2019106526, ,2016102197
2022/10/02,4中山9,晴,11,スプリンターズS(G1),202206040911,16,4,8,59.4,12,10,01180,57,芝1200,良,1:08.3,0.5,2-2,32.7-35.1,35.5,520(-2),2015110013, ,2016102197
2022/09/11,5中京2,晴,11,産経賞セントウルS(G2),202207050211,13,8,12,20.7,6,2,01180,56,芝1200,良,1:06.6,0.4,2-2,32.5-33.7,34.0,522(+12),2018105069,"2,426.8",2016102197
2022/08/21,4小倉4,晴,11,TV西日本北九州記念(G3),202210040411,18,7,13,26.2,8,10,01126,56,芝1200,良,1:07.5,0.6,4-5,32.8-34.1,34.3,510(+2),2017101121, ,2016102197
2022/07/03,3小倉2,曇,11,CBC賞(G3),202210030211,17,8,17,6.0,4,12,01126,56,芝1200,良,1:07.4,1.6,3-4,31.8-34.0,35.3,508(-14),2019103422, ,2016102197
2022/03/27,2中京6,晴,11,高松宮記念(G1),202207020611,18,7,15,204.0,16,9,05243,57,芝1200,重,1:08.6,0.3,5-5,33.4-34.9,34.7,522(+4),2016106453, ,2016102197
2022/03/05,2中山3,晴,11,夕刊フジオーシャンS(G3),202206020311,15,2,3,6.1,3,9,01157,56,芝1200,良,1:08.5,0.6,5-6,33.4-34.5,34.7,518(-12),2015110013, ,2016102197
2021/12/25,6阪神7,曇,11,阪神C(G2),202109060711,18,3,6,53.9,11,7,01152,57,芝1400,良,1:21.0,0.7,1-1,34.3-35.0,35.7,530(+2),2018104934, ,2016102197
2021/11/28,5阪神8,晴,12,京阪杯(G3),202109050812,16,4,7,14.4,6,3,01152,56,芝1200,良,1:09.0,0.2,1-1,34.3-34.5,34.7,528(+2),2016103143,988.3,2016102197
2021/10/03,4中山9,晴,11,スプリンターズS(G1),202106040911,16,3,5,27.5,8,15,01157,57,芝1200,良,1:08.6,1.5,7-7,33.3-33.8,34.4,526(+6),2018105204, ,2016102197
2021/08/22,4小倉4,雨,11,TV西日本北九州記念(G3),202110040411,18,3,6,8.3,4,2,01157,55,芝1200,稍,1:08.4,0.2,3-3,33.2-35.0,34.7,520(+2),2018109134,"1,618.4",2016102197
2021/07/04,3小倉2,曇,11,CBC賞(G3),202110030211,13,3,3,18.2,8,1,01157,52,芝1200,良,1:06.0,-0.1,1-1,32.3-33.7,33.7,518(-18),2018105204,"3,945.5",2016102197
2020/10/25,4京都6,晴,10,桂川S(3勝クラス),202008040610,17,8,16,3.8,1,8,01126,55,芝1200,良,1:10.7,1.0,4-5,34.5-35.2,35.8,536(+4),2015101571, ,2016102197
2020/09/26,2中京6,晴,11,長篠S(3勝クラス),202007020611,18,5,10,4.4,2,6,01126,57,芝1200,良,1:08.8,0.7,6-6,33.2-34.9,34.4,532(+14),2016104989, ,2016102197
2020/08/23,2小倉4,晴,9,西部スポニチ賞(2勝クラス),202010020409,18,3,6,2.4,1,1,01126,57,芝1200,稍,1:08.3,0.0,2-2,33.4-34.9,34.8,518(+4),2017109097,"1,539.9",2016102197
2020/07/11,4阪神3,曇,12,3歳以上1勝クラス,202009040312,16,8,16,7.8,4,1,01126,57,芝1200,重,1:10.8,-0.4,4-4,34.3-36.5,36.2,514(+4),2017103005,760.0,2016102197
2020/06/03,門別,晴,10,ヒメシャクナゲ特別,202030060310,9,8,9,1.1,1,1,05512,56,ダ1200,良,1:14.5,-1.1,1-1,0.0-37.7,37.7,510(-4),2015102541,80.0,2016102197
2020/05/21,門別,晴,10,キンレンカ特別,202030052110,11,5,5,5.7,3,1,05512,55,ダ1200,良,1:13.4,-0.9,2-1,0.0-38.5,38.3,514(-4),2017102160,70.0,2016102197
2020/05/05,門別,晴,9,クレマチス特別,202030050509,10,2,2,2.2,1,4,05512,55,ダ1800,重,1:58.6,1.7,1-1-1-2,0.0-40.8,42.5,518(+10),2014103429,7.0,2016102197
2020/04/16,門別,晴,8,二輪草特別,202030041608,7,4,4,2.1,1,1,05512,57,ダ1700,良,1:52.4,-0.3,1-1-1-1,0.0-40.0,40.0,508(+8),2014104623,55.0,2016102197
2019/08/25,2小倉10,曇,3,3歳未勝利,201910021003,15,6,12,4.6,3,15,01154,56,ダ1700,良,1:52.5,4.4,3-2-2-3,30.5-39.2,43.5,500(0),2016100799, ,2016102197
2019/08/11,2小倉6,晴,4,3歳未勝利,201910020604,16,8,15,6.3,3,2,01126,56,芝1800,良,1:48.3,0.1,1-1-2-2,35.9-37.1,37.2,500(-2),2016105171,200.0,2016102197
2019/07/27,2小倉1,晴,4,3歳未勝利,201910020104,14,4,6,5.2,3,4,01154,56,芝1800,良,1:47.3,1.0,2-1-1-1,34.7-36.2,37.2,502(-4),2016104618,75.0,2016102197
2019/07/14,3中京6,曇,4,3歳未勝利,201907030604,16,8,16,5.6,3,2,01154,56,芝1600,不,1:36.9,0.5,1-1-1,35.9-35.5,36.0,506(0),2016100634,200.0,2016102197
2019/06/30,3中京2,雨,7,3歳未勝利,201907030207,16,1,2,9.4,5,4,01152,56,ダ1800,不,1:52.8,0.7,1-1-1-1,37.0-38.0,38.7,506(-10),2016104705,75.0,2016102197
2019/06/15,3阪神5,曇,6,3歳未勝利,201909030506,13,4,8,5.4,3,12,05212,56,芝2400,稍,2:33.8,5.0,5-4-4-5,37.1-36.9,41.4,516(0),2016105526, ,2016102197
2023/03/26,2中京6,小雨,11,高松宮記念(G1),202307020611,18,3,6,19.8,9,4,01117,58,芝1200,不,1:11.8,0.3,15-14,35.6-35.9,35.1,492(-6),2016102197,"2,600.0",2016106453
2023/03/04,2中山3,晴,11,夕刊フジオーシャンS(G3),202306020311,16,1,2,5.4,3,9,01117,59,芝1200,良,1:08.1,0.7,14-13,33.4-34.0,33.2,498(+15),2017100434, ,2016106453
2022/12/11,シャティ, ,5,香港スプリント(G1),2022H1121105,14, ,6,7.4,5,10,01117,57,芝1200,良, , , , , ,計不,, ,2016106453
2022/10/02,4中山9,晴,11,スプリンターズS(G1),202206040911,16,3,6,18.6,5,3,01117,57,芝1200,良,1:08.0,0.2,13-12,32.7-35.1,33.9,490(0),2015110013,"4,348.0",2016106453
2022/06/05,3東京2,曇,11,安田記念(G1),202205030211,18,8,18,52.1,12,9,01117,58,芝1600,良,1:32.7,0.4,15-13,34.7-33.6,33.1,490(+4),2018105355, ,2016106453
2022/03/27,2中京6,晴,11,高松宮記念(G1),202207020611,18,1,2,27.8,8,1,01117,57,芝1200,重,1:08.3,0.0,15-14,33.4-34.9,33.9,486(-12),2017110144,"17,378.0",2016106453
2022/03/05,2中山3,晴,11,夕刊フジオーシャンS(G3),202206020311,15,6,10,8.2,4,2,01117,56,芝1200,良,1:08.0,0.1,13-13,33.4-34.5,33.5,498(+4),2015110013,"1,715.0",2016106453
2022/01/30,1中京10,曇,11,シルクロードS(G3),202207011011,18,5,10,7.0,3,3,01117,56,芝1200,良,1:08.3,0.2,15-15,33.6-34.5,33.3,494(+12),2018105069,"1,009.1",2016106453
2021/12/18,6阪神5,晴,11,タンザナイトS(OP),202109060511,15,2,2,4.3,2,1,01117,55,芝1200,良,1:08.5,0.0,12-11,33.8-34.7,33.2,482(+2),2017101765,"2,338.5",2016106453
2021/10/09,4阪神1,晴,11,夕刊フジ杯オパールS(L),202109040111,16,3,5,11.8,5,2,01117,55,芝1200,良,1:08.3,0.1,13-15,34.2-34.0,33.1,480(-6),2016105136,"1,010.4",2016106453
2021/09/12,5中京2,曇,11,産経賞セントウルS(G2),202107050211,17,7,13,65.2,11,10,01117,56,芝1200,良,1:08.0,0.8,15-15,32.9-34.3,33.0,486(-6),2017105563, ,2016106453
2021/08/29,4新潟6,晴,10,朱鷺S(L),202104040610,18,3,6,7.3,3,10,01117,56,芝1400,良,1:21.5,0.5,15-14,34.2-34.9,34.1,492(+6),2016106232, ,2016106453
2021/06/26,1札幌5,晴,11,TVh賞(OP),202101010511,14,3,4,5.6,3,4,01091,56,芝1200,良,1:08.0,0.2,12-10,33.5-34.3,33.4,486(+2),2016101149,350.0,2016106453
2021/05/09,3中京2,晴,11,鞍馬S(OP),202107030211,15,3,5,4.1,1,2,01117,56,芝1200,良,1:07.2,0.1,11-11,32.8-34.3,32.8,484(-12),2016103690,929.4,2016106453
2021/04/11,3中山6,晴,11,春雷S(L),202106030611,16,6,12,10.9,5,6,01122,55,芝1200,良,1:07.7,0.4,14-14,33.2-34.1,33.2,496(+10),2015110013, ,2016106453
2021/01/09,1中京2,晴,11,淀短距離S(L),202107010211,16,1,2,11.6,5,2,01117,56,芝1200,良,1:08.4,0.2,8-7,34.0-34.2,33.8,486(+4),2015104364,"1,009.6",2016106453
2020/10/18,4新潟4,晴,11,信越S(L),202004040411,16,4,7,9.4,4,7,01117,55,芝1400,良,1:21.4,0.5,16-15,34.2-34.7,33.7,482(0),2015110013, ,2016106453
2020/08/30,3新潟6,晴,10,朱鷺S(L),202004030610,18,4,8,6.7,2,7,01117,56,芝1400,良,1:21.4,0.2,14-12,33.1-36.8,34.9,482(0),2016104711, ,2016106453
2020/07/26,2新潟2,曇,11,アイビスサマーD(G3),202004020211,18,3,5,12.5,5,9,01117,56,芝1000,良,0:54.8,0.3,17,32.1-32.8,32.0,482(0),2015100830, ,2016106453
2020/05/24,1新潟6,晴,11,韋駄天S(OP),202004010611,16,4,8,4.5,2,5,01117,55,芝1000,良,0:54.5,0.3,15,32.2-32.3,31.6,482(-8),2015100416,230.0,2016106453
2020/04/12,3中山6,曇,11,春雷S(L),202006030611,16,5,9,5.7,3,6,01117,55,芝1200,稍,1:08.5,0.2,10-10,33.8-34.5,34.0,490(+10),2014103751, ,2016106453
2020/02/02,2京都2,晴,11,シルクロードS(G3),202008020211,18,7,15,14.8,8,3,01117,54,芝1200,良,1:09.1,0.1,18-18,33.9-35.1,33.4,480(+4),2016104721,989.4,2016106453
2019/12/15,4中京6,晴,11,浜松S(3勝クラス),201907040611,17,3,6,5.6,3,1,01117,54,芝1200,良,1:08.2,-0.4,11-13,34.4-33.8,32.6,476(+2),2015101615,"1,857.8",2016106453
2019/11/10,5東京4,晴,10,奥多摩S(3勝クラス),201905050410,14,4,5,17.8,8,7,01158,56,芝1400,良,1:21.8,0.4,9-12,36.6-33.1,32.5,474(+6),2015105974, ,2016106453
2019/09/21,4中山6,曇,10,セプテンバーS(3勝クラス),201906040610,15,3,6,3.2,1,5,05386,53,芝1200,良,1:07.9,0.3,3-5,33.6-34.0,34.0,468(0),2015100494,182.0,2016106453
2019/08/31,2新潟11,晴,10,飯豊特別(2勝クラス),201904021110,18,8,18,4.1,1,1,05386,53,芝1200,良,1:08.7,-0.2,12-12,33.8-34.9,33.8,468(+2),2015104320,"1,541.3",2016106453
2019/07/27,2新潟1,曇,9,閃光特別(1勝クラス),201904020109,18,4,8,7.4,2,1,05386,54,芝1000,良,0:54.6,-0.2,16,32.1-32.9,31.7,466(+2),2016109019,"1,090.6",2016106453
2019/05/25,2東京11,晴,5,3歳500万下,201905021105,16,7,14,3.6,2,5,05386,56,ダ1400,良,1:25.7,0.9,7-9,35.0-38.0,38.0,464(+8),2016103768,72.0,2016106453
2019/04/13,1福島3,晴,10,雪うさぎ賞(500万下),201903010310,15,3,5,11.4,6,10,01173,56,芝1200,良,1:10.2,1.0,8-10,33.3-35.9,36.2,456(-8),2016104289, ,2016106453
2019/03/30,3中山3,曇,6,3歳500万下,201906030306,16,3,5,5.3,4,6,01117,56,ダ1200,良,1:11.6,0.3,9-9,34.0-37.3,36.7,464(+2),2016109010, ,2016106453
2019/02/02,1中京5,晴,10,ごぎょう賞(500万下),201907010510,11,5,5,4.8,3,2,01117,56,ダ1200,稍,1:12.3,0.3,6-5,35.1-36.9,36.4,462(-4),2016110085,408.4,2016106453
2018/12/15,4中京5,晴,10,寒椿賞(500万下),201807040510,13,5,7,30.6,6,3,01117,55,ダ1400,稍,1:26.1,0.5,5-5,34.7-38.1,38.2,466(-2),2016102280,254.2,2016106453
2018/11/24,5東京7,晴,9,カトレア賞(500万下),201805050709,14,7,12,52.8,7,6,01117,55,ダ1600,良,1:39.2,0.9,8-7,35.6-37.0,37.3,468(+6),2016110141, ,2016106453
2018/10/08,4東京3,曇,4,2歳新馬,201805040304,16,5,9,7.9,6,1,01117,55,ダ1300,良,1:20.0,-0.3,3-3,31.0-36.3,36.0,462(0),2016100190,700.0,2016106453
2023/03/26,2中京6,小雨,11,高松宮記念(G1),202307020611,18,5,10,263.3,18,17,01169,56,芝1200,不,1:13.3,1.8,2-2,35.6-35.9,37.5,476(-10),2016102197, ,2017100381
2023/03/04,2中山3,晴,11,夕刊フジオーシャンS(G3),202306020311,16,4,7,85.8,13,15,01169,55,芝1200,良,1:08.5,1.1,2-3,33.4-34.0,34.9,486(+10),2017100434, ,2017100381
2022/12/24,6阪神7,晴,11,阪神C(G2),202209060711,18,7,13,340.0,17,14,01154,55,芝1400,良,1:21.2,1.0,1-1,33.4-35.5,36.5,476(-6),2015103057, ,2017100381
2022/12/04,5中山2,曇,11,ラピスラズリS(L),202206050211,16,2,3,11.8,5,13,00689,55,芝1200,良,1:08.8,0.7,4-4,33.7-34.4,34.8,482(+8),2016110119, ,2017100381
2022/10/09,4阪神2,雨,11,夕刊フジ杯オパールS(L),202209040211,16,3,5,12.1,6,9,00689,54,芝1200,稍,1:09.9,1.3,3-6,33.8-34.8,35.6,474(-18),2019106526, ,2017100381
2022/09/21,浦和,晴,11,テレ玉杯オーバルスプ(G3),202242092111,11,7,8,10.0,4,5,00689,52,ダ1400,重,1:27.5,1.7,2-2-3-4,36.7-36.6,37.7,492(+4),2018103528,125.0,2017100381
2022/08/28,2札幌6,晴,11,キーンランドC(G3),202201020611,15,6,11,31.4,11,5,00689,54,芝1200,良,1:09.5,0.4,2-2,34.5-34.6,35.0,488(+18),2017100434,430.0,2017100381
2022/07/17,2福島6,曇,11,福島テレビOP(OP),202203020611,16,6,11,7.0,3,1,00689,54,芝1200,良,1:09.4,-0.1,2-2,34.6-34.8,34.7,470(+4),2017100437,"2,335.0",2017100381
2022/05/29,3中京8,晴,12,朱雀S(3勝クラス),202207030812,16,3,6,6.0,2,1,00689,53,芝1200,良,1:08.1,0.0,1-1,32.9-35.2,35.2,466(-16),2017106264,"1,876.4",2017100381
2022/04/23,2東京1,晴,10,晩春S(3勝クラス),202205020110,18,2,3,6.7,3,8,00689,53,芝1400,良,1:20.5,0.5,1-1,34.3-34.0,34.5,482(0),2018103929, ,2017100381
2022/02/26,2中山1,晴,11,幕張S(3勝クラス),202206020111,11,8,10,6.9,4,2,00689,55,芝1600,良,1:34.3,0.2,1-1-1,35.6-34.9,35.1,482(0),2016100151,746.6,2017100381
2022/02/12,1東京5,晴,10,雲雀S(3勝クラス),202205010510,13,6,8,34.7,10,2,00689,52,芝1400,良,1:21.3,0.2,1-1,34.9-34.5,34.7,482(-2),2018101871,748.2,2017100381
2021/12/12,5中山4,晴,10,常総S(3勝クラス),202106050410,13,6,8,17.5,6,12,01169,53,芝1800,良,1:49.1,0.7,1-1-1-2,37.6-34.7,35.4,484(0),2016105051, ,2017100381
2021/10/30,4東京7,晴,10,紅葉S(3勝クラス),202105040710,16,7,14,22.7,8,6,00689,53,芝1600,良,1:33.0,0.3,1-1,35.0-34.6,34.9,484(+4),2017104851, ,2017100381
2021/10/02,4中山8,晴,11,秋風S(3勝クラス),202106040811,13,5,6,15.9,8,3,00689,52,芝1600,良,1:34.4,0.1,1-1-1,36.0-34.6,34.7,480(0),2017105640,367.1,2017100381
2021/05/22,2東京9,曇,10,高尾特別(2勝クラス),202105020910,7,7,7,9.9,5,1,01169,55,芝1400,良,1:21.5,0.0,2-2,35.6-34.3,34.1,480(+12),2017103722,"1,518.2",2017100381
2021/05/09,2新潟2,晴,10,邁進特別(2勝クラス),202104020210,15,4,7,7.4,3,7,01164,55,芝1000,良,0:57.6,1.5,6,32.7-34.1,34.9,468(-6),2016101956, ,2017100381
2021/04/10,1新潟1,晴,7,4歳以上1勝クラス,202104010107,15,3,4,4.8,2,1,01164,53,ダ1200,良,1:12.4,-0.2,1-1,34.2-38.2,38.2,474(+10),2016102421,760.0,2017100381
2020/12/20,3中京6,晴,9,3歳以上1勝クラス,202007030609,18,3,6,5.7,3,6,01164,52,芝1200,良,1:09.6,0.5,2-2,34.2-34.9,35.1,464(0),2017110178, ,2017100381
2020/12/05,3中京1,晴,6,3歳以上1勝クラス,202007030106,18,8,16,13.8,5,3,01025,54,芝1400,良,1:20.7,0.1,3-2,34.2-34.5,34.5,464(+4),2017105054,190.0,2017100381
2020/11/14,3福島5,晴,9,3歳以上1勝クラス,202003030509,16,7,14,6.2,4,4,01025,54,芝1200,良,1:09.9,0.1,3-4,34.4-35.4,35.3,460(-4),2016100425,110.0,2017100381
2020/10/31,3福島1,晴,9,3歳以上1勝クラス,202003030109,14,4,5,4.6,2,3,01025,53,芝1200,良,1:08.9,0.1,4-5,33.8-35.0,34.8,464(-6),2017102014,190.0,2017100381
2020/10/10,4東京1,雨,8,3歳以上1勝クラス,202005040108,17,4,7,3.2,1,10,01169,53,芝1400,不,1:26.9,1.3,4-6,34.9-38.7,38.5,470(0),2017103291, ,2017100381
2020/07/18,2函館5,曇,4,3歳未勝利,202002020504,16,5,9,1.8,1,1,01170,54,芝1200,良,1:09.1,-0.9,1-1,33.9-35.2,35.2,470(0),2017106379,510.0,2017100381
2020/07/04,2函館1,曇,3,3歳未勝利,202002020103,15,6,11,3.3,2,2,01170,54,芝1200,良,1:09.8,0.0,6-3,33.7-36.1,35.6,470(+4),2017102809,200.0,2017100381
2020/06/20,1函館3,曇,1,3歳未勝利,202002010301,16,3,5,2.7,1,3,01170,54,芝1200,良,1:09.5,0.3,5-5,33.8-35.4,35.3,466(-8),2017100371,130.0,2017100381
2020/05/24,1新潟6,晴,1,3歳未勝利,202004010601,16,1,2,3.3,2,2,01164,52,芝1200,良,1:09.5,0.4,13-12,33.9-35.2,34.3,474(+2),2017110161,200.0,2017100381
2020/05/10,1新潟2,曇,5,3歳未勝利,202004010205,15,5,9,3.4,1,2,01169,54,芝1200,良,1:09.8,0.4,7-7,34.4-35.0,34.8,472(0),2017105373,200.0,2017100381
2020/04/26,1福島6,晴,5,3歳未勝利,202003010605,16,3,6,2.4,1,2,01164,52,芝1200,良,1:11.1,0.0,8-7,34.7-36.4,35.8,472(+2),2017103734,200.0,2017100381
2020/02/09,1小倉8,曇,5,3歳未勝利,202010010805,18,7,13,9.3,5,2,01164,52,芝1200,良,1:09.5,0.3,5-5,33.2-36.0,35.6,470(-2),2017106128,200.0,2017100381
2020/01/26,1小倉4,曇,5,3歳新馬,202010010405,18,4,8,16.4,5,3,01164,52,芝1200,重,1:12.2,1.1,10-10,34.8-36.3,36.2,472(0),2017100434,150.0,2017100381
2023/03/26,2中京6,小雨,11,高松宮記念(G1),202307020611,18,4,7,16.0,7,8,01171,58,芝1200,不,1:12.1,0.6,7-9,35.6-35.9,35.9,520(+6),2016102197, ,2017100434
2023/03/04,2中山3,晴,11,夕刊フジオーシャンS(G3),202306020311,16,5,9,4.4,2,1,05339,57,芝1200,良,1:07.4,-0.3,8-4,33.4-34.0,33.3,514(-4),2017100583,"4,356.7",2017100434
2022/10/02,4中山9,晴,11,スプリンターズS(G1),202206040911,16,6,12,20.5,9,11,01171,57,芝1200,良,1:08.4,0.6,8-9,32.7-35.1,34.7,518(0),2015110013, ,2017100434
2022/08/28,2札幌6,晴,11,キーンランドC(G3),202201020611,15,4,8,12.3,6,1,05339,56,芝1200,良,1:09.1,-0.1,10-7,34.5-34.6,34.0,518(+2),2019100213,"4,356.7",2017100434
2022/07/31,2新潟2,晴,11,アイビスサマーD(G3),202204020211,18,7,13,2.9,1,9,01014,56,芝1000,良,0:55.2,0.8,7,32.3-32.6,33.1,516(-2),2015103875, ,2017100434
2022/06/12,1函館2,晴,11,函館スプリントS(G3),202202010211,16,4,8,4.8,2,7,01171,56,芝1200,良,1:07.7,0.5,10-9,32.8-34.4,34.1,518(0),2019103753, ,2017100434
2022/04/10,3中山6,晴,11,春雷S(L),202206030611,16,5,9,4.7,1,1,01171,55,芝1200,良,1:06.8,-0.5,4-5,33.2-33.6,33.1,518(0),2017105406,"2,535.0",2017100434
2022/02/13,2小倉2,曇,11,北九州短距離S(OP),202210020211,18,6,11,8.2,4,4,01095,56,芝1200,稍,1:08.8,0.1,6-8,33.6-35.1,34.8,518(+6),2017105421,350.0,2017100434
2021/10/09,4阪神1,晴,11,夕刊フジ杯オパールS(L),202109040111,16,6,11,2.7,1,5,01088,55,芝1200,良,1:08.6,0.4,3-3,34.2-34.0,34.1,512(-6),2016105136,250.0,2017100434
2021/07/24,1函館7,晴,11,TVh杯(3勝クラス),202102010711,12,8,12,3.0,1,1,00666,57,芝1200,良,1:08.5,-0.1,4-2,33.7-34.8,34.5,518(-10),2017105360,"1,845.9",2017100434
2021/07/03,1福島1,曇,11,テレビユー福島賞(3勝クラス),202103010111,16,4,7,6.3,5,3,01077,57,芝1200,良,1:08.5,0.2,3-3,33.0-35.3,35.2,528(+22),2017105449,465.1,2017100434
2020/07/18,2福島5,曇,10,鶴ヶ城特別(2勝クラス),202003020510,16,8,16,4.3,2,1,00663,54,芝1200,稍,1:09.0,-0.2,2-2,34.0-35.0,34.9,506(+6),2016102670,"1,535.7",2017100434
2020/05/09,1新潟1,曇,10,はやぶさ賞(1勝クラス),202004010110,14,5,7,4.0,1,1,00663,56,芝1000,良,0:55.1,-0.3,4,32.6-32.9,32.7,500(+4),2017102234,"1,040.8",2017100434
2020/04/18,1福島3,雨,10,雪うさぎ賞(1勝クラス),202003010310,16,6,11,3.2,1,2,01171,56,芝1200,稍,1:11.4,0.3,2-2,34.0-37.1,37.2,496(0),2017104253,412.6,2017100434
2020/01/26,1小倉4,曇,5,3歳新馬,202010010405,18,7,14,7.3,3,1,01171,55,芝1200,重,1:11.1,-0.1,2-1,34.8-36.3,36.3,496(0),2017110178,600.0,2017100434
2023/03/26,2中京6,小雨,11,高松宮記念(G1),202307020611,18,5,9,237.6,16,14,01191,58,芝1200,不,1:13.0,1.5,15-14,35.6-35.9,36.3,478(+6),2016102197, ,2017100583
2023/03/04,2中山3,晴,11,夕刊フジオーシャンS(G3),202306020311,16,1,1,154.7,15,2,01179,57,芝1200,良,1:07.7,0.3,8-8,33.4-34.0,33.5,472(-4),2017100434,"1,716.2",2017100583
2023/01/14,1中山5,曇,11,カーバンクルS(OP),202306010511,16,4,7,19.6,9,13,01043,55,芝1200,稍,1:09.9,0.9,11-12,34.2-34.8,34.5,476(+8),2017105661, ,2017100583
2022/12/04,5中山2,曇,11,ラピスラズリS(L),202206050211,16,2,4,27.8,10,6,01025,56,芝1200,良,1:08.4,0.3,15-14,33.7-34.4,33.6,468(+6),2016110119, ,2017100583
2022/10/09,4阪神2,雨,11,夕刊フジ杯オパールS(L),202209040211,16,7,13,14.3,7,12,01174,54,芝1200,稍,1:10.3,1.7,15-16,33.8-34.8,35.2,462(-4),2019106526, ,2017100583
2022/08/21,4小倉4,晴,11,TV西日本北九州記念(G3),202210040411,18,7,14,22.0,6,8,00660,54,芝1200,良,1:07.5,0.6,17-13,32.8-34.1,33.5,466(+2),2017101121, ,2017100583
2022/07/23,3小倉7,晴,11,佐世保S(3勝クラス),202210030711,9,6,6,2.6,1,1,01088,55,芝1200,良,1:07.1,0.0,5-4,33.1-34.0,33.5,464(+2),2017110172,"1,861.0",2017100583
2022/06/19,1函館4,曇,11,UHB杯(3勝クラス),202202010411,16,4,8,21.3,8,6,01030,57,芝1200,良,1:08.6,0.3,15-15,33.7-34.6,33.6,462(+2),2018104041, ,2017100583
2022/05/21,3中京5,雨,12,オーストラリアT(2勝クラス),202207030512,12,3,3,2.7,1,1,01088,57,芝1200,良,1:08.4,0.0,10-10,33.7-34.7,33.4,460(-6),2017106240,"1,537.3",2017100583
2022/05/07,1新潟1,晴,10,大日岳特別(2勝クラス),202204010110,13,5,7,4.8,2,5,01025,57,芝1200,良,1:09.1,0.2,13-12,34.3-34.6,33.4,466(-10),2017100461,151.0,2017100583
2022/04/02,2阪神3,晴,10,ラジオ関西賞仲春特別(2勝クラス),202209020310,14,8,13,2.0,1,4,01088,57,芝1200,良,1:08.7,0.3,4-5,34.0-34.4,34.1,476(+2),2017104484,230.0,2017100583
2022/03/05,1阪神7,晴,8,4歳以上2勝クラス,202209010708,11,5,5,4.2,3,2,01088,57,芝1200,良,1:08.5,0.0,5-4,34.2-34.3,33.9,474(+4),2018101452,440.0,2017100583
2022/02/19,2小倉3,雨,11,大濠特別(2勝クラス),202210020311,18,7,13,5.5,3,5,01191,57,芝1200,重,1:10.2,0.2,13-12,34.0-36.0,34.8,470(-4),2017110123,151.0,2017100583
2022/02/06,1中京12,曇,12,4歳以上2勝クラス,202207011212,16,4,7,15.4,5,5,01030,57,芝1200,稍,1:09.0,0.1,13-13,33.6-35.3,33.6,474(-2),2017102946,111.0,2017100583
2022/01/08,1中京2,晴,9,鳥羽特別(2勝クラス),202207010209,14,5,7,15.1,7,8,01015,57,芝1200,良,1:09.1,0.9,9-11,33.9-34.3,33.8,476(+8),2017103895, ,2017100583
2021/12/18,6中京5,晴,11,有松特別(2勝クラス),202107060511,17,4,7,18.7,10,2,01015,55,芝1200,良,1:09.0,0.1,12-10,34.1-34.8,34.0,468(0),2018103932,610.8,2017100583
2021/12/12,6阪神4,晴,8,3歳以上2勝クラス,202109060408,13,6,8,14.0,6,10,01180,57,芝1200,良,1:09.2,0.8,5-4,33.7-34.7,34.4,468(+22),2018105112, ,2017100583
2021/06/05,3東京1,曇,10,由比ヶ浜特別(2勝クラス),202105030110,14,4,5,18.5,8,8,05386,55,芝1400,良,1:21.3,1.2,5-9,35.3-33.6,34.2,446(-4),2018100040, ,2017100583
2021/05/22,2新潟5,晴,11,大日岳特別(2勝クラス),202104020511,16,8,15,4.9,2,5,01191,57,芝1200,稍,1:11.0,0.4,8-10,34.8-35.8,35.7,450(0),2016103415,150.0,2017100583
2021/04/24,1新潟5,晴,10,栃尾特別(1勝クラス),202104010510,15,1,2,2.3,1,1,01088,57,芝1200,良,1:09.4,-0.2,8-9,34.8-34.6,34.0,450(-2),2016106510,"1,097.8",2017100583
2021/03/21,1阪神12,曇,9,豊中特別(2勝クラス),202109011209,13,3,3,23.5,8,3,01191,57,芝1200,重,1:10.2,0.6,10-9,34.3-35.3,34.8,452(+2),2016100455,307.1,2017100583
2021/03/07,2小倉8,曇,7,4歳以上1勝クラス,202110020807,17,1,2,4.2,2,4,01191,54,芝1200,稍,1:09.7,0.3,12-11,34.2-35.2,34.6,450(0),2016105369,110.0,2017100583
2021/02/20,2小倉3,晴,10,八幡特別(1勝クラス),202110020310,14,5,7,2.6,1,2,01025,57,芝1200,良,1:08.9,0.1,6-6,34.8-34.0,33.5,450(-2),2017102809,431.8,2017100583
2021/01/31,1小倉6,晴,10,合馬特別(1勝クラス),202110010610,10,3,3,4.1,2,2,01025,56,芝1200,良,1:09.1,0.0,10-7,34.2-34.9,34.2,452(0),2014103850,427.8,2017100583
2021/01/09,1中京2,晴,9,鳥羽特別(2勝クラス),202107010209,15,2,2,30.9,8,5,01018,56,芝1200,良,1:09.3,0.6,10-10,34.3-34.4,34.2,452(+16),2016104746,150.0,2017100583
2020/12/13,5中山4,曇,12,3歳以上2勝クラス,202006050412,15,5,9,71.9,11,3,01176,55,芝1200,良,1:09.6,0.2,10-9,34.1-35.3,34.6,436(0),2017104270,280.0,2017100583
2020/11/28,5阪神8,晴,12,3歳以上2勝クラス,202009050812,13,1,1,25.3,7,8,01171,56,芝1200,良,1:09.7,0.6,9-9,33.8-35.3,34.5,436(+10),2014105642, ,2017100583
2020/11/01,3福島2,曇,8,3歳以上1勝クラス,202003030208,15,5,8,10.6,6,5,01171,55,芝1200,良,1:09.0,0.4,12-12,33.7-34.9,34.3,426(-6),2017105421,76.0,2017100583
2020/09/26,2中京6,曇,8,3歳以上1勝クラス,202007020608,18,7,15,34.6,10,15,01102,55,芝1400,良,1:21.8,1.3,18-18,33.8-35.0,34.3,432(-16),2017106547, ,2017100583
2020/09/06,2札幌8,晴,6,3歳以上1勝クラス,202001020806,16,7,14,7.8,4,9,05411,55,芝1200,良,1:10.0,0.6,12-9,34.2-35.2,34.8,448(+10),2017104059, ,2017100583
2020/08/22,2札幌3,晴,12,千歳特別(1勝クラス),202001020312,12,2,2,12.0,6,2,01030,54,芝1200,良,1:09.2,0.1,10-9,34.3-34.8,34.1,438(+8),2017103295,428.2,2017100583
2020/08/01,1札幌3,晴,9,礼文特別(1勝クラス),202001010309,11,8,11,12.3,5,5,00684,54,芝1200,良,1:09.2,0.4,7-7,33.4-35.4,34.9,430(0),2017103886,106.0,2017100583
2020/06/28,1函館6,曇,10,立待岬特別(1勝クラス),202002010610,9,3,3,6.3,3,7,01127,54,芝1200,稍,1:10.1,0.7,9-9,34.1-35.3,34.2,430(+4),2016103462, ,2017100583
2020/05/31,3京都12,曇,6,3歳1勝クラス,202008031206,16,3,6,30.5,12,5,01030,56,芝1200,良,1:09.8,0.4,16-16,33.8-35.6,34.1,426(-4),2017101121,73.0,2017100583
2020/05/23,3京都9,晴,6,3歳1勝クラス,202008030906,12,6,7,48.9,9,9,01030,56,芝1600,良,1:34.6,0.8,7-8,34.4-35.4,35.5,430(0),2017106387, ,2017100583
2020/03/08,2中山4,曇,11,報知弥生ディープ記念(G2),202006020411,11,8,11,107.9,9,11,00422,56,芝2000,重,2:06.9,4.0,3-2-2-5,36.2-36.6,40.5,430(-6),2017105472, ,2017100583
2020/02/22,2京都7,雨,5,3歳未勝利,202008020705,16,6,11,5.2,3,1,00666,56,芝1600,稍,1:37.5,-0.1,3-2,35.7-37.1,37.0,436(+6),2017100440,510.0,2017100583
2020/01/25,1京都8,晴,5,3歳未勝利,202008010805,11,7,9,3.9,3,3,01088,56,芝1600,稍,1:37.6,0.5,2-2,35.3-36.8,37.2,430(-2),2017101322,130.0,2017100583
2019/12/28,5阪神9,晴,3,2歳未勝利,201909050903,18,8,17,2.9,1,5,01088,55,芝1800,良,1:48.3,0.5,3-3,34.7-36.3,36.6,432(+2),2017100451,50.0,2017100583
2019/12/07,5阪神3,曇,7,2歳未勝利,201909050307,11,1,1,4.5,2,2,01126,55,芝1800,良,1:49.0,0.2,4-4,36.3-34.3,34.1,430(0),2017105111,200.0,2017100583
2019/11/23,5京都7,晴,5,2歳新馬,201908050705,18,7,15,16.5,5,2,01126,55,芝1400,良,1:22.8,0.1,8-8,34.9-35.9,34.7,430(0),2017105360,280.0,2017100583
2023/03/26,2中京6,小雨,11,高松宮記念(G1),202307020611,18,8,17,255.8,17,18,01128,56,芝1200,不,1:13.6,2.1,17-17,35.6-35.9,36.7,436(-10),2016102197, ,2017101121
2023/02/18,1阪神3,曇,11,京都牝馬S(G3),202309010311,18,5,9,161.7,17,12,01128,56,芝1400,良,1:21.2,0.8,13-12,35.1-33.9,33.9,446(+4),2018101871, ,2017101121
2022/09/11,5中京2,晴,11,産経賞セントウルS(G2),202207050211,13,1,1,25.9,7,10,01128,54,芝1200,良,1:07.5,1.3,3-3,32.5-33.7,34.6,442(+4),2018105069, ,2017101121
2022/08/21,4小倉4,晴,11,TV西日本北九州記念(G3),202210040411,18,1,1,164.3,16,1,01128,51,芝1200,良,1:06.9,-0.2,7-5,32.8-34.1,33.5,438(+8),2017105406,"4,164.4",2017101121
2022/07/17,2福島6,曇,11,福島テレビOP(OP),202203020611,16,8,16,33.0,11,13,01077,54,芝1200,良,1:10.1,0.7,16-16,34.6-34.8,33.9,430(-6),2017100381, ,2017101121
2022/06/26,3東京8,晴,11,パラダイスS(L),202205030811,16,8,16,121.4,15,10,01188,52,芝1400,良,1:21.1,0.9,12-12,34.5-34.4,33.7,436(-8),2018110089, ,2017101121
2022/03/05,2中山3,晴,11,夕刊フジオーシャンS(G3),202206020311,15,4,6,139.2,13,11,00733,54,芝1200,良,1:08.6,0.7,13-13,33.4-34.5,34.1,444(-6),2015110013, ,2017101121
2022/02/13,2小倉2,曇,11,北九州短距離S(OP),202210020211,18,8,17,24.9,12,8,01128,54,芝1200,稍,1:09.2,0.5,4-6,33.6-35.1,35.3,450(+6),2017105421, ,2017101121
2021/12/05,5中山2,晴,11,ラピスラズリS(L),202106050211,16,7,14,19.4,9,11,00684,54,芝1200,良,1:08.4,0.5,3-3,33.5-34.4,34.7,444(0),2017104058, ,2017101121
2021/09/12,5中京2,曇,11,産経賞セントウルS(G2),202107050211,17,1,1,107.5,12,12,01128,54,芝1200,良,1:08.1,0.9,14-15,32.9-34.3,33.1,444(-2),2017105563, ,2017101121
2021/08/22,4小倉4,雨,11,TV西日本北九州記念(G3),202110040411,18,8,18,10.5,7,10,01174,52,芝1200,稍,1:08.7,0.5,6-6,33.2-35.0,34.8,446(0),2018109134, ,2017101121
2021/07/10,3小倉3,晴,11,マレーシアC(3勝クラス),202110030311,7,7,7,5.0,3,1,01128,55,芝1200,良,1:06.9,-0.2,2-2,33.0-33.9,33.8,446(+10),2016104227,"1,836.8",2017101121
2021/04/04,2阪神4,雨,10,淀屋橋S(3勝クラス),202109020410,16,8,16,12.0,8,12,01128,53,芝1200,稍,1:10.8,0.7,9-7,33.7-36.4,35.8,436(-8),2017105421, ,2017101121
2021/02/20,2小倉3,晴,12,紫川特別(2勝クラス),202110020312,18,5,10,3.0,1,1,01128,55,芝1200,良,1:08.0,0.0,7-6,33.3-34.7,34.0,444(-2),2015104131,"1,541.3",2017101121
2021/01/30,1小倉5,晴,11,周防灘特別(2勝クラス),202110010511,18,1,2,7.6,3,2,01128,54,芝1200,良,1:08.3,0.5,4-4,33.0-34.8,34.8,446(+16),2017110161,612.0,2017101121
2020/07/18,2福島5,曇,10,鶴ヶ城特別(2勝クラス),202003020510,16,5,9,5.7,3,4,01043,52,芝1200,稍,1:09.2,0.2,11-8,34.0-35.0,34.6,430(+2),2017100434,230.0,2017101121
2020/06/28,3阪神8,晴,9,舞子特別(2勝クラス),202009030809,12,8,12,9.7,5,7,01128,52,芝1400,良,1:22.3,0.5,7-7,35.3-35.0,34.9,428(+6),2017104172, ,2017101121
2020/05/31,3京都12,曇,6,3歳1勝クラス,202008031206,16,5,9,6.4,3,1,01128,54,芝1200,良,1:09.4,0.0,6-4,33.8-35.6,34.9,422(-2),2017105993,730.0,2017101121
2020/05/03,3京都4,曇,5,3歳1勝クラス,202008030405,18,6,12,24.4,8,5,01174,53,芝1400,良,1:21.7,0.4,17-18,35.2-34.4,33.1,424(-2),2017106130,73.0,2017101121
2020/03/29,2阪神2,晴,7,3歳1勝クラス,202009020207,14,3,3,9.4,4,中,01115,54,芝1400,稍, , ,12-14,34.5-35.9, ,426(+8),2017104172, ,2017101121
2019/12/08,5阪神4,曇,11,阪神ジュベナイルF(G1),201909050411,16,3,5,218.4,10,10,01174,54,芝1600,良,1:35.3,2.6,5-4,33.7-35.2,37.5,418(-2),2017105563, ,2017101121
2019/11/16,5京都5,晴,3,2歳未勝利,201908050503,18,8,16,17.4,5,1,01174,52,芝1200,良,1:10.1,-0.2,16-16,34.9-35.2,33.7,420(+2),2017105537,500.0,2017101121
2019/10/27,4東京9,曇,4,2歳新馬,201905040904,18,4,7,7.3,3,9,00666,54,芝1400,良,1:24.3,1.6,13-13,36.3-34.0,34.1,418(0),2017105449, ,2017101121
2023/03/26,2中京6,小雨,11,高松宮記念(G1),202307020611,18,4,8,7.0,4,6,05203,56,芝1200,不,1:12.0,0.5,10-11,35.6-35.9,35.6,484(+6),2016102197, ,2017110144
2023/02/18,1阪神3,曇,11,京都牝馬S(G3),202309010311,18,8,18,6.0,3,3,05203,56,芝1400,良,1:20.6,0.2,17-18,35.1-33.9,32.8,478(-2),2018101871,959.2,2017110144
2022/12/24,6阪神7,晴,11,阪神C(G2),202209060711,18,5,10,4.5,3,9,01174,55,芝1400,良,1:20.6,0.4,3-3,33.4-35.5,35.8,480(-2),2015103057, ,2017110144
2022/11/20,5阪神6,曇,11,マイルチャンピオンS(G1),202209050611,17,4,8,108.0,15,8,01174,55,芝1600,良,1:32.9,0.4,4-4,35.1-34.0,33.9,482(-4),2019104462, ,2017110144
2022/10/29,4阪神8,晴,11,MBS賞スワンS(G2),202209040811,18,4,7,5.7,3,6,01174,54,芝1400,良,1:20.1,0.3,6-5,34.1-34.6,34.4,486(+2),2015103057, ,2017110144
2022/06/05,3東京2,曇,11,安田記念(G1),202205030211,18,2,3,36.2,11,10,05212,56,芝1600,良,1:32.7,0.4,9-6,34.7-33.6,33.5,484(+8),2018105355, ,2017110144
2022/03/27,2中京6,晴,11,高松宮記念(G1),202207020611,18,5,9,12.9,5,2,01174,55,芝1200,重,1:08.3,0.0,7-8,33.4-34.9,34.3,476(-8),2016106453,"6,908.0",2017110144
2022/02/19,1阪神3,小雨,11,京都牝馬S(G3),202209010311,18,4,7,6.9,5,1,01174,56,芝1400,良,1:19.7,-0.1,2-2,34.3-33.9,33.8,484(+18),2017105186,"3,863.7",2017110144
2021/11/21,5阪神6,曇,11,マイルチャンピオンS(G1),202109050611,16,5,10,48.5,9,12,01075,55,芝1600,良,1:33.5,0.9,7-5,35.6-33.3,33.9,466(-6),2016104532, ,2017110144
2021/10/23,4東京5,晴,11,富士S(G2),202105040511,17,3,5,5.8,3,10,01075,54,芝1600,良,1:34.1,0.9,1-1,35.3-34.5,35.4,472(+10),2018105355, ,2017110144
2021/08/15,4新潟2,晴,11,関屋記念(G3),202104040211,17,3,6,9.7,4,1,01075,54,芝1600,良,1:32.7,-0.2,2-2,35.0-34.6,34.1,462(-8),2016106606,"3,963.7",2017110144
2021/07/18,3小倉6,曇,11,トヨタ賞中京記念(G3),202110030611,12,5,5,4.7,3,5,01116,54,芝1800,良,1:46.6,0.4,2-2-2-2,35.9-34.7,34.9,470(+2),2016104349,390.0,2017110144
2021/06/19,3阪神1,小雨,11,米子S(L),202109030111,15,7,13,3.9,2,1,01174,54,芝1600,重,1:35.0,-0.3,3-3,35.4-36.2,35.8,468(+6),2017106387,"2,534.3",2017110144
2021/04/18,2阪神8,曇,9,須磨特別(2勝クラス),202109020809,7,4,4,1.4,1,1,01116,55,芝1800,稍,1:48.7,-0.2,2-2,36.9-33.3,33.2,462(-6),2017105396,"1,519.6",2017110144
2021/03/28,2阪神2,雨,7,4歳以上1勝クラス,202109020207,11,7,9,1.6,1,1,01116,55,芝1600,稍,1:34.3,-0.4,3-3,35.7-34.8,34.5,468(-2),2015104862,760.0,2017110144
2021/02/20,1阪神3,晴,7,4歳以上1勝クラス,202109010307,15,4,6,2.8,1,2,00666,55,芝1600,良,1:33.4,0.5,9-9,35.2-34.3,33.9,470(+4),2017105662,300.0,2017110144
2020/05/23,1新潟5,晴,10,早苗賞(1勝クラス),202004010510,14,5,7,6.9,4,2,01164,54,芝1800,良,1:47.8,0.0,2-2,37.3-33.8,33.7,466(+10),2017103000,410.0,2017110144
2019/12/08,5阪神4,曇,11,阪神ジュベナイルF(G1),201909050411,16,4,7,57.2,8,12,01116,54,芝1600,良,1:35.4,2.7,2-2,33.7-35.2,37.8,456(-6),2017105563, ,2017110144
2019/10/12,4京都3,雨,9,もみじS(OP),201908040309,11,2,2,2.8,2,2,01014,54,芝1400,不,1:24.3,0.2,3-3,35.6-36.3,36.0,462(-2),2017105072,646.8,2017110144
2019/09/21,4阪神6,曇,5,2歳新馬,201909040605,15,4,7,2.9,1,1,01014,54,芝1600,良,1:37.2,-0.3,2-2,37.1-34.1,34.0,464(0),2017105626,700.0,2017110144
2023/03/26,2中京6,小雨,11,高松宮記念(G1),202307020611,18,8,16,28.4,10,5,01174,58,芝1200,不,1:12.0,0.5,18-18,35.6-35.9,34.9,468(-6),2016102197,"1,700.0",2018104934
2023/02/26,1阪神6,曇,11,阪急杯(G3),202309010611,15,4,7,1.7,1,7,01174,57,芝1400,良,1:20.1,0.6,5-4,33.9-34.3,34.3,474(+4),2019105126, ,2018104934
2022/12/24,6阪神7,晴,11,阪神C(G2),202209060711,18,8,18,4.4,2,2,05473,57,芝1400,良,1:20.2,0.0,8-7,33.4-35.5,35.0,470(0),2015103057,"2,736.4",2018104934
2022/06/18,アスコッ, , ,プラチナジュビリーS(G1),2022A0a00504,24, ,10, ,19,19,05473,59.5,芝1200,良, , , , , ,計不,, ,2018104934
2022/03/27,2中京6,晴,11,高松宮記念(G1),202207020611,18,8,18,5.6,3,12,01014,57,芝1200,重,1:08.8,0.5,14-14,33.4-34.9,34.3,460(-8),2016106453, ,2018104934
2021/12/25,6阪神7,曇,11,阪神C(G2),202109060711,18,6,12,5.0,3,1,05473,56,芝1400,良,1:20.3,-0.3,10-10,34.3-35.0,34.0,468(+2),2018105192,"6,828.8",2018104934
2021/11/21,5阪神6,曇,11,マイルチャンピオンS(G1),202109050611,16,5,9,10.1,4,13,01032,56,芝1600,良,1:33.8,1.2,3-2,35.6-33.3,34.4,466(+6),2016104532, ,2018104934
2021/09/12,4中山2,曇,11,京成杯オータムH(G3),202106040211,16,1,1,2.8,1,3,01088,56,芝1600,良,1:32.1,0.1,8-9-9,34.6-35.2,34.0,460(0),2016104711,988.2,2018104934
2021/05/09,2東京6,晴,11,NHKマイルC(G1),202105020611,18,4,8,3.4,1,3,01088,57,芝1600,良,1:32.1,0.5,3-2,33.7-34.7,35.1,460(+2),2018110007,"2,654.6",2018104934
2021/03/20,2中京3,曇,11,中スポ賞ファルコンS(G3),202107020311,15,3,4,1.8,1,2,01088,57,芝1400,良,1:20.1,0.0,2-2,33.7-35.0,34.9,458(0),2018104945,"1,515.8",2018104934
2020/12/20,6阪神6,晴,11,朝日フューチュリティ(G1),202009060611,16,1,2,17.5,7,1,01088,55,芝1600,良,1:32.3,-0.1,3-2,33.7-35.4,34.5,458(+2),2018104980,"7,114.8",2018104934
2020/11/07,5阪神1,曇,3,2歳未勝利,202009050103,17,4,8,1.7,1,1,01088,55,芝1400,良,1:20.4,-0.5,2-2,34.2-34.6,34.3,456(+2),2018106583,510.0,2018104934
2020/09/19,2中京3,晴,3,2歳未勝利,202007020303,10,7,7,2.6,2,4,01088,54,芝1600,良,1:34.3,1.2,2-2-2,34.0-35.9,37.0,454(+2),2018105366,77.0,2018104934
2020/07/26,2新潟2,曇,6,2歳新馬,202004020206,15,6,10,1.5,1,2,01088,54,芝1400,良,1:22.4,0.1,5-5,35.2-34.9,34.5,452(0),2018105339,280.0,2018104934
2023/03/26,2中京6,小雨,11,高松宮記念(G1),202307020611,18,3,5,4.5,1,12,01032,56,芝1200,不,1:12.6,1.1,5-5,35.6-35.9,36.6,486(+9),2016102197, ,2018105069
2022/12/11,シャティ, ,5,香港スプリント(G1),2022H1121105,14, ,13,4.8,2,5,05520,55.5,芝1200,良, , , , , ,計不,, ,2018105069
2022/10/02,4中山9,晴,11,スプリンターズS(G1),202206040911,16,7,13,2.5,1,14,01032,55,芝1200,良,1:08.7,0.9,4-4,32.7-35.1,35.4,482(-2),2015110013, ,2018105069
2022/09/11,5中京2,晴,11,産経賞セントウルS(G2),202207050211,13,4,5,1.7,1,1,01032,55,芝1200,良,1:06.2,-0.4,5-5,32.5-33.7,32.9,484(+14),2016102197,"5,993.8",2018105069
2022/05/14,2東京7,曇,11,京王杯スプリングC(G2),202205020711,12,8,12,3.1,1,1,01032,54,芝1400,良,1:20.2,-0.1,6-5,34.4-34.4,33.6,470(+2),2017105186,"5,984.0",2018105069
2022/03/27,2中京6,晴,11,高松宮記念(G1),202207020611,18,8,17,5.2,2,5,01032,55,芝1200,重,1:08.4,0.1,7-8,33.4-34.9,34.4,468(-4),2016106453,"1,700.0",2018105069
2022/01/30,1中京10,曇,11,シルクロードS(G3),202207011011,18,2,3,4.0,2,1,01032,55,芝1200,良,1:08.1,-0.1,4-3,33.6-34.5,34.2,472(+2),2017105541,"4,163.7",2018105069
2021/10/03,4中山9,晴,11,スプリンターズS(G1),202106040911,16,3,6,24.9,7,4,01032,53,芝1200,良,1:07.8,0.7,7-7,33.3-33.8,33.5,470(-8),2018105204,"2,000.0",2018105069
2021/08/29,2札幌6,晴,11,キーンランドC(G3),202101020611,16,3,5,2.8,1,7,00666,52,芝1200,良,1:09.4,0.3,1-1,34.0-35.1,35.4,478(+20),2018104029, ,2018105069
2021/04/11,2阪神6,晴,11,桜花賞(G1),202109020611,18,4,8,6.4,3,18,00660,55,芝1600,良,1:34.0,2.9,3-1,34.1-34.3,37.2,458(-4),2018105233, ,2018105069
2021/03/06,1阪神7,曇,11,チューリップ賞(G2),202109010711,12,1,1,1.6,1,1,00666,54,芝1600,稍,1:33.8,0.0,4-1,36.3-34.8,34.8,462(+4),2018110004,"3,704.0",2018105069
2020/12/13,6阪神4,曇,11,阪神ジュベナイルF(G1),202009060411,18,8,18,4.7,3,4,00666,54,芝1600,良,1:33.3,0.2,12-8,34.9-34.4,34.0,458(0),2018105233,980.0,2018105069
2020/11/07,5阪神1,曇,11,KBSファンタジーS(G3),202009050111,12,7,10,2.5,1,1,00666,54,芝1400,良,1:20.1,-0.1,4-4,34.1-34.8,34.5,458(-2),2018101067,"2,944.8",2018105069
2020/09/06,2小倉8,雨,11,小倉2歳S(G3),202010020811,10,7,8,6.3,2,1,00666,54,芝1200,重,1:09.6,-0.2,5-4,33.9-35.7,35.1,460(-2),2018105296,"3,135.7",2018105069
2020/08/22,2小倉3,晴,5,2歳新馬,202010020305,17,1,1,1.9,1,1,01014,54,芝1200,良,1:09.4,-0.8,3-3,33.9-35.5,35.3,462(0),2018104075,700.0,2018105069
2023/03/26,2中京6,小雨,11,高松宮記念(G1),202307020611,18,6,11,17.4,8,13,05386,58,芝1200,不,1:12.9,1.4,13-11,35.6-35.9,36.4,530(+2),2016102197, ,2018105204
2021/12/12,シャティ, , ,香港スプリント(G1),2021H1121205,12, ,2,2.8,1,中,01014,57,芝1200,良, , , , , ,計不,, ,2018105204
2021/10/03,4中山9,晴,11,スプリンターズS(G1),202106040911,16,2,4,5.3,3,1,01014,55,芝1200,良,1:07.1,-0.3,3-2,33.3-33.8,33.4,538(+2),2017105563,"13,340.2",2018105204
2021/09/12,5中京2,曇,11,産経賞セントウルS(G2),202107050211,17,8,15,4.6,2,2,01014,54,芝1200,良,1:07.2,0.0,6-6,32.9-34.3,33.3,536(+8),2017105563,"2,434.4",2018105204
2021/07/04,3小倉2,曇,11,CBC賞(G3),202110030211,13,7,11,4.4,2,2,01014,53,芝1200,良,1:06.1,0.1,7-6,32.3-33.7,33.3,528(-4),2016102197,"1,613.0",2018105204
2021/05/09,2東京6,晴,11,NHKマイルC(G1),202105020611,18,8,18,15.1,6,12,01014,57,芝1600,良,1:32.9,1.3,1-1,33.7-34.7,36.0,532(+2),2018110007, ,2018105204
2021/04/17,2阪神7,雨,11,アーリントンC(G3),202109020711,18,4,8,4.3,2,4,01014,56,芝1600,重,1:34.6,0.4,1-1,34.7-35.0,35.4,530(-6),2018105192,570.0,2018105204
2021/01/10,1中京3,晴,11,日刊スポシンザン記念(G3),202107010311,15,7,12,13.0,4,1,01014,56,芝1600,良,1:33.3,-0.2,1-1-1,34.7-35.2,35.2,536(-2),2018104945,"3,853.2",2018105204
2020/11/23,5阪神7,晴,9,秋明菊賞(1勝クラス),202009050709,11,3,3,2.7,1,3,01014,55,芝1400,良,1:21.7,0.4,10-9,33.8-35.9,35.8,538(+10),2018110037,253.4,2018105204
2020/09/26,2中京6,曇,5,2歳新馬,202007020605,11,7,8,1.7,1,1,01014,54,芝1400,良,1:23.4,-0.1,5-5,36.2-35.1,34.6,528(0),2018104953,700.0,2018105204
2023/03/26,2中京6,小雨,11,高松宮記念(G1),202307020611,18,2,4,29.0,11,11,01019,58,芝1200,不,1:12.6,1.1,3-2,35.6-35.9,36.8,512(-2),2016102197, ,2018105610
2023/02/26,1阪神6,曇,11,阪急杯(G3),202309010611,15,3,5,12.0,3,2,01115,57,芝1400,良,1:19.5,0.0,4-4,33.9-34.3,33.8,514(-12),2019105126,"1,716.2",2018105610
2023/01/21,1中京7,晴,11,睦月S(OP),202307010711,9,1,1,5.3,3,6,01115,58,芝1600,良,1:34.8,0.7,6-6-6,36.7-33.9,33.8,526(+18),2019105938, ,2018105610
2022/10/16,4新潟2,晴,11,信越S(L),202204040211,18,6,11,3.6,1,1,01115,56,芝1400,良,1:20.2,-0.2,8-7,33.6-35.2,34.2,508(-4),2018104750,"2,542.0",2018105610
2022/09/11,5中京2,晴,11,産経賞セントウルS(G2),202207050211,13,6,9,12.9,3,4,01036,56,芝1200,良,1:06.8,0.6,6-6,32.5-33.7,33.4,512(+6),2018105069,890.0,2018105610
2022/05/29,3中京8,晴,10,安土城S(L),202207030810,18,8,16,6.8,4,2,01036,56,芝1400,良,1:19.6,0.2,6-6,33.9-34.3,33.7,506(-2),2015100635,"1,011.4",2018105610
2022/05/08,3中京2,晴,11,鞍馬S(OP),202207030211,18,8,16,4.7,1,2,01115,56,芝1200,良,1:07.3,0.2,10-7,33.6-33.5,33.0,508(0),2018100032,932.6,2018105610
2022/03/05,2中山3,晴,11,夕刊フジオーシャンS(G3),202206020311,15,3,5,16.5,8,4,01115,56,芝1200,良,1:08.1,0.2,7-6,33.4-34.5,34.1,508(-2),2015110013,650.0,2018105610
2022/02/13,2小倉2,曇,11,北九州短距離S(OP),202210020211,18,3,5,7.3,2,10,01036,56,芝1200,稍,1:09.2,0.5,14-15,33.6-35.1,34.7,510(+2),2017105421, ,2018105610
2022/01/10,1中京4,晴,11,淀短距離S(L),202207010411,17,3,5,6.6,3,2,01036,55,芝1200,良,1:08.0,0.1,7-7,33.5-34.4,33.9,508(+8),2017100091,"1,010.4",2018105610
2021/11/14,5東京4,晴,11,オーロC(L),202105050411,18,6,11,5.9,3,14,01036,54,芝1400,良,1:21.3,0.6,2-2,34.2-35.1,35.3,500(-6),2016103649, ,2018105610
2021/10/17,5新潟4,曇,11,信越S(L),202104050411,18,5,10,13.3,7,3,01036,53,芝1400,重,1:22.0,0.2,7-7,33.5-36.5,36.1,506(+6),2016104807,635.4,2018105610
2021/08/29,4新潟6,晴,10,朱鷺S(L),202104040610,18,6,12,8.2,4,3,01036,53,芝1400,良,1:21.3,0.3,5-5,34.2-34.9,34.7,500(+8),2016106232,635.6,2018105610
2021/05/29,3中京7,晴,11,葵S(G),202107030711,17,3,6,3.5,2,16,00666,57,芝1200,良,1:09.4,1.3,6-7,33.2-34.9,35.4,492(+2),2018104029, ,2018105610
2021/05/09,3中京2,晴,10,橘S(L),202107030210,13,5,6,10.6,7,1,01036,56,芝1400,良,1:19.9,-0.7,4-4,33.5-35.0,34.1,490(+4),2018105500,"2,028.7",2018105610
2021/03/27,2阪神1,晴,11,毎日杯(G3),202109020111,9,5,5,39.3,7,7,01115,56,芝1800,良,1:46.3,2.4,2-3,34.5-34.4,36.6,486(-6),2018105165, ,2018105610
2021/01/10,1中京3,晴,11,日刊スポシンザン記念(G3),202107010311,15,3,5,16.6,7,11,01115,56,芝1600,良,1:34.5,1.2,6-5-5,34.7-35.2,36.0,492(0),2018105204, ,2018105610
2020/12/06,3中京2,晴,9,こうやまき賞(1勝クラス),202007030209,8,8,8,5.4,3,1,00666,55,芝1600,良,1:34.1,-0.2,5-3-3,36.4-34.0,33.8,492(+14),2018106513,"1,028.2",2018105610
2020/10/10,4東京1,雨,11,サウジアラビアRC(G3),202005040111,10,7,7,7.0,4,10,01096,55,芝1600,不,1:42.7,3.1,3-3,35.6-37.7,40.5,478(+2),2018104980, ,2018105610
2020/09/19,2中京3,晴,9,野路菊S(OP),202007020309,5,4,4,7.8,3,2,00666,54,芝1600,良,1:35.7,0.3,3-3-3,36.5-34.1,34.1,476(+8),2018105192,643.2,2018105610
2020/06/06,3阪神1,晴,5,2歳新馬,202009030105,10,8,9,28.3,6,1,00666,54,芝1600,良,1:36.6,-0.1,1-2,36.6-34.5,34.4,468(0),2018101618,700.0,2018105610
2023/03/26,2中京6,小雨,11,高松宮記念(G1),202307020611,18,8,18,13.3,6,10,01126,58,芝1200,不,1:12.5,1.0,7-5,35.6-35.9,36.5,474(-6),2016102197, ,2019100213
2023/01/29,1中京10,晴,11,シルクロードS(G3),202307011011,15,8,14,8.2,4,7,01126,59,芝1200,良,1:08.3,1.0,10-8,33.8-33.5,33.8,480(+12),2019103753, ,2019100213
2022/10/02,4中山9,晴,11,スプリンターズS(G1),202206040911,16,4,7,20.0,7,2,01126,55,芝1200,良,1:07.8,0.0,8-9,32.7-35.1,34.1,468(0),2015110013,"6,896.0",2019100213
2022/08/28,2札幌6,晴,11,キーンランドC(G3),202201020611,15,3,5,6.0,2,2,01126,54,芝1200,良,1:09.2,0.1,5-2,34.5-34.6,34.5,468(+4),2017100434,"1,716.2",2019100213
2022/05/28,3中京7,晴,11,葵S(G3),202207030711,17,4,7,4.6,1,1,01126,57,芝1200,良,1:08.2,-0.4,8-8,33.2-35.0,34.4,464(-2),2019100765,"4,065.1",2019100213
2022/05/08,3中京2,晴,10,橘S(L),202207030210,10,8,10,15.9,5,1,01018,56,芝1400,良,1:19.3,-0.3,3-3,33.7-34.3,33.9,466(0),2019110107,"2,021.7",2019100213
2022/03/19,2中京3,曇,11,中スポ賞ファルコンS(G3),202207020311,18,7,15,42.2,10,15,01085,56,芝1400,稍,1:23.2,2.3,5-7,33.1-36.5,38.3,466(-2),2019104911, ,2019100213
2021/12/18,6中京5,晴,10,報知杯中京2歳S(OP),202107060510,9,3,3,2.8,1,2,01085,56,芝1200,良,1:09.0,0.6,5-5,33.7-34.7,34.8,468(+4),2019110105,645.8,2019100213
2021/11/14,2福島4,晴,10,福島2歳S(OP),202103020410,16,8,15,17.6,5,1,01085,55,芝1200,良,1:09.5,-0.2,3-2,33.7-35.8,35.6,464(+8),2019102938,"1,635.7",2019100213
2021/10/17,5新潟4,曇,2,2歳未勝利,202104050402,13,6,9,8.1,4,1,01091,55,芝1200,重,1:11.0,-0.4,2-2,34.7-36.3,36.1,456(-2),2019105739,510.0,2019100213
2021/09/18,4中山3,雨,2,2歳未勝利,202106040302,10,4,4,4.7,3,5,01091,54,ダ1800,不,1:54.8,2.6,7-7-7-7,36.3-38.5,39.7,458(-6),2019100641,51.0,2019100213
2021/09/05,2札幌8,晴,2,2歳未勝利,202101020802,13,6,9,9.0,4,5,01091,54,芝1500,稍,1:32.8,0.4,6-5-5,31.3-36.1,35.9,464(+6),2019102456,51.0,2019100213
2021/07/18,1函館6,晴,1,2歳未勝利,202102010601,12,6,7,4.9,3,3,01091,54,芝1200,良,1:10.6,0.8,2-2,35.4-34.4,35.1,458(+6),2019110039,130.0,2019100213
2021/07/04,1函館2,晴,1,2歳未勝利,202102010201,12,4,4,5.7,3,3,01091,54,芝1200,良,1:10.5,0.1,9-9,34.4-36.0,35.1,452(+4),2019105859,130.0,2019100213
2021/06/20,1札幌4,曇,5,2歳新馬,202101010405,16,2,4,16.5,6,3,01091,54,芝1200,稍,1:09.8,0.3,4-4,34.7-34.8,34.7,448(0),2019110064,180.0,2019100213
2023/03/26,2中京6,小雨,11,高松宮記念(G1),202307020611,18,1,2,52.7,14,16,01095,56,芝1200,不,1:13.2,1.7,5-5,35.6-35.9,37.1,470(-16),2016102197, ,2019102788
2023/02/18,1阪神3,曇,11,京都牝馬S(G3),202309010311,18,8,16,7.6,4,14,00666,55,芝1400,良,1:21.5,1.1,3-2,35.1-33.9,34.8,486(+18),2018101871, ,2019102788
2022/10/16,4阪神5,晴,11,秋華賞(G1),202209040511,16,6,12,40.2,10,12,00666,55,芝2000,良,1:59.4,0.8,3-3-3-4,35.7-34.8,35.3,468(0),2019105565, ,2019102788
2022/07/31,1札幌4,晴,11,クイーンS(G3),202201010411,14,6,10,2.2,1,10,00666,52,芝1800,良,1:48.4,0.6,4-3-2-2,37.3-35.2,35.5,468(0),2017105607, ,2019102788
2022/05/22,2東京10,晴,11,優駿牝馬(G1),202205021011,17,1,1,13.3,7,13,00666,55,芝2400,良,2:26.1,2.2,11-11-12-12,35.3-34.8,35.5,468(+4),2019104740, ,2019102788
2022/04/10,2阪神6,晴,11,桜花賞(G1),202209020611,18,3,6,6.2,3,2,00666,55,芝1600,良,1:32.9,0.0,2-2,34.6-34.1,34.0,464(-14),2019104740,"5,988.4",2019102788
2022/03/05,1阪神7,晴,11,チューリップ賞(G2),202209010711,15,5,9,5.6,3,5,00666,54,芝1600,良,1:33.6,0.4,4-5,34.3-34.7,34.5,478(+8),2019105213,520.0,2019102788
2021/12/12,6阪神4,晴,11,阪神ジュベナイルF(G1),202109060411,18,7,13,6.6,4,3,00666,54,芝1600,良,1:34.0,0.2,3-3,34.1-34.8,34.5,470(-2),2019106342,"1,618.4",2019102788
2021/11/06,5阪神1,曇,11,KBSファンタジーS(G3),202109050111,10,5,5,3.8,2,1,00666,54,芝1400,良,1:21.1,-0.1,2-2,34.4-35.2,34.7,472(+2),2019103753,"2,935.0",2019102788
2021/10/03,4中山9,晴,9,サフラン賞(1勝クラス),202106040909,8,7,7,14.2,6,1,01095,54,芝1600,良,1:35.8,-0.2,2-2-2,37.2-33.7,33.6,470(+6),2019100205,"1,029.6",2019102788
2021/08/21,2札幌3,晴,5,2歳新馬,202101020305,13,5,8,16.8,6,1,01095,54,芝1500,良,1:31.4,-0.3,1-1-1,31.2-34.8,34.8,464(0),2019105750,700.0,2019102788
2023/03/26,2中京6,小雨,11,高松宮記念(G1),202307020611,18,7,15,5.4,2,2,01115,56,芝1200,不,1:11.6,0.1,10-9,35.6-35.9,35.4,466(-6),2016102197,"6,908.0",2019103753
2023/01/29,1中京10,晴,11,シルクロードS(G3),202307011011,15,2,2,4.8,2,1,01115,56.5,芝1200,良,1:07.3,0.0,7-8,33.8-33.5,32.9,472(+6),2016102197,"4,155.3",2019103753
2022/10/02,4中山9,晴,11,スプリンターズS(G1),202206040911,16,5,9,2.9,2,5,01115,53,芝1200,良,1:08.0,0.2,7-6,32.7-35.1,34.5,466(-4),2015110013,"1,700.0",2019103753
2022/08/21,4小倉4,晴,11,TV西日本北九州記念(G3),202210040411,18,8,16,2.1,1,3,01115,53,芝1200,良,1:07.1,0.2,10-8,32.8-34.1,33.6,470(+8),2017101121,"1,009.2",2019103753
2022/06/12,1函館2,晴,11,函館スプリントS(G3),202202010211,16,4,7,2.1,1,1,01115,50,芝1200,良,1:07.2,-0.4,3-3,32.8-34.4,34.1,462(0),2017105661,"4,156.0",2019103753
2022/04/10,2阪神6,晴,11,桜花賞(G1),202209020611,18,1,1,14.5,6,3,01115,55,芝1600,良,1:33.0,0.1,4-4,34.6-34.1,33.9,462(-4),2019104740,"3,694.2",2019103753
2022/03/13,1阪神10,曇,11,フィリーズレビュー(G2),202209011011,15,2,2,1.7,1,2,01115,54,芝1400,良,1:19.9,0.0,9-9,33.5-35.0,34.4,466(+12),2019105345,"2,130.8",2019103753
2021/12/12,6阪神4,晴,11,阪神ジュベナイルF(G1),202109060411,18,1,1,11.9,6,5,01115,54,芝1600,良,1:34.3,0.5,11-13,34.1-34.8,34.1,454(-6),2019106342,650.0,2019103753
2021/11/06,5阪神1,曇,11,KBSファンタジーS(G3),202109050111,10,2,2,2.5,1,2,01115,54,芝1400,良,1:21.2,0.1,4-3,34.4-35.2,34.6,460(+2),2019102788,"1,210.0",2019103753
2021/09/05,4小倉8,小雨,11,小倉2歳S(G3),202110040811,10,8,9,6.4,4,1,01115,54,芝1200,良,1:07.9,-0.4,6-7,33.6-34.3,33.9,458(+4),2019105237,"3,137.1",2019103753
2021/08/14,4小倉1,雨,9,フェニックス賞(OP),202110040109,10,5,5,4.1,2,1,01126,54,芝1200,不,1:10.8,-0.1,3-2,34.1-36.7,36.4,454(-10),2019103422,"1,622.4",2019103753
2021/08/01,3新潟4,曇,6,2歳新馬,202104030406,17,2,3,13.1,5,3,01157,54,芝1600,良,1:36.1,0.7,3-3,36.4-34.1,34.4,464(0),2019104954,180.0,2019103753
2023/03/26,2中京6,小雨,11,高松宮記念(G1),202307020611,18,6,12,6.3,3,7,01140,58,芝1200,不,1:12.1,0.6,3-2,35.6-35.9,36.3,492(-4),2016102197, ,2019105126
2023/02/26,1阪神6,曇,11,阪急杯(G3),202309010611,15,6,11,3.8,2,1,01140,57,芝1400,良,1:19.5,0.0,2-2,33.9-34.3,34.1,496(+2),2018105610,"4,356.7",2019105126
2022/12/18,6阪神6,晴,10,六甲アイランドS(3勝クラス),202209060610,15,2,2,3.7,2,1,01126,56,芝1400,良,1:20.3,-0.3,2-2,33.7-35.3,35.2,494(+4),2017105458,"1,872.2",2019105126
2022/11/12,5阪神3,晴,12,3歳以上2勝クラス,202209050312,11,7,8,2.4,1,1,05473,56,芝1400,良,1:21.9,-0.6,1-1,36.3-33.6,33.6,490(+4),2019102856,"1,110.0",2019105126
2022/08/28,2札幌6,晴,8,3歳以上1勝クラス,202201020608,14,6,9,2.1,1,1,01088,54,芝1500,良,1:29.6,-0.2,3-3-2,30.7-35.0,34.6,486(-2),2018105157,770.0,2019105126
2022/07/23,1札幌1,曇,8,3歳以上1勝クラス,202201010108,13,8,12,2.9,2,4,01140,54,芝1200,稍,1:10.4,0.5,2-2,34.0-35.9,36.2,488(+2),2019102522,120.0,2019105126
2022/04/03,2阪神4,曇,5,3歳1勝クラス,202209020405,13,8,12,3.1,2,3,01088,56,芝1600,良,1:35.0,0.1,5-4,35.9-34.9,34.6,486(-2),2019101670,190.0,2019105126
2022/02/20,1東京8,曇,5,3歳1勝クラス,202205010805,15,5,9,3.3,2,2,01088,56,芝1600,重,1:34.7,0.3,5-6,34.2-36.0,35.8,488(+6),2019105205,300.0,2019105126
2021/10/23,4東京5,晴,3,2歳未勝利,202105040503,13,5,7,2.3,1,1,01088,55,芝1600,稍,1:35.6,-0.5,2-2,35.6-35.2,35.0,482(+8),2019104764,510.0,2019105126
2021/06/26,3阪神3,曇,5,2歳新馬,202109030305,17,5,9,1.7,1,3,01088,54,芝1400,良,1:24.5,0.3,2-2,36.9-34.8,34.9,474(0),2019100547,180.0,2019105126
2023/03/26,2中京6,小雨,11,高松宮記念(G1),202307020611,18,7,14,7.9,5,15,01157,58,芝1200,不,1:13.0,1.5,14-14,35.6-35.9,36.3,462(-4),2016102197, ,2019106526
2023/01/29,1中京10,晴,11,シルクロードS(G3),202307011011,15,8,15,5.8,3,4,01157,58.5,芝1200,良,1:07.8,0.5,9-10,33.8-33.5,33.2,466(+12),2019103753,620.0,2019106526
2022/11/27,5阪神8,晴,12,京阪杯(G3),202209050812,16,7,14,3.8,1,1,01157,55,芝1200,良,1:07.2,-0.2,5-5,33.3-33.9,33.0,454(0),2015101028,"4,156.7",2019106526
2022/10/09,4阪神2,雨,11,夕刊フジ杯オパールS(L),202209040211,16,8,16,5.8,3,1,01157,54,芝1200,稍,1:08.6,-0.3,11-9,33.8-34.8,34.0,454(+2),2017106720,"2,540.6",2019106526
2022/08/28,2札幌6,晴,11,キーンランドC(G3),202201020611,15,8,16,3.8,1,4,01088,53,芝1200,良,1:09.5,0.4,8-7,34.5-34.6,34.5,452(+4),2017100434,650.0,2019106526
2022/05/08,2東京6,曇,11,NHKマイルC(G1),202205020611,18,3,6,32.2,11,8,05386,57,芝1600,良,1:33.1,0.8,1-1,34.1-34.9,35.7,448(-4),2019103034, ,2019106526
2022/03/19,2中京3,曇,11,中スポ賞ファルコンS(G3),202207020311,18,4,8,3.8,1,5,05386,57,芝1400,稍,1:21.5,0.6,5-5,33.1-36.5,36.7,452(+2),2019104911,400.0,2019106526
2022/01/29,1東京1,晴,10,クロッカスS(L),202205010110,9,6,6,2.1,1,1,05386,56,芝1400,良,1:21.8,-0.2,3-2,36.2-33.3,33.1,450(0),2019104911,"2,022.4",2019106526
2021/12/19,6阪神6,晴,11,朝日フューチュリティ(G1),202109060611,15,7,12,46.9,9,6,05386,55,芝1600,良,1:34.0,0.5,3-3,34.3-35.2,35.4,450(-2),2019105283, ,2019106526
2021/11/06,5東京1,晴,11,京王杯2歳S(G2),202105050111,14,5,8,7.9,4,2,05386,55,芝1400,良,1:21.5,0.2,4-3,35.1-34.1,34.0,452(+6),2019105938,"1,514.4",2019106526
2021/08/29,4新潟6,晴,5,2歳新馬,202104040605,18,3,5,6.0,2,1,05386,54,芝1600,良,1:35.3,-0.4,2-2,35.1-34.8,34.8,446(0),2019104558,700.0,2019106526
