race_id,race_round,race_title,weather,ground_status,where_racecourse,total_horse_number,frame_number_first,horse_number_first,frame_number_second,horse_number_second,frame_number_third,horse_number_third,tansyo,hukusyo_first,hukusyo_second,hukusyo_third,wakuren,umaren,wide_1_2,wide_1_3,wide_2_3,umatan,renhuku3,rentan3,is_obstacle,ground_type,is_left_right_straight,distance,weather_rain,weather_snow,datetime
202305010101,1,3歳未勝利,晴,1,東京,16,7,14,5,10,5,9,160,110,170,890,430,520,270,1820,4120,710,7490,18190,0.0,ダ,左,1400,0,0,2023-01-28 10:05:00
202305010102,2,3歳新馬,晴,1,東京,16,7,13,8,16,1,1,260,140,460,640,1370,1940,800,1790,5830,3130,22550,85690,0.0,ダ,左,1400,0,0,2023-01-28 10:35:00
202305010103,3,3歳未勝利,晴,1,東京,16,5,9,7,14,4,7,230,120,170,440,400,580,300,740,1210,1040,3470,11550,0.0,ダ,左,1600,0,0,2023-01-28 11:05:00
202305010104,4,3歳1勝クラス,晴,1,東京,12,8,11,7,9,5,5,340,130,130,170,590,680,270,400,420,1300,1540,6730,0.0,ダ,左,1600,0,0,2023-01-28 11:35:00
202305010105,5,3歳未勝利,晴,1,東京,16,6,11,2,3,4,7,160,110,500,190,360,2880,910,340,3090,3550,5880,22130,0.0,芝,左,1800,0,0,2023-01-28 12:25:00
202305010106,6,3歳新馬,晴,1,東京,16,2,4,3,5,6,11,1580,260,110,160,1020,1100,410,1060,240,3900,1830,17350,0.0,芝,左,1600,0,0,2023-01-28 12:55:00
202305010107,7,4歳以上1勝クラス,晴,1,東京,16,8,16,5,10,7,13,260,130,370,180,2330,2630,810,310,1500,3970,4230,20480,0.0,ダ,左,1400,0,0,2023-01-28 13:25:00
202305010108,8,4歳以上2勝クラス,晴,1,東京,16,1,1,6,12,1,2,670,170,120,150,360,860,360,560,270,2030,1510,8870,0.0,ダ,左,2100,0,0,2023-01-28 14:01:00
202305010109,9,白嶺ステークス ,晴,1,東京,15,2,3,5,9,6,10,150,110,890,350,3050,6560,2050,620,12030,7730,20990,72700,0.0,ダ,左,1600,0,0,2023-01-28 14:35:00
202305010110,10,クロッカスステークス(L),晴,1,東京,10,6,6,7,7,7,8,400,150,320,170,720,2570,800,340,1080,4450,3390,22420,0.0,芝,左,1400,0,0,2023-01-28 15:10:00
202305010111,11,白富士ステークス(L),晴,1,東京,10,7,7,1,1,2,2,180,110,130,150,410,390,180,230,320,600,620,1850,0.0,芝,左,2000,0,0,2023-01-28 15:45:00
202305010112,12,4歳以上1勝クラス,曇,1,東京,13,4,5,5,7,6,8,810,200,140,190,630,820,320,770,390,2520,1820,13750,0.0,芝,左,1800,0,0,2023-01-28 16:25:00
202305010201,1,3歳未勝利,晴,1,東京,16,1,1,3,6,6,12,420,180,1260,430,2350,13330,3530,1380,14170,19310,86180,479600,0.0,ダ,左,1400,0,0,2023-01-29 10:10:00
202305010202,2,3歳未勝利,晴,1,東京,16,3,5,4,7,5,10,400,120,110,140,290,350,180,510,260,830,870,4500,0.0,ダ,左,2100,0,0,2023-01-29 10:40:00
202305010203,3,3歳未勝利,晴,1,東京,16,3,6,3,5,5,9,300,130,360,490,2190,2440,830,850,5370,4100,14010,65590,0.0,ダ,左,1600,0,0,2023-01-29 11:10:00
202305010204,4,4歳以上1勝クラス,晴,1,東京,16,8,15,8,16,5,10,360,150,220,370,1410,1090,440,970,1000,2560,4750,25300,0.0,ダ,左,1600,0,0,2023-01-29 11:40:00
202305010205,5,3歳未勝利,晴,1,東京,16,3,6,2,3,8,15,340,130,180,130,1110,1110,400,250,390,2310,1060,7840,0.0,芝,左,1600,0,0,2023-01-29 12:30:00
202305010206,6,3歳新馬,晴,1,東京,16,3,5,2,4,5,10,430,130,120,140,420,450,200,300,270,1040,760,3580,0.0,芝,左,1800,0,0,2023-01-29 13:00:00
202305010207,7,4歳以上1勝クラス,晴,1,東京,11,6,6,1,1,8,11,1010,270,110,210,1100,1380,620,1430,450,3490,3840,33830,0.0,ダ,左,2100,0,0,2023-01-29 13:30:00
202305010208,8,4歳以上2勝クラス,晴,1,東京,16,6,12,4,8,5,9,250,120,160,130,620,920,410,180,350,1510,750,3580,0.0,ダ,左,1400,0,0,2023-01-29 14:01:00
202305010209,9,セントポーリア賞 ,晴,1,東京,8,4,4,5,5,7,7,290,120,150,120,910,0,320,200,360,1520,870,4270,0.0,芝,左,1800,0,0,2023-01-29 14:35:00
202305010210,10,節分ステークス ,晴,1,東京,12,4,4,1,1,2,2,200,110,920,390,4370,4780,1670,730,6030,5050,15390,57540,0.0,芝,左,1600,0,0,2023-01-29 15:10:00
202305010211,11,第37回根岸ステークス(G3),晴,1,東京,16,7,13,3,6,7,14,160,110,140,200,350,390,200,350,730,530,1070,2610,0.0,ダ,左,1400,0,0,2023-01-29 15:45:00
202305010212,12,4歳以上2勝クラス,晴,1,東京,11,4,4,8,10,6,7,500,140,110,120,760,760,240,280,180,1670,630,4630,0.0,芝,左,2000,0,0,2023-01-29 16:25:00
202306010101,1,3歳未勝利,晴,1,中山,16,7,14,3,5,1,1,180,110,150,480,470,470,220,790,1550,660,3040,8890,0.0,ダ,右,1200,0,0,2023-01-05 09:55:00
202306010102,2,3歳未勝利,晴,1,中山,16,4,8,4,7,7,13,1380,460,440,400,7010,6420,1930,2810,2490,15240,32390,199190,0.0,ダ,右,1800,0,0,2023-01-05 10:25:00
202306010103,3,3歳新馬,晴,1,中山,16,8,16,5,9,1,2,1590,540,1000,440,2580,24290,6100,3510,5930,47840,117380,649440,0.0,ダ,右,1800,0,0,2023-01-05 10:55:00
202306010104,4,4歳以上1勝クラス,晴,1,中山,16,4,7,7,13,1,1,1590,330,290,150,660,6650,1710,970,830,13100,7310,78280,0.0,ダ,右,1800,0,0,2023-01-05 11:25:00
202306010105,5,3歳未勝利,晴,1,中山,16,1,1,2,3,8,16,690,180,150,170,1130,1220,510,750,410,2770,1860,13100,0.0,芝,右,1600,0,0,2023-01-05 12:15:00
202306010106,6,3歳1勝クラス,晴,1,中山,10,5,5,2,2,7,7,400,150,190,210,1360,1430,520,590,690,2170,3220,14150,0.0,芝,右,2000,0,0,2023-01-05 12:45:00
202306010107,7,4歳以上2勝クラス,晴,1,中山,16,6,11,4,8,1,1,1800,460,210,640,1270,4520,1660,3060,1870,11040,20120,161520,0.0,ダ,右,1800,0,0,2023-01-05 13:15:00
202306010108,8,4歳以上2勝クラス,晴,1,中山,15,6,11,5,9,4,7,300,140,150,170,490,630,300,380,400,1230,1040,3880,0.0,ダ,右,1200,0,0,2023-01-05 13:50:00
202306010109,9,招福ステークス ,晴,1,中山,12,7,9,8,11,3,3,150,110,160,190,290,480,260,350,550,660,1030,3230,0.0,ダ,右,1800,0,0,2023-01-05 14:25:00
202306010110,10,ジュニアカップ(L),晴,1,中山,13,8,13,7,11,2,2,350,160,310,350,270,1760,720,710,1860,3080,6240,25690,0.0,芝,右,1600,0,0,2023-01-05 15:01:00
202306010111,11,第72回日刊スポ賞中山金杯(G3),晴,1,中山,17,2,3,1,2,3,5,450,180,360,180,910,3690,1270,580,1420,6320,8170,44340,0.0,芝,右,2000,0,0,2023-01-05 15:35:00
202306010112,12,4歳以上2勝クラス,晴,1,中山,14,1,1,8,13,6,10,140,110,170,180,190,480,240,320,760,590,1390,3120,0.0,芝,右,2000,0,0,2023-01-05 16:10:00
202306010201,1,3歳未勝利,曇,1,中山,16,3,6,1,2,8,15,180,110,120,130,290,300,190,220,400,610,600,1760,0.0,ダ,右,1200,0,0,2023-01-07 09:55:00
202306010202,2,3歳未勝利,晴,1,中山,16,2,4,7,13,4,8,650,200,140,150,1370,1450,520,640,290,3010,2060,12250,0.0,ダ,右,1800,0,0,2023-01-07 10:25:00
202306010203,3,3歳新馬,晴,1,中山,16,2,4,3,6,7,13,380,170,560,170,3380,6810,1720,350,1770,9270,7780,55620,0.0,ダ,右,1200,0,0,2023-01-07 10:55:00
202306010204,4,4歳以上1勝クラス,晴,1,中山,11,7,9,6,7,4,4,200,110,140,490,290,370,190,910,1670,620,3070,8610,0.0,ダ,右,2400,0,0,2023-01-07 11:25:00
202306010205,5,3歳新馬,晴,1,中山,16,2,3,1,1,8,16,710,270,540,330,2040,6670,1610,840,2760,12230,15780,83200,0.0,芝,右,1600,0,0,2023-01-07 12:15:00
202306010206,6,3歳未勝利,晴,1,中山,17,1,2,3,5,2,3,460,190,300,220,1780,2510,1100,630,1380,4820,4790,23960,0.0,芝,右,2000,0,0,2023-01-07 12:45:00
202306010207,7,4歳以上1勝クラス,晴,1,中山,16,6,12,5,9,2,3,760,280,440,570,2750,5860,1920,2070,4400,11100,38920,226970,0.0,ダ,右,1200,0,0,2023-01-07 13:15:00
202306010208,8,中山新春ジャンプS ,晴,1,中山,11,8,11,8,10,7,9,440,140,200,170,1340,1330,500,430,1010,2650,2660,13390,1.0,芝,直進,3200,0,0,2023-01-07 13:50:00
202306010209,9,黒竹賞 ,晴,1,中山,16,6,12,5,10,3,5,360,180,190,390,1200,1770,710,1070,1530,2650,7800,30410,0.0,ダ,右,1800,0,0,2023-01-07 14:25:00
202306010210,10,初春ステークス ,晴,1,中山,15,7,12,1,1,6,11,1710,550,340,210,11840,11910,3210,1830,790,20490,17410,110200,0.0,ダ,右,1200,0,0,2023-01-07 15:01:00
202306010211,11,ニューイヤーS(L),晴,1,中山,13,1,1,4,4,3,3,570,180,260,170,1300,2220,830,510,830,4290,3460,21670,0.0,芝,右,1600,0,0,2023-01-07 15:35:00
202306010212,12,4歳以上2勝クラス,晴,1,中山,11,8,10,7,9,3,3,4600,1060,520,440,3860,16020,2850,3160,1550,54250,38180,463920,0.0,芝,右,1800,0,0,2023-01-07 16:10:00
202306010301,1,3歳未勝利,晴,1,中山,16,4,8,4,7,3,6,8090,1430,290,570,18360,17180,3050,6030,1320,53020,59340,580520,0.0,ダ,右,1200,0,0,2023-01-08 09:55:00
202306010302,2,3歳未勝利,晴,1,中山,16,1,1,3,6,7,14,1130,220,140,170,700,1260,460,770,240,3050,1980,15000,0.0,ダ,右,1800,0,0,2023-01-08 10:25:00
202306010303,3,3歳未勝利,晴,1,中山,16,7,13,6,11,6,12,1780,410,160,360,2230,2860,840,1940,980,7460,9510,76070,0.0,ダ,右,1800,0,0,2023-01-08 10:55:00
202306010304,4,障害4歳以上未勝利,晴,1,中山,14,6,9,1,1,5,7,330,130,480,190,3580,4460,1280,360,1100,6860,3360,25430,1.0,芝,直進,2880,0,0,2023-01-08 11:25:00
202306010305,5,3歳未勝利,晴,1,中山,17,1,1,1,2,7,13,350,170,1190,190,11400,12020,2670,500,6710,18310,24420,143160,0.0,芝,右,2200,0,0,2023-01-08 12:15:00
202306010306,6,3歳新馬,晴,1,中山,17,6,11,7,13,4,8,4080,890,230,250,3950,9350,2730,3590,920,17920,24070,242350,0.0,芝,右,2000,0,0,2023-01-08 12:45:00
202306010307,7,4歳以上1勝クラス,晴,1,中山,16,3,6,1,2,8,16,530,210,150,250,1180,1230,510,1110,780,2690,3990,18750,0.0,ダ,右,1800,0,0,2023-01-08 13:15:00
202306010308,8,4歳以上1勝クラス,晴,1,中山,16,2,3,1,1,4,8,300,160,180,600,700,830,390,1630,2450,1330,9620,29720,0.0,ダ,右,1200,0,0,2023-01-08 13:50:00
202306010309,9,朱竹賞 ,晴,1,中山,12,1,1,8,12,3,3,850,220,140,150,1130,1700,600,610,330,4060,2390,14950,0.0,芝,右,1200,0,0,2023-01-08 14:25:00
202306010310,10,若潮ステークス ,晴,1,中山,12,7,10,4,4,2,2,340,140,150,170,630,700,310,470,460,1190,1360,5820,0.0,芝,右,1600,0,0,2023-01-08 15:01:00
202306010311,11,ポルックスステークス ,晴,1,中山,14,6,9,1,1,3,3,380,140,140,300,530,640,290,790,770,1420,2520,10510,0.0,ダ,右,1800,0,0,2023-01-08 15:35:00
202306010312,12,4歳以上2勝クラス,晴,1,中山,16,2,4,3,6,1,1,530,180,190,140,2450,2200,670,390,480,4000,1470,10670,0.0,芝,右,1600,0,0,2023-01-08 16:10:00
202306010401,1,3歳未勝利,晴,1,中山,15,5,8,3,4,2,2,1120,380,210,710,840,2560,1020,3250,1610,5940,19200,98310,0.0,ダ,右,1200,0,0,2023-01-09 09:55:00
202306010402,2,3歳未勝利,晴,1,中山,16,6,12,1,2,2,3,600,140,110,120,440,490,210,370,180,1340,500,3980,0.0,ダ,右,1800,0,0,2023-01-09 10:25:00
202306010403,3,3歳未勝利,晴,1,中山,16,7,14,2,3,5,9,18630,3730,770,630,4690,202460,38050,34530,4310,471060,728220,5121880,0.0,ダ,右,1800,0,0,2023-01-09 10:55:00
202306010404,4,3歳新馬,晴,1,中山,16,2,3,6,11,7,14,690,270,220,710,750,2530,1080,2190,2570,4870,18240,79880,0.0,ダ,右,1200,0,0,2023-01-09 11:25:00
202306010405,5,3歳未勝利,晴,1,中山,16,1,2,1,1,2,3,1030,280,310,170,4200,4220,1340,730,1040,10030,5280,32800,0.0,芝,右,1600,0,0,2023-01-09 12:15:00
202306010406,6,3歳新馬,晴,1,中山,11,8,10,3,3,8,11,210,130,180,770,610,610,290,1120,2720,880,6470,19630,0.0,ダ,右,1800,0,0,2023-01-09 12:45:00
202306010407,7,4歳以上1勝クラス,晴,1,中山,16,3,5,5,10,3,6,2490,360,460,150,2710,17330,3940,740,1110,43070,12730,142070,0.0,ダ,右,1800,0,0,2023-01-09 13:15:00
202306010408,8,4歳以上2勝クラス,晴,1,中山,15,4,6,1,1,2,3,590,220,210,520,1490,1590,630,1840,2140,3140,10180,44270,0.0,ダ,右,1200,0,0,2023-01-09 13:50:00
202306010409,9,成田特別 ,晴,1,中山,16,2,4,4,7,8,16,730,210,640,200,3870,9080,2310,500,1740,17010,9470,93280,0.0,ダ,右,2400,0,0,2023-01-09 14:25:00
202306010410,10,迎春ステークス ,晴,1,中山,12,8,11,4,4,8,12,1460,310,120,280,680,1370,590,1780,590,4190,4870,34200,0.0,芝,右,2200,0,0,2023-01-09 15:01:00
202306010411,11,第39回フェアリーステークス(G3),晴,1,中山,16,7,14,5,10,1,1,3580,920,430,470,7540,21140,6640,6890,2400,48190,68150,517430,0.0,芝,右,1600,0,0,2023-01-09 15:35:00
202306010412,12,4歳以上1勝クラス,晴,1,中山,17,8,17,7,14,3,5,690,240,260,300,1850,3000,1050,1600,1230,6140,11320,50510,0.0,芝,右,2000,0,0,2023-01-09 16:10:00
202306010501,1,3歳未勝利,曇,1,中山,16,5,9,8,16,4,8,190,110,320,480,1730,1530,550,580,3480,2030,5970,15680,0.0,ダ,右,1200,0,0,2023-01-14 10:10:00
202306010502,2,3歳未勝利,曇,1,中山,16,7,13,6,11,5,10,650,160,110,160,520,550,260,840,250,1610,1270,8950,0.0,ダ,右,1800,0,0,2023-01-14 10:40:00
202306010503,3,3歳未勝利,小雨,1,中山,16,8,16,8,15,2,4,250,120,140,160,530,510,250,310,510,1000,850,3780,0.0,ダ,右,1200,1,0,2023-01-14 11:10:00
202306010504,4,3歳新馬,小雨,1,中山,16,7,14,1,1,3,5,340,170,470,240,2580,3170,1310,650,2480,4860,8080,34520,0.0,ダ,右,1800,1,0,2023-01-14 11:40:00
202306010505,5,3歳新馬,小雨,1,中山,16,7,14,6,12,1,2,290,150,220,420,590,950,380,930,1950,1530,4350,14250,0.0,芝,右,1600,1,0,2023-01-14 12:30:00
202306010506,6,3歳未勝利,雨,1,中山,17,5,10,6,11,4,7,760,250,200,170,2350,2930,1060,560,480,5460,3340,26820,0.0,芝,右,2000,2,0,2023-01-14 13:05:00
202306010507,7,4歳以上1勝クラス,雨,1,中山,16,4,8,2,4,8,16,180,110,390,250,2050,1830,720,460,2890,2390,4930,17950,0.0,ダ,右,1200,2,0,2023-01-14 13:35:00
202306010508,8,4歳以上1勝クラス,雨,1,中山,15,5,8,4,6,2,3,1980,470,690,150,5770,34670,7310,980,1600,74270,29670,284500,0.0,ダ,右,1800,2,0,2023-01-14 14:05:00
202306010509,9,菜の花賞 ,雨,1,中山,13,5,7,8,13,1,1,1360,400,1030,540,730,22510,5910,3250,7050,33610,111360,624080,0.0,芝,右,1600,2,0,2023-01-14 14:35:00
202306010510,10,アレキサンドライトS ,曇,1,中山,12,7,10,4,4,8,11,340,160,150,380,550,580,280,1200,1160,1100,3590,12380,0.0,ダ,右,1800,0,0,2023-01-14 15:10:00
202306010511,11,カーバンクルS ,曇,4,中山,16,6,11,1,2,3,5,470,200,770,290,3220,9300,2780,800,4270,14100,23250,150760,0.0,芝,右,1200,0,0,2023-01-14 15:45:00
202306010512,12,4歳以上2勝クラス,曇,4,中山,11,4,4,6,6,8,10,460,150,130,230,630,660,320,630,560,1670,2080,10700,0.0,芝,右,2200,0,0,2023-01-14 16:20:00
202306010601,1,3歳未勝利,曇,1,中山,16,2,4,6,11,5,9,850,210,320,140,1670,6100,1500,500,1000,11980,6230,62430,0.0,ダ,右,1200,0,0,2023-01-15 10:10:00
202306010602,2,3歳未勝利,曇,1,中山,16,5,10,3,6,1,1,450,190,270,190,2890,3040,830,480,830,5680,5660,32810,0.0,ダ,右,1800,0,0,2023-01-15 10:40:00
202306010603,3,3歳未勝利,曇,1,中山,16,3,6,6,12,1,1,150,110,130,190,310,290,170,340,550,430,1020,2260,0.0,ダ,右,1800,0,0,2023-01-15 11:10:00
202306010604,4,4歳以上1勝クラス,曇,1,中山,16,6,12,8,15,7,13,460,170,190,530,1050,1140,440,1560,2200,2060,7910,43740,0.0,ダ,右,1200,0,0,2023-01-15 11:40:00
202306010605,5,3歳未勝利,曇,1,中山,16,5,9,7,13,8,16,420,150,130,170,610,680,310,570,390,1460,1370,5310,0.0,芝,右,1600,0,0,2023-01-15 12:30:00
202306010606,6,3歳新馬,曇,1,中山,13,5,7,4,4,3,3,920,270,190,290,2830,2540,770,1570,960,5600,7580,44070,0.0,ダ,右,1800,0,0,2023-01-15 13:05:00
202306010607,7,4歳以上1勝クラス,曇,1,中山,16,4,7,1,1,6,12,190,110,520,190,1980,2420,710,350,2420,3550,5170,21340,0.0,芝,右,1600,0,0,2023-01-15 13:30:00
202306010608,8,4歳以上2勝クラス,曇,1,中山,16,8,15,4,7,4,8,700,190,180,140,750,2580,810,540,430,5240,2430,19870,0.0,ダ,右,1800,0,0,2023-01-15 14:01:00
202306010609,9,サンライズステークス ,小雨,1,中山,11,1,1,5,5,6,6,190,120,420,440,2360,1950,770,800,3680,2770,10930,26420,0.0,芝,右,1200,1,0,2023-01-15 14:35:00
202306010610,10,ジャニュアリーS ,小雨,1,中山,11,3,3,2,2,1,1,480,150,730,140,11130,10690,3220,320,1760,16090,6770,60150,0.0,ダ,右,1200,1,0,2023-01-15 15:10:00
202306010611,11,第63回京成杯(G3),曇,1,中山,9,4,4,3,3,7,7,270,140,1090,130,12170,19570,4840,220,3870,23840,11010,93740,0.0,芝,右,2000,0,0,2023-01-15 15:45:00
202306010612,12,4歳以上2勝クラス,曇,1,中山,11,4,4,6,6,1,1,620,210,180,150,1290,1760,590,400,320,3800,1330,10380,0.0,芝,右,1200,0,0,2023-01-15 16:20:00
202306010701,1,3歳未勝利,晴,4,中山,16,4,8,5,9,2,3,1390,260,140,370,1320,1140,430,1120,620,3540,4290,25620,0.0,ダ,右,1200,0,0,2023-01-21 10:10:00
202306010702,2,3歳未勝利,晴,4,中山,16,2,3,2,4,7,14,1250,180,100,120,630,720,330,560,190,2420,660,6490,0.0,ダ,右,1200,0,0,2023-01-21 10:40:00
202306010703,3,3歳未勝利,晴,4,中山,16,2,4,6,12,3,5,660,220,230,640,1210,2280,840,2470,2450,4260,14420,61890,0.0,ダ,右,1800,0,0,2023-01-21 11:10:00
202306010704,4,3歳新馬,晴,4,中山,16,4,7,2,3,1,1,370,200,2290,470,1960,31450,8340,1590,12640,37670,99490,497900,0.0,ダ,右,1200,0,0,2023-01-21 11:40:00
202306010705,5,3歳未勝利,曇,4,中山,13,2,2,5,7,7,10,520,180,230,130,3070,3060,800,400,430,5460,2520,19190,0.0,芝,右,2000,0,0,2023-01-21 12:30:00
202306010706,6,3歳新馬,曇,4,中山,16,5,9,8,15,7,14,2540,450,190,2620,470,3100,1220,24920,8330,10010,105510,455470,0.0,ダ,右,1800,0,0,2023-01-21 13:05:00
202306010707,7,3歳1勝クラス,曇,4,中山,13,4,5,1,1,6,9,200,110,120,150,390,430,200,300,390,630,910,2100,0.0,ダ,右,1200,0,0,2023-01-21 13:35:00
202306010708,8,4歳以上1勝クラス,曇,4,中山,13,8,12,1,1,5,6,370,150,150,260,500,730,300,870,560,1660,2260,11300,0.0,ダ,右,1800,0,0,2023-01-21 14:05:00
202306010709,9,初茜賞 ,晴,4,中山,16,4,8,4,7,2,3,160,110,180,390,820,810,360,790,1400,1090,4310,9900,0.0,ダ,右,1800,0,0,2023-01-21 14:35:00
202306010710,10,東雲賞 ,晴,4,中山,10,8,10,1,1,3,3,210,110,130,270,410,440,200,510,560,790,1580,4510,0.0,芝,右,1800,0,0,2023-01-21 15:10:00
202306010711,11,初富士ステークス ,晴,4,中山,14,4,6,4,5,6,9,620,160,410,110,7960,7090,1500,260,810,13390,3280,43380,0.0,芝,右,2000,0,0,2023-01-21 15:45:00
202306010712,12,4歳以上1勝クラス,晴,4,中山,14,7,12,4,5,7,11,3880,840,170,240,1000,4600,1870,3480,710,13840,15510,148360,0.0,芝,右,2200,0,0,2023-01-21 16:25:00
202306010801,1,3歳未勝利,曇,1,中山,16,7,14,1,2,7,13,310,140,200,780,470,1020,540,1900,4570,1800,12900,38640,0.0,ダ,右,1200,0,0,2023-01-22 10:10:00
202306010802,2,3歳未勝利,曇,1,中山,15,7,12,2,2,6,10,340,170,300,210,690,1590,760,670,1230,2020,4280,12240,0.0,ダ,右,1800,0,0,2023-01-22 10:40:00
202306010803,3,3歳未勝利,曇,1,中山,16,2,4,2,3,3,6,190,110,180,6790,560,610,280,18720,40790,760,74000,164250,0.0,ダ,右,1800,0,0,2023-01-22 11:10:00
202306010804,4,4歳以上1勝クラス,曇,1,中山,16,5,10,2,3,2,4,840,310,180,660,1380,1510,640,3090,1650,3570,11190,58870,0.0,ダ,右,1200,0,0,2023-01-22 11:40:00
202306010805,5,3歳未勝利,曇,1,中山,15,7,12,8,14,1,1,5330,510,130,170,2470,5060,1330,2790,420,18620,8840,117420,0.0,芝,右,2200,0,0,2023-01-22 12:30:00
202306010806,6,3歳新馬,曇,1,中山,17,7,13,7,14,8,15,370,160,160,350,730,660,320,1080,860,1300,3200,15010,0.0,芝,右,2000,0,0,2023-01-22 13:00:00
202306010807,7,4歳以上1勝クラス,晴,1,中山,13,7,10,3,3,6,8,250,140,240,150,1530,1420,510,240,500,2080,1560,6910,0.0,ダ,右,1800,0,0,2023-01-22 13:30:00
202306010808,8,4歳以上2勝クラス,晴,1,中山,16,4,7,7,13,8,15,1210,350,150,220,960,2330,990,2240,490,5500,5580,40010,0.0,ダ,右,1200,0,0,2023-01-22 14:01:00
202306010809,9,若竹賞 ,晴,1,中山,10,2,2,4,4,5,5,560,170,200,190,1860,1750,510,390,480,3450,2270,15190,0.0,芝,右,1800,0,0,2023-01-22 14:35:00
202306010810,10,江戸川ステークス ,晴,1,中山,16,6,11,3,5,4,8,2070,510,230,200,1200,6700,2120,1860,710,15360,11880,107350,0.0,ダ,右,1200,0,0,2023-01-22 15:10:00
202306010811,11,第64回アメリカジョッキーC(G2),晴,1,中山,14,3,4,6,9,4,6,860,300,380,270,640,3950,1300,1080,1230,8290,10710,71370,0.0,芝,右,2200,0,0,2023-01-22 15:45:00
202306010812,12,4歳以上2勝クラス,晴,1,中山,9,1,1,3,3,4,4,460,130,140,110,1400,1330,340,190,270,2510,690,6200,0.0,芝,右,1600,0,0,2023-01-22 16:25:00
202307010101,1,3歳未勝利,晴,1,中京,13,8,13,7,11,7,10,410,190,720,550,530,3860,950,710,2540,5980,9010,43450,0.0,ダ,左,1800,0,0,2023-01-05 10:10:00
202307010102,2,3歳未勝利,晴,1,中京,15,4,7,3,4,5,9,3400,710,210,300,500,13610,3760,4440,1100,27990,30660,355050,0.0,ダ,左,1200,0,0,2023-01-05 10:40:00
202307010103,3,3歳未勝利,晴,1,中京,12,7,9,3,3,2,2,1200,420,190,1050,2630,2660,960,4670,2190,5650,26350,128500,0.0,ダ,左,1900,0,0,2023-01-05 11:10:00
202307010104,4,4歳以上1勝クラス,晴,1,中京,12,6,7,5,6,3,3,2260,500,200,670,3110,4770,1190,4760,2010,12120,31920,225390,0.0,ダ,左,1800,0,0,2023-01-05 11:40:00
202307010105,5,3歳新馬,晴,1,中京,12,5,6,2,2,5,5,1510,310,250,130,920,5660,1480,510,480,14350,2920,35430,0.0,芝,左,2000,0,0,2023-01-05 12:30:00
202307010106,6,3歳1勝クラス,晴,1,中京,9,3,3,8,9,6,6,140,110,130,200,240,290,160,390,710,380,1710,3160,0.0,芝,左,2000,0,0,2023-01-05 13:01:00
202307010107,7,4歳以上2勝クラス,晴,1,中京,16,4,7,7,14,8,15,8990,1780,190,420,2930,19560,5110,12540,860,51980,48040,478440,0.0,ダ,左,1200,0,0,2023-01-05 13:30:00
202307010108,8,4歳以上2勝クラス,晴,1,中京,16,6,12,7,14,3,5,310,130,140,140,510,650,290,340,330,1240,1100,4100,0.0,ダ,左,1900,0,0,2023-01-05 14:00:00
202307010109,9,門松ステークス ,晴,1,中京,16,1,2,6,12,7,14,480,180,190,270,1400,1440,590,940,920,2750,3980,20780,0.0,ダ,左,1400,0,0,2023-01-05 14:35:00
202307010110,10,万葉ステークス ,晴,1,中京,16,8,15,2,3,1,1,300,170,710,810,3650,4840,1800,3210,5940,7410,45340,184630,0.0,芝,左,3000,0,0,2023-01-05 15:10:00
202307010111,11,第61回スポニチ賞京都金杯(G3),晴,1,中京,16,4,7,3,5,1,2,740,280,220,210,1660,2280,880,920,770,4370,4140,24480,0.0,芝,左,1600,0,0,2023-01-05 15:45:00
202307010112,12,4歳以上2勝クラス,晴,1,中京,12,4,4,5,6,7,9,290,160,410,470,1190,2240,800,1090,3510,3310,10790,40960,0.0,芝,左,1600,0,0,2023-01-05 16:20:00
202307010201,1,3歳未勝利,晴,1,中京,15,6,11,6,10,3,4,560,170,140,250,830,830,350,810,640,1700,2490,12560,0.0,ダ,左,1800,0,0,2023-01-07 10:10:00
202307010202,2,3歳未勝利,晴,1,中京,16,1,2,8,15,5,9,1200,210,110,170,880,1110,430,820,260,3230,1780,17950,0.0,ダ,左,1200,0,0,2023-01-07 10:40:00
202307010203,3,3歳未勝利,晴,1,中京,13,7,10,4,4,1,1,3940,860,200,1260,3310,7660,2350,16020,4480,18810,109590,716860,0.0,ダ,左,1900,0,0,2023-01-07 11:10:00
202307010204,4,3歳新馬,晴,1,中京,12,5,5,7,10,7,9,5050,890,250,980,1700,16530,4620,10240,2840,39840,92980,896940,0.0,ダ,左,1800,0,0,2023-01-07 11:40:00
202307010205,5,3歳未勝利,晴,1,中京,15,5,8,7,13,6,10,190,120,820,190,3300,9900,2870,360,3320,9450,14210,61690,0.0,芝,左,1600,0,0,2023-01-07 12:30:00
202307010206,6,3歳1勝クラス,晴,1,中京,9,4,4,3,3,1,1,170,110,140,110,500,810,260,140,310,1000,550,2440,0.0,芝,左,1200,0,0,2023-01-07 13:00:00
202307010207,7,4歳以上1勝クラス,晴,1,中京,12,6,8,7,9,4,4,260,120,150,220,570,540,240,500,700,1060,1550,6120,0.0,ダ,左,1800,0,0,2023-01-07 13:30:00
202307010208,8,4歳以上2勝クラス,晴,1,中京,15,5,8,2,3,8,14,1620,330,180,470,3740,3170,1000,2890,1760,8130,20450,93370,0.0,ダ,左,1800,0,0,2023-01-07 14:00:00
202307010209,9,長良川特別 ,晴,1,中京,14,6,10,8,14,8,13,1680,450,190,270,830,5140,1550,1970,930,12400,11360,88690,0.0,芝,左,2200,0,0,2023-01-07 14:35:00
202307010210,10,寿ステークス ,晴,1,中京,13,5,7,8,13,4,5,340,170,200,260,560,1240,510,710,1130,2390,3820,15110,0.0,芝,左,2000,0,0,2023-01-07 15:10:00
202307010211,11,すばるステークス(L),晴,1,中京,14,6,10,7,12,4,5,280,120,110,250,220,250,160,580,520,670,1110,4690,0.0,ダ,左,1400,0,0,2023-01-07 15:45:00
202307010212,12,4歳以上1勝クラス,晴,1,中京,18,7,14,2,4,7,15,260,160,350,630,1220,2090,790,1590,4020,2830,16060,61790,0.0,芝,左,1400,0,0,2023-01-07 16:20:00
202307010301,1,3歳未勝利,晴,1,中京,15,5,9,5,8,1,1,4790,590,430,120,22370,27180,5620,1560,910,70930,16580,238260,0.0,ダ,左,1800,0,0,2023-01-08 10:10:00
202307010302,2,3歳未勝利,晴,1,中京,16,6,11,5,9,6,12,2310,650,220,210,1360,8980,3320,2750,800,20720,15970,136510,0.0,ダ,左,1400,0,0,2023-01-08 10:40:00
202307010303,3,3歳未勝利,晴,1,中京,11,8,11,7,9,5,5,480,120,110,110,670,760,260,200,160,1860,470,5110,0.0,ダ,左,1800,0,0,2023-01-08 11:10:00
202307010304,4,3歳新馬,晴,1,中京,16,6,11,6,12,5,9,1020,290,190,430,2230,2080,680,2440,1410,5680,10000,56180,0.0,ダ,左,1200,0,0,2023-01-08 11:40:00
202307010305,5,3歳未勝利,晴,1,中京,18,5,10,6,11,7,13,1540,520,510,420,5000,16830,5160,3420,3270,30160,59910,361320,0.0,芝,左,2200,0,0,2023-01-08 12:30:00
202307010306,6,3歳新馬,晴,1,中京,15,3,4,5,9,4,6,480,150,120,490,600,570,270,1770,1070,1630,4930,23910,0.0,芝,左,2000,0,0,2023-01-08 13:01:00
202307010307,7,4歳以上1勝クラス,晴,1,中京,16,3,5,4,7,2,4,480,200,340,300,2340,3660,1100,1000,2560,6460,13610,59790,0.0,ダ,左,1200,0,0,2023-01-08 13:30:00
202307010308,8,4歳以上1勝クラス,晴,1,中京,12,8,12,3,3,6,8,610,140,110,110,1210,1250,320,250,150,3030,570,7260,0.0,ダ,左,1900,0,0,2023-01-08 14:01:00
202307010309,9,濃尾特別 ,晴,1,中京,16,3,6,7,13,5,10,6590,1180,270,2850,6880,23510,4470,35250,12060,62060,444280,2581850,0.0,ダ,左,1800,0,0,2023-01-08 14:35:00
202307010310,10,新春ステークス ,晴,1,中京,11,6,7,7,9,8,10,870,260,560,260,3700,8050,1840,1220,2980,13450,22820,134330,0.0,芝,左,1400,0,0,2023-01-08 15:10:00
202307010311,11,第57回日刊スポシンザン記念(G3),晴,1,中京,7,2,2,7,7,4,4,300,180,250,0,970,0,390,370,420,1490,1290,5520,0.0,芝,左,1600,0,0,2023-01-08 15:45:00
202307010312,12,4歳以上2勝クラス,晴,1,中京,13,8,13,5,7,7,10,650,200,130,150,770,890,400,600,330,1970,1570,8600,0.0,芝,左,1200,0,0,2023-01-08 16:20:00
202307010401,1,3歳未勝利,晴,1,中京,11,6,7,2,2,4,4,190,110,110,120,170,170,110,180,190,340,230,670,0.0,ダ,左,1800,0,0,2023-01-09 10:10:00
202307010402,2,3歳未勝利,晴,1,中京,16,4,7,2,4,2,3,880,330,260,170,1740,5560,1870,940,590,10260,6640,54250,0.0,ダ,左,1200,0,0,2023-01-09 10:40:00
202307010403,3,3歳1勝クラス,晴,1,中京,12,5,6,8,12,6,8,1050,270,260,370,610,3700,1280,1310,2020,8330,14750,84220,0.0,ダ,左,1800,0,0,2023-01-09 11:10:00
202307010404,4,4歳以上1勝クラス,晴,1,中京,16,2,4,5,9,1,1,1430,320,160,130,3480,5430,1480,560,290,12760,3360,42200,0.0,ダ,左,1400,0,0,2023-01-09 11:40:00
202307010405,5,3歳未勝利,晴,1,中京,16,6,12,3,6,4,7,600,200,130,210,840,820,380,740,480,1870,2030,9140,0.0,芝,左,1600,0,0,2023-01-09 12:30:00
202307010406,6,3歳新馬,晴,1,中京,16,7,14,1,2,8,15,240,140,570,540,730,3940,1410,1160,6460,5370,22960,78660,0.0,芝,左,1600,0,0,2023-01-09 13:01:00
202307010407,7,3歳未勝利,晴,1,中京,18,8,16,2,4,7,13,420,190,430,1010,1660,4060,1680,4530,8120,6860,54590,222640,0.0,芝,左,2000,0,0,2023-01-09 13:30:00
202307010408,8,4歳以上1勝クラス,晴,1,中京,15,3,5,8,15,5,8,1170,370,190,350,1430,3340,1270,2240,1360,8260,17590,115950,0.0,ダ,左,1800,0,0,2023-01-09 14:00:00
202307010409,9,鳥羽特別 ,晴,1,中京,14,5,8,6,10,5,7,180,110,220,190,900,1330,540,310,1650,1750,2450,8470,0.0,ダ,左,1400,0,0,2023-01-09 14:35:00
202307010410,10,雅ステークス ,晴,1,中京,16,8,16,3,5,2,4,590,190,140,180,1420,1250,510,560,410,2730,1960,11620,0.0,ダ,左,1800,0,0,2023-01-09 15:10:00
202307010411,11,淀短距離ステークス(L),晴,1,中京,15,2,2,2,3,8,15,3200,660,890,1400,33610,37950,10190,17250,19320,79490,593430,3564220,0.0,芝,左,1200,0,0,2023-01-09 15:45:00
202307010412,12,4歳以上1勝クラス,晴,1,中京,14,3,4,8,14,7,11,1760,390,130,380,630,2290,760,3950,810,6560,10050,86720,0.0,芝,左,2000,0,0,2023-01-09 16:20:00
202307010501,1,3歳未勝利,小雨,3,中京,16,3,5,4,8,1,2,1620,280,110,250,750,950,410,2070,380,3750,3190,32890,0.0,ダ,左,1200,1,0,2023-01-14 10:01:00
202307010502,2,3歳未勝利,小雨,3,中京,15,6,11,8,15,3,5,2050,390,120,340,680,1610,730,2890,650,4830,6420,52550,0.0,ダ,左,1400,1,0,2023-01-14 10:30:00
202307010503,3,3歳未勝利,小雨,3,中京,13,7,11,2,2,3,3,1440,380,390,200,3460,20510,6060,1140,1240,28600,22880,199090,0.0,ダ,左,1800,1,0,2023-01-14 11:00:00
202307010504,4,3歳新馬,小雨,3,中京,16,7,13,7,14,4,7,500,220,260,280,2500,2260,910,810,1480,4580,8900,46040,0.0,ダ,左,1400,1,0,2023-01-14 11:30:00
202307010505,5,3歳未勝利,小雨,3,中京,18,3,6,2,3,5,9,240,140,540,150,1980,4200,1370,250,1750,6170,3900,23400,0.0,芝,左,1400,1,0,2023-01-14 12:20:00
202307010506,6,3歳1勝クラス,小雨,3,中京,6,3,3,1,1,4,4,380,210,230,0,880,0,370,1300,1670,1730,5840,20280,0.0,芝,左,2200,1,0,2023-01-14 12:55:00
202307010507,7,4歳以上1勝クラス,曇,3,中京,9,8,9,4,4,3,3,530,150,240,110,1390,2790,740,270,460,5330,2050,15230,0.0,ダ,左,1800,0,0,2023-01-14 13:25:00
202307010508,8,4歳以上1勝クラス,曇,3,中京,14,7,12,4,6,8,14,260,120,150,230,440,440,240,440,520,730,1180,4000,0.0,ダ,左,1200,0,0,2023-01-14 13:55:00
202307010509,9,渥美特別 ,曇,3,中京,8,7,7,4,4,5,5,140,110,320,130,1620,0,580,160,1240,2750,1500,7500,0.0,芝,左,2000,0,0,2023-01-14 14:25:00
202307010510,10,遠江ステークス ,曇,3,中京,16,7,14,3,6,4,7,180,110,150,250,380,400,230,460,730,570,1360,3330,0.0,ダ,左,1400,0,0,2023-01-14 15:01:00
202307010511,11,第60回愛知杯(G3),曇,3,中京,15,2,3,7,13,2,2,390,160,340,180,1730,3900,1290,460,1120,6120,5500,32220,0.0,芝,左,2000,0,0,2023-01-14 15:35:00
202307010512,12,4歳以上1勝クラス,曇,3,中京,16,6,11,3,6,8,15,320,140,440,120,1980,4040,990,210,1100,5610,3180,22010,0.0,芝,左,1600,0,0,2023-01-14 16:10:00
202307010601,1,3歳未勝利,晴,4,中京,11,8,11,3,3,6,6,210,110,120,120,430,380,170,180,220,600,240,950,0.0,ダ,左,1900,0,0,2023-01-15 10:01:00
202307010602,2,3歳未勝利,晴,4,中京,16,5,9,7,14,5,10,240,130,330,330,1360,1540,600,530,2040,2290,4410,18510,0.0,ダ,左,1400,0,0,2023-01-15 10:30:00
202307010603,3,3歳新馬,晴,4,中京,14,3,4,5,7,6,10,620,200,250,200,890,2200,730,640,810,4070,3560,22380,0.0,ダ,左,1800,0,0,2023-01-15 11:00:00
202307010604,4,3歳1勝クラス,晴,4,中京,11,2,2,6,7,6,6,640,220,230,210,960,1970,630,540,550,3560,3420,19270,0.0,ダ,左,1200,0,0,2023-01-15 11:30:00
202307010605,5,3歳未勝利,晴,3,中京,12,5,6,5,5,1,1,140,110,120,110,330,340,150,140,220,420,270,780,0.0,芝,左,2000,0,0,2023-01-15 12:20:00
202307010606,6,3歳新馬,晴,3,中京,12,6,7,2,2,5,6,1510,330,610,200,12300,12830,2130,1020,1480,26420,14630,118610,0.0,芝,左,2000,0,0,2023-01-15 12:50:00
202307010607,7,4歳以上1勝クラス,晴,4,中京,14,5,7,4,5,7,12,1540,530,140,300,2690,3160,1180,4230,690,6580,11310,63580,0.0,ダ,左,1400,0,0,2023-01-15 13:20:00
202307010608,8,4歳以上2勝クラス,曇,4,中京,13,4,5,8,13,1,1,410,170,210,390,430,1760,580,1280,1430,3160,6480,31250,0.0,ダ,左,1200,0,0,2023-01-15 13:50:00
202307010609,9,天竜川特別 ,曇,4,中京,14,6,10,5,7,7,12,160,110,150,160,450,480,220,220,440,620,700,1930,0.0,ダ,左,1800,0,0,2023-01-15 14:25:00
202307010610,10,紅梅ステークス(L),曇,4,中京,10,4,4,8,9,1,1,660,180,140,180,830,930,320,550,410,2340,1560,9690,0.0,芝,左,1400,0,0,2023-01-15 15:01:00
202307010611,11,第70回日経新春杯(G2),曇,4,中京,14,2,2,6,10,7,12,380,190,740,240,2390,8410,2380,730,3620,13440,17190,96330,0.0,芝,左,2200,0,0,2023-01-15 15:35:00
202307010612,12,4歳以上2勝クラス,曇,4,中京,12,2,2,3,3,6,7,6170,920,170,140,8770,9190,2610,3250,310,29870,10310,148590,0.0,芝,左,1400,0,0,2023-01-15 16:10:00
202307010701,1,3歳未勝利,晴,1,中京,13,8,13,4,5,1,1,430,170,110,210,230,800,340,810,400,1490,1840,8380,0.0,ダ,左,1900,0,0,2023-01-21 10:01:00
202307010702,2,3歳未勝利,晴,1,中京,12,6,8,7,9,3,3,210,110,110,130,370,400,170,230,260,660,570,1790,0.0,ダ,左,1200,0,0,2023-01-21 10:30:00
202307010703,3,3歳新馬,晴,1,中京,16,8,15,2,3,5,10,5430,1100,710,350,8330,60800,15730,8980,2750,102790,161440,1665270,0.0,ダ,左,1800,0,0,2023-01-21 11:00:00
202307010704,4,3歳1勝クラス,晴,1,中京,9,7,7,5,5,1,1,1690,290,830,160,10840,16310,4150,840,1970,34420,17930,168400,0.0,ダ,左,1400,0,0,2023-01-21 11:30:00
202307010705,5,3歳未勝利,晴,1,中京,11,7,8,2,2,6,6,180,110,130,270,360,450,200,540,880,650,1820,4770,0.0,芝,左,2000,0,0,2023-01-21 12:20:00
202307010706,6,3歳未勝利,晴,1,中京,11,5,5,8,10,8,11,210,110,110,130,180,320,150,170,210,580,320,1320,0.0,芝,左,1600,0,0,2023-01-21 12:55:00
202307010707,7,4歳以上2勝クラス,晴,1,中京,16,4,7,8,16,1,2,180,110,160,160,420,650,300,290,640,970,1270,3890,0.0,ダ,左,1900,0,0,2023-01-21 13:25:00
202307010708,8,4歳以上2勝クラス,晴,1,中京,16,6,11,2,4,7,13,860,210,140,170,920,1480,530,500,420,3750,2140,14370,0.0,ダ,左,1400,0,0,2023-01-21 13:55:00
202307010709,9,遠州灘ステークス ,晴,1,中京,16,4,8,2,4,4,7,1160,210,110,160,420,1220,440,750,230,3250,1600,14270,0.0,ダ,左,1800,0,0,2023-01-21 14:25:00
202307010710,10,若駒ステークス(L),晴,1,中京,7,5,5,1,1,4,4,400,210,200,0,830,0,310,330,330,1640,1180,5340,0.0,芝,左,2000,0,0,2023-01-21 15:01:00
202307010711,11,睦月ステークス ,晴,1,中京,9,3,3,4,4,5,5,680,260,170,230,1690,1830,650,1080,660,3470,4750,24160,0.0,芝,左,1600,0,0,2023-01-21 15:35:00
202307010712,12,4歳以上1勝クラス,晴,1,中京,7,3,3,1,1,5,5,150,110,170,0,360,0,190,270,650,460,1070,2120,0.0,芝,左,2200,0,0,2023-01-21 16:10:00
202307010801,1,3歳未勝利,晴,1,中京,15,5,9,8,14,4,6,120,110,130,270,290,330,210,410,900,500,1610,3840,0.0,ダ,左,1800,0,0,2023-01-22 10:01:00
202307010802,2,3歳未勝利,晴,1,中京,15,1,1,2,3,5,8,190,110,170,210,550,670,320,340,880,900,1900,4540,0.0,ダ,左,1400,0,0,2023-01-22 10:30:00
202307010803,3,3歳新馬,晴,1,中京,16,2,4,1,2,7,14,870,280,200,440,1460,1820,670,2650,1530,4720,13550,70630,0.0,ダ,左,1200,0,0,2023-01-22 11:00:00
202307010804,4,3歳1勝クラス,晴,1,中京,8,4,4,2,2,8,8,1980,530,200,160,5770,0,1880,1790,510,14870,7630,85810,0.0,ダ,左,1800,0,0,2023-01-22 11:30:00
202307010805,5,3歳未勝利,晴,1,中京,11,8,11,5,5,2,2,280,130,150,380,410,570,270,770,790,980,2240,8390,0.0,芝,左,2200,0,0,2023-01-22 12:20:00
202307010806,6,3歳新馬,晴,1,中京,16,8,16,3,6,4,7,510,170,140,160,870,1080,400,540,330,2330,1680,10970,0.0,芝,左,1600,0,0,2023-01-22 12:50:00
202307010807,7,4歳以上1勝クラス,晴,1,中京,12,2,2,7,9,5,5,960,180,110,310,600,650,300,1990,620,2350,3860,35100,0.0,ダ,左,1900,0,0,2023-01-22 13:20:00
202307010808,8,4歳以上1勝クラス,晴,1,中京,15,2,2,6,11,7,12,2150,490,230,350,690,3690,1330,3190,1610,15050,18860,197500,0.0,ダ,左,1200,0,0,2023-01-22 13:50:00
202307010809,9,西尾特別 ,晴,1,中京,8,8,8,3,3,4,4,2170,250,180,110,6290,0,1050,360,280,19090,2300,49690,0.0,芝,左,2000,0,0,2023-01-22 14:25:00
202307010810,10,長篠ステークス ,晴,1,中京,10,6,6,3,3,7,8,170,110,180,120,820,930,290,150,380,1150,660,3030,0.0,芝,左,1600,0,0,2023-01-22 15:01:00
202307010811,11,第40回東海テレビ杯東海S(G2),晴,1,中京,15,6,10,3,4,7,13,510,180,120,170,600,970,400,680,350,1990,1750,8490,0.0,ダ,左,1800,0,0,2023-01-22 15:35:00
202307010812,12,4歳以上2勝クラス,晴,1,中京,8,5,5,4,4,2,2,200,110,170,270,590,0,250,670,1080,780,3120,7790,0.0,芝,左,1400,0,0,2023-01-22 16:10:00
202307010901,1,3歳未勝利,晴,1,中京,11,8,11,3,3,6,7,440,110,110,120,280,290,160,390,210,810,440,2640,0.0,ダ,左,1800,0,0,2023-01-28 09:55:00
202307010902,2,3歳未勝利,晴,1,中京,12,2,2,6,8,5,6,210,110,200,110,430,920,320,160,550,1400,1010,4500,0.0,ダ,左,1200,0,0,2023-01-28 10:25:00
202307010903,3,3歳未勝利,晴,1,中京,15,2,3,1,1,6,10,980,340,160,900,680,1850,750,8260,3320,3800,38060,135460,0.0,ダ,左,1900,0,0,2023-01-28 10:55:00
202307010904,4,3歳新馬,晴,1,中京,16,3,5,5,9,4,8,310,140,220,370,1000,1560,630,1030,1650,3090,5670,23330,0.0,ダ,左,1400,0,0,2023-01-28 11:25:00
202307010905,5,3歳未勝利,晴,1,中京,8,3,3,1,1,8,8,220,110,210,110,1420,0,430,170,640,1960,1160,5110,0.0,芝,左,2000,0,0,2023-01-28 12:15:00
202307010906,6,3歳1勝クラス,晴,1,中京,13,5,7,7,10,4,4,1410,420,340,910,1430,5930,1780,4630,4180,11760,42460,221510,0.0,ダ,左,1400,0,0,2023-01-28 12:45:00
202307010907,7,4歳以上1勝クラス,晴,1,中京,8,5,5,4,4,2,2,730,160,110,150,700,0,250,580,210,2100,940,7780,0.0,ダ,左,1800,0,0,2023-01-28 13:15:00
202307010908,8,4歳以上2勝クラス,晴,1,中京,16,8,15,6,12,7,13,530,150,120,140,550,570,320,420,240,1490,890,5160,0.0,ダ,左,1200,0,0,2023-01-28 13:50:00
202307010909,9,白梅賞 ,晴,1,中京,7,4,4,1,1,5,5,320,190,210,0,940,0,240,160,150,1660,300,2840,0.0,芝,左,1600,0,0,2023-01-28 14:25:00
202307010910,10,茶臼山高原特別 ,晴,1,中京,9,1,1,8,9,5,5,470,160,110,690,430,610,290,2620,1120,1420,4710,23450,0.0,芝,左,2200,0,0,2023-01-28 15:01:00
202307010911,11,伊賀ステークス ,晴,1,中京,16,6,12,7,14,2,3,490,220,320,560,1960,3190,1090,1960,3060,5350,22400,75010,0.0,ダ,左,1200,0,0,2023-01-28 15:35:00
202307010912,12,4歳以上1勝クラス,晴,1,中京,13,7,10,5,6,8,13,8230,980,240,150,1490,23750,4930,3040,480,72210,13520,264310,0.0,芝,左,1600,0,0,2023-01-28 16:10:00
202307011001,1,3歳未勝利,晴,1,中京,13,3,3,7,10,8,13,740,130,160,100,3300,3010,500,180,240,6440,780,11900,0.0,ダ,左,1200,0,0,2023-01-29 10:01:00
202307011002,2,3歳未勝利,晴,1,中京,12,7,10,7,9,8,11,730,320,150,410,1080,1640,740,1790,810,3340,7210,30500,0.0,ダ,左,1800,0,0,2023-01-29 10:30:00
202307011003,3,3歳未勝利,晴,1,中京,15,4,6,5,8,1,1,160,110,120,130,380,350,160,160,260,490,320,1000,0.0,ダ,左,1400,0,0,2023-01-29 11:00:00
202307011004,4,3歳1勝クラス,晴,1,中京,13,2,2,8,12,6,9,1290,270,170,130,2130,3670,1030,650,320,8060,2840,26900,0.0,ダ,左,1200,0,0,2023-01-29 11:30:00
202307011005,5,3歳未勝利,晴,1,中京,16,2,4,3,6,6,12,190,130,460,440,1520,1750,660,980,4760,2390,14420,46540,0.0,芝,左,1600,0,0,2023-01-29 12:20:00
202307011006,6,3歳新馬,晴,1,中京,12,6,8,8,11,2,2,730,240,320,160,1940,7040,1300,710,760,10350,8210,74400,0.0,芝,左,2000,0,0,2023-01-29 12:50:00
202307011007,7,4歳以上1勝クラス,晴,1,中京,8,8,8,3,3,4,4,2990,540,200,530,5570,0,1610,3270,1440,18530,25290,178420,0.0,ダ,左,1800,0,0,2023-01-29 13:20:00
202307011008,8,4歳以上1勝クラス,晴,1,中京,16,1,1,2,3,3,6,310,140,310,180,1290,1980,660,340,970,3340,2580,13020,0.0,ダ,左,1400,0,0,2023-01-29 13:50:00
202307011009,9,美濃ステークス ,晴,1,中京,7,1,1,3,3,4,4,380,160,120,0,340,0,110,130,120,730,170,1320,0.0,芝,左,2200,0,0,2023-01-29 14:25:00
202307011010,10,刈谷特別 ,晴,1,中京,16,3,5,4,8,2,4,260,140,170,290,520,660,340,700,1060,1030,3230,10300,0.0,ダ,左,1800,0,0,2023-01-29 15:01:00
202307011011,11,第28回シルクロードS(G3),晴,1,中京,15,2,2,5,9,5,8,480,180,480,140,630,8100,2070,400,1250,12250,6040,49270,0.0,芝,左,1200,0,0,2023-01-29 15:35:00
202307011012,12,4歳以上2勝クラス,晴,1,中京,9,6,6,2,2,7,7,290,130,150,160,560,570,260,370,500,1090,1300,4570,0.0,芝,左,1600,0,0,2023-01-29 16:10:00
202310010101,1,3歳未勝利,雨,2,小倉,16,4,8,6,11,1,1,350,160,360,1220,860,1970,710,2440,7430,3440,24540,79220,0.0,ダ,右,1700,2,0,2023-01-14 09:50:00
202310010102,2,3歳未勝利,曇,3,小倉,18,1,1,3,5,7,15,390,170,350,290,1940,3180,1060,530,1480,4660,6110,29400,0.0,芝,右,1200,0,0,2023-01-14 10:20:00
202310010103,3,3歳未勝利,曇,2,小倉,14,1,1,5,7,5,8,460,190,870,130,600,16660,4190,350,2050,25760,9650,82230,0.0,ダ,右,1000,0,0,2023-01-14 10:50:00
202310010104,4,障害4歳以上未勝利,曇,3,小倉,12,8,11,1,1,6,7,1940,430,210,130,3600,7960,2270,850,510,21000,7030,71880,1.0,芝,直進,2860,0,0,2023-01-14 11:20:00
202310010105,5,障害4歳以上未勝利,曇,3,小倉,11,7,8,7,9,1,1,620,190,1170,140,15610,21770,5340,410,3090,31810,19990,169570,1.0,芝,直進,2860,0,0,2023-01-14 12:10:00
202310010106,6,3歳未勝利,曇,3,小倉,13,7,10,1,1,5,7,810,260,230,460,5401600,13404040,970,2340,2220,30408950,18050,5932074690,0.0,芝,右,2000,0,0,2023-01-14 12:45:00
202310010107,7,4歳以上1勝クラス,曇,2,小倉,11,6,6,4,4,3,3,380,180,200,580,600,960,450,930,2030,1790,5130,20210,0.0,ダ,右,1700,0,0,2023-01-14 13:15:00
202310010108,8,4歳以上1勝クラス,曇,3,小倉,16,6,11,3,6,8,16,1040,280,570,260,4410,13710,4170,1680,2200,27690,27520,196900,0.0,芝,右,1800,0,0,2023-01-14 13:45:00
202310010109,9,帆柱山特別 ,小雨,3,小倉,16,7,14,8,16,6,11,3530,770,230,330,3380,7990,2120,3060,800,21990,16280,160520,0.0,芝,右,2600,1,0,2023-01-14 14:15:00
202310010110,10,響灘特別 ,小雨,2,小倉,16,8,16,4,7,6,12,800,230,160,170,1150,1590,630,660,580,3380,3270,16630,0.0,ダ,右,1700,1,0,2023-01-14 14:50:00
202310010111,11,壇之浦ステークス ,小雨,3,小倉,16,1,2,1,1,5,10,880,320,230,270,2490,2630,1180,1210,1310,5230,7730,37230,0.0,芝,右,1800,1,0,2023-01-14 15:25:00
202310010112,12,4歳以上1勝クラス,小雨,3,小倉,18,1,2,2,4,3,5,640,270,400,510,1080,3620,1190,1690,3240,7140,19280,84820,0.0,芝,右,1200,1,0,2023-01-14 16:01:00
202310010201,1,3歳未勝利,曇,3,小倉,14,5,8,7,11,2,2,310,130,150,130,730,750,360,250,370,1340,800,3980,0.0,ダ,右,1700,0,0,2023-01-15 09:50:00
202310010202,2,3歳未勝利,曇,4,小倉,18,4,8,6,11,2,4,710,190,200,190,1110,2110,780,720,680,4370,4140,25770,0.0,芝,右,1200,0,0,2023-01-15 10:20:00
202310010203,3,4歳以上1勝クラス,曇,3,小倉,14,4,5,3,3,4,6,620,210,270,340,1080,1690,570,980,1470,3680,5780,34910,0.0,ダ,右,1000,0,0,2023-01-15 10:50:00
202310010204,4,障害4歳以上未勝利,小雨,4,小倉,12,5,5,5,6,8,11,400,170,300,230,980,1690,620,620,1560,2760,6390,28040,1.0,芝,直進,2860,1,0,2023-01-15 11:20:00
202310010205,5,3歳新馬,曇,4,小倉,18,1,2,6,12,8,18,780,230,150,190,1130,1330,600,990,430,3260,2960,18340,0.0,芝,右,1200,0,0,2023-01-15 12:10:00
202310010206,6,3歳未勝利,晴,4,小倉,14,5,8,3,4,6,9,350,180,170,730,630,1080,470,2590,2090,2160,10690,46000,0.0,芝,右,1800,0,0,2023-01-15 12:40:00
202310010207,7,4歳以上1勝クラス,晴,4,小倉,13,8,12,7,10,8,13,180,120,320,550,1210,1400,550,960,4070,2040,9640,28990,0.0,芝,右,2000,0,0,2023-01-15 13:10:00
202310010208,8,4歳以上1勝クラス,曇,3,小倉,16,2,4,4,8,3,5,460,180,150,200,640,900,430,560,460,1740,1820,6900,0.0,ダ,右,1700,0,0,2023-01-15 13:40:00
202310010209,9,小郡特別 ,曇,4,小倉,18,6,12,7,15,6,11,560,220,160,240,790,1680,710,650,690,4050,3210,17770,0.0,芝,右,1200,0,0,2023-01-15 14:15:00
202310010210,10,玄海特別 ,曇,4,小倉,15,7,12,5,9,3,4,1880,510,270,140,3430,14970,4180,1810,550,24850,16470,128370,0.0,芝,右,1800,0,0,2023-01-15 14:50:00
202310010211,11,門司ステークス ,曇,3,小倉,14,6,9,6,10,5,7,1190,230,160,190,2070,1820,590,1190,570,5380,4500,41090,0.0,ダ,右,1700,0,0,2023-01-15 15:25:00
202310010212,12,4歳以上1勝クラス,曇,4,小倉,16,7,13,4,8,1,2,950,340,1330,170,1990,39410,9650,800,3370,61560,36630,307280,0.0,芝,右,1200,0,0,2023-01-15 16:01:00
202310010301,1,3歳未勝利,晴,4,小倉,16,8,16,4,8,2,4,5920,970,190,330,3820,12270,2800,6490,920,30230,28280,236100,0.0,ダ,右,1700,0,0,2023-01-21 09:50:00
202310010302,2,3歳未勝利,晴,4,小倉,13,4,4,1,1,8,12,160,110,250,180,1350,1460,430,240,1250,1900,2230,10070,0.0,芝,右,1800,0,0,2023-01-21 10:20:00
202310010303,3,3歳未勝利,晴,4,小倉,14,6,10,3,3,7,11,340,400,1160,1220,220,2880,790,540,1900,3590,9500,27410,0.0,ダ,右,1000,0,0,2023-01-21 10:50:00
202310010304,4,障害4歳以上未勝利,晴,4,小倉,12,3,3,7,9,6,7,1610,400,350,400,2860,5550,1590,2230,1880,11240,18270,111630,1.0,芝,直進,2860,0,0,2023-01-21 11:20:00
202310010305,5,障害4歳以上オープン,晴,4,小倉,12,6,8,8,11,8,12,1930,540,270,360,1210,6640,2010,3580,1520,14910,31680,222760,1.0,芝,直進,2860,0,0,2023-01-21 12:10:00
202310010306,6,3歳未勝利,晴,4,小倉,15,2,3,7,13,2,2,1410,350,300,180,770,6180,2370,1090,920,15120,11420,89170,0.0,芝,右,1800,0,0,2023-01-21 12:45:00
202310010307,7,4歳以上1勝クラス,晴,4,小倉,9,4,4,5,5,3,3,350,140,150,190,1070,1050,380,420,550,2160,1940,9460,0.0,芝,右,2600,0,0,2023-01-21 13:15:00
202310010308,8,4歳以上1勝クラス,晴,4,小倉,15,3,5,2,2,3,4,520,200,330,250,1700,2730,1030,860,1970,5660,7420,38650,0.0,ダ,右,1700,0,0,2023-01-21 13:45:00
202310010309,9,萌黄賞 ,晴,4,小倉,8,7,7,6,6,4,4,330,180,320,480,1210,0,410,830,1390,1890,3890,14900,0.0,芝,右,1200,0,0,2023-01-21 14:15:00
202310010310,10,戸畑特別 ,晴,4,小倉,15,5,8,3,4,8,14,3140,690,360,300,5910,12150,2650,2820,1610,30420,26790,237450,0.0,芝,右,2000,0,0,2023-01-21 14:50:00
202310010311,11,小倉城特別 ,晴,4,小倉,16,1,2,3,6,2,3,220,140,350,350,910,1240,630,560,1670,1830,3210,11610,0.0,ダ,右,1700,0,0,2023-01-21 15:25:00
202310010312,12,4歳以上1勝クラス,晴,4,小倉,17,7,14,1,1,8,16,1520,430,360,220,2550,7680,2980,1330,1870,21190,19800,131270,0.0,芝,右,1200,0,0,2023-01-21 16:01:00
202310010401,1,3歳未勝利,晴,4,小倉,15,8,15,2,3,6,10,230,130,220,260,1760,1390,560,560,1340,2770,4950,27480,0.0,ダ,右,1700,0,0,2023-01-22 09:50:00
202310010402,2,3歳未勝利,晴,1,小倉,18,8,18,7,13,2,3,630,290,530,300,2300,6470,1920,1140,3160,14120,18020,96110,0.0,芝,右,1200,0,0,2023-01-22 10:20:00
202310010403,3,4歳以上1勝クラス,曇,4,小倉,14,7,12,7,11,3,3,480,220,270,150,2090,2090,680,520,640,3620,2630,12900,0.0,ダ,右,1000,0,0,2023-01-22 10:50:00
202310010404,4,障害4歳以上未勝利,曇,1,小倉,12,4,4,5,6,3,3,380,150,140,450,530,530,230,1330,1090,1230,2620,13270,1.0,芝,直進,2860,0,0,2023-01-22 11:20:00
202310010405,5,3歳新馬,曇,1,小倉,16,5,10,8,16,1,1,2100,450,470,190,3680,16430,4390,1830,1610,35320,27790,199110,0.0,芝,右,1800,0,0,2023-01-22 12:10:00
202310010406,6,3歳未勝利,曇,1,小倉,18,5,10,3,6,6,12,1960,590,320,5180,5350,9960,2760,40550,26340,17840,660070,3188680,0.0,芝,右,1200,0,0,2023-01-22 12:40:00
202310010407,7,3歳未勝利,曇,1,小倉,8,4,4,8,8,1,1,420,150,150,130,1110,0,380,250,340,2310,1280,7000,0.0,芝,右,2000,0,0,2023-01-22 13:10:00
202310010408,8,4歳以上1勝クラス,曇,4,小倉,16,5,10,5,9,4,7,750,230,370,160,4660,5370,1540,530,990,9210,6010,47430,0.0,ダ,右,1700,0,0,2023-01-22 13:40:00
202310010409,9,八幡特別 ,小雨,1,小倉,12,2,2,8,11,8,12,2040,520,150,310,3060,3990,1280,3870,550,9400,10420,83460,0.0,芝,右,1200,1,0,2023-01-22 14:15:00
202310010410,10,海の中道特別 ,小雨,1,小倉,13,8,12,3,3,2,2,650,230,180,220,2150,2530,770,910,680,4650,5200,29160,0.0,芝,右,2600,1,0,2023-01-22 14:50:00
202310010411,11,豊前ステークス ,小雨,4,小倉,16,5,9,6,11,1,2,770,250,160,160,860,1420,550,1020,470,3200,2210,12070,0.0,ダ,右,1700,1,0,2023-01-22 15:25:00
202310010412,12,4歳以上1勝クラス,小雨,4,小倉,16,8,15,1,1,2,4,630,250,500,200,3210,7550,2310,770,1970,14250,14770,87380,0.0,芝,右,1800,1,0,2023-01-22 16:01:00
202310010501,1,3歳未勝利,雪,2,小倉,12,3,3,7,10,1,1,1770,580,400,1020,4900,4380,1050,4840,3200,11570,39810,293880,0.0,ダ,右,1700,0,2,2023-01-28 09:50:00
202310010502,2,3歳未勝利,晴,3,小倉,16,7,13,7,14,2,4,200,130,690,2170,2960,2930,1290,6210,40260,4940,88110,286060,0.0,芝,右,1200,0,0,2023-01-28 10:15:00
202310010503,3,4歳以上1勝クラス,晴,2,小倉,14,8,13,6,10,3,4,1020,270,140,380,650,850,410,1440,610,2480,2980,17590,0.0,ダ,右,1000,0,0,2023-01-28 10:45:00
202310010504,4,障害4歳以上未勝利,晴,3,小倉,11,7,8,2,2,6,6,330,150,170,210,720,700,340,760,1130,1280,3630,15270,1.0,芝,直進,2860,0,0,2023-01-28 11:15:00
202310010505,5,3歳未勝利,小雪,3,小倉,10,4,4,2,2,7,8,370,180,530,290,5260,4540,1400,590,2860,7010,11710,49380,0.0,芝,右,2000,0,1,2023-01-28 12:05:00
202310010506,6,3歳未勝利,小雪,3,小倉,10,3,3,7,8,7,7,300,130,160,160,460,920,280,230,410,1630,1300,6460,0.0,芝,右,1800,0,1,2023-01-28 12:35:00
202310010507,7,4歳以上1勝クラス,雪,2,小倉,15,7,12,8,14,8,15,350,190,550,1030,1000,3370,1150,2720,3470,5660,24030,108160,0.0,ダ,右,1700,0,2,2023-01-28 13:05:00
202310010508,8,牛若丸ジャンプS ,雪,3,小倉,10,7,7,3,3,4,4,790,240,360,200,3850,4810,1220,590,1390,8430,8200,60590,1.0,芝,直進,3390,0,2,2023-01-28 13:40:00
202310010509,9,日田特別 ,曇,3,小倉,14,2,2,6,9,4,6,2370,510,310,540,6720,9470,2080,6010,2880,21130,75870,531470,0.0,芝,右,1800,0,0,2023-01-28 14:15:00
202310010510,10,平尾台特別 ,曇,2,小倉,15,5,9,7,12,8,14,300,160,260,270,820,1270,470,700,1000,2180,3440,12000,0.0,ダ,右,1700,0,0,2023-01-28 14:50:00
202310010511,11,周防灘特別 ,曇,3,小倉,18,4,7,7,13,1,1,2300,650,2050,470,800,54370,13810,3370,13460,108500,254870,1518920,0.0,芝,右,1200,0,0,2023-01-28 15:25:00
202310010512,12,4歳以上1勝クラス,曇,3,小倉,18,6,12,5,9,2,4,1010,310,250,290,3070,4470,1750,1780,1100,9640,11410,74970,0.0,芝,右,1200,0,0,2023-01-28 16:01:00
202310010601,1,3歳未勝利,曇,3,小倉,13,4,5,3,3,7,11,280,130,230,160,950,1180,460,380,780,1950,2110,8310,0.0,ダ,右,1700,0,0,2023-01-29 09:50:00
202310010602,2,3歳未勝利,曇,3,小倉,18,8,16,6,12,5,10,190,120,200,260,540,700,320,540,1020,1150,2450,7410,0.0,芝,右,1200,0,0,2023-01-29 10:20:00
202310010603,3,3歳未勝利,曇,3,小倉,11,6,7,5,5,8,10,390,160,160,160,900,1370,450,420,340,2270,1730,9690,0.0,ダ,右,1000,0,0,2023-01-29 10:50:00
202310010604,4,障害4歳以上未勝利,曇,3,小倉,12,7,9,2,2,5,6,240,140,300,160,1430,1140,420,290,1090,2010,1910,8260,1.0,芝,直進,2860,0,0,2023-01-29 11:20:00
202310010605,5,3歳新馬,曇,3,小倉,18,7,15,7,13,2,3,490,200,650,260,4250,6620,1760,1000,2910,11040,20010,120090,0.0,芝,右,1200,0,0,2023-01-29 12:10:00
202310010606,6,3歳未勝利,曇,3,小倉,11,7,8,3,3,1,1,420,150,230,190,1370,1570,500,520,830,2710,3620,18230,0.0,芝,右,2000,0,0,2023-01-29 12:40:00
202310010607,7,4歳以上1勝クラス,曇,3,小倉,13,7,11,8,12,4,4,640,200,160,120,950,1940,570,370,240,3530,1520,12130,0.0,ダ,右,1700,0,0,2023-01-29 13:10:00
202310010608,8,4歳以上1勝クラス,曇,3,小倉,15,7,13,1,1,8,15,1170,360,360,320,3780,6800,2220,1170,1430,13000,12240,76010,0.0,芝,右,1200,0,0,2023-01-29 13:40:00
202310010609,9,くすのき賞 ,曇,3,小倉,14,1,1,6,9,8,13,590,230,790,280,3750,7940,2920,1180,4030,17890,24640,133750,0.0,ダ,右,1700,0,0,2023-01-29 14:15:00
202310010610,10,足立山特別 ,曇,3,小倉,7,2,2,5,5,7,7,1800,800,280,0,3540,0,1010,2110,760,9290,9190,66910,0.0,芝,右,2600,0,0,2023-01-29 14:50:00
202310010611,11,巌流島ステークス ,曇,3,小倉,18,8,18,4,8,6,11,570,230,260,590,1610,3160,1210,2650,3270,5710,24240,122870,0.0,芝,右,1200,0,0,2023-01-29 15:25:00
202310010612,12,4歳以上1勝クラス,曇,3,小倉,12,8,11,6,8,4,4,910,330,180,640,1190,2520,850,3630,1770,4640,16380,81560,0.0,芝,右,2000,0,0,2023-01-29 16:01:00
202305010301,1,3歳未勝利,晴,1,東京,16,8,16,2,4,6,12,320,160,350,280,1040,2390,890,920,1440,3520,7640,30410,0.0,ダ,左,1400,0,0,2023-02-04 10:10:00
202305010302,2,3歳未勝利,晴,1,東京,16,8,16,7,14,2,4,800,490,480,930,4570,5110,1290,2210,1860,12910,21680,137460,0.0,ダ,左,1300,0,0,2023-02-04 10:40:00
202305010303,3,3歳未勝利,晴,1,東京,16,5,10,4,8,8,15,1760,320,150,190,830,2430,760,1240,570,6890,6270,54100,0.0,ダ,左,1600,0,0,2023-02-04 11:10:00
202305010304,4,3歳1勝クラス,晴,1,東京,11,4,4,3,3,5,5,1230,220,110,650,600,590,320,3070,890,2130,4330,30470,0.0,ダ,左,1400,0,0,2023-02-04 11:40:00
202305010305,5,3歳未勝利,晴,1,東京,18,7,14,8,16,4,8,270,160,410,230,510,3050,940,520,1230,4330,5970,27700,0.0,芝,左,2400,0,0,2023-02-04 12:30:00
202305010306,6,3歳新馬,晴,1,東京,16,1,1,4,8,1,2,1220,340,160,220,540,1880,810,1150,450,4950,3800,27670,0.0,芝,左,1800,0,0,2023-02-04 13:05:00
202305010307,7,4歳以上1勝クラス,晴,1,東京,15,6,10,8,14,4,7,330,150,110,940,380,380,220,5110,1940,800,6540,36000,0.0,芝,左,1600,0,0,2023-02-04 13:35:00
202305010308,8,4歳以上1勝クラス,晴,1,東京,16,7,14,5,10,7,13,530,240,440,270,570,5820,1900,1030,2210,8650,15390,92460,0.0,ダ,左,1600,0,0,2023-02-04 14:05:00
202305010309,9,春菜賞 ,晴,1,東京,11,7,8,6,6,8,11,270,120,130,150,310,460,200,240,350,850,830,3330,0.0,芝,左,1400,0,0,2023-02-04 14:35:00
202305010310,10,テレビ山梨杯 ,晴,1,東京,11,5,5,7,9,4,4,3820,800,420,300,8300,13030,3140,3540,1300,34490,33850,306750,0.0,芝,左,1400,0,0,2023-02-04 15:10:00
202305010311,11,早春ステークス ,晴,1,東京,12,6,8,8,11,2,2,520,310,5340,300,8690,46520,11210,470,7360,71860,64960,492950,0.0,芝,左,2400,0,0,2023-02-04 15:45:00
202305010312,12,4歳以上2勝クラス,晴,1,東京,16,5,9,1,2,3,6,300,170,550,260,680,5770,1620,510,2560,7990,11810,58720,0.0,ダ,左,1600,0,0,2023-02-04 16:25:00
202305010401,1,3歳未勝利,晴,1,東京,16,6,11,8,16,6,12,1190,300,500,1120,3850,6440,1580,3810,6880,19620,74710,529660,0.0,ダ,左,1400,0,0,2023-02-05 10:10:00
202305010402,2,3歳未勝利,晴,1,東京,16,5,9,2,4,2,3,530,200,160,170,600,1540,640,520,340,2510,1720,9420,0.0,ダ,左,2100,0,0,2023-02-05 10:40:00
202305010403,3,3歳新馬,晴,1,東京,16,7,13,1,2,4,8,160,110,180,240,520,820,370,470,1050,960,2260,5950,0.0,ダ,左,1600,0,0,2023-02-05 11:10:00
202305010404,4,4歳以上1勝クラス,晴,1,東京,16,7,14,6,11,5,10,670,300,310,320,1280,4000,1070,1970,1680,6110,12620,58820,0.0,ダ,左,1600,0,0,2023-02-05 11:40:00
202305010405,5,3歳未勝利,晴,1,東京,16,4,8,1,1,6,11,150,110,230,200,500,930,410,310,1210,1240,2570,7020,0.0,芝,左,1600,0,0,2023-02-05 12:30:00
202305010406,6,3歳新馬,晴,1,東京,16,1,2,3,6,7,13,220,130,220,490,810,1050,450,960,3110,1540,6890,18260,0.0,芝,左,1600,0,0,2023-02-05 13:00:00
202305010407,7,4歳以上1勝クラス,晴,1,東京,16,5,10,1,2,2,3,300,150,220,180,750,1100,460,470,770,1840,2420,10020,0.0,ダ,左,1300,0,0,2023-02-05 13:30:00
202305010408,8,4歳以上2勝クラス,晴,1,東京,10,3,3,7,8,8,10,190,110,110,140,310,320,170,230,270,530,500,1540,0.0,芝,左,2000,0,0,2023-02-05 14:01:00
202305010409,9,ゆりかもめ賞 ,晴,1,東京,10,7,8,2,2,8,10,150,110,180,140,780,790,260,210,640,840,1110,3570,0.0,芝,左,2400,0,0,2023-02-05 14:35:00
202305010410,10,銀蹄ステークス ,晴,1,東京,16,8,16,1,2,8,15,450,220,200,620,1030,1720,660,1480,2450,3110,14400,53920,0.0,ダ,左,1400,0,0,2023-02-05 15:10:00
202305010411,11,第73回東京新聞杯(G3),晴,1,東京,16,1,2,8,15,8,16,950,310,180,320,1510,2360,930,1970,730,5290,8120,45900,0.0,芝,左,1600,0,0,2023-02-05 15:45:00
202305010412,12,4歳以上2勝クラス,晴,1,東京,16,5,10,2,4,8,16,340,160,180,400,580,830,390,1060,1060,1470,4300,18800,0.0,ダ,左,1300,0,0,2023-02-05 16:25:00
202305010501,1,3歳未勝利,晴,2,東京,16,1,2,5,10,2,4,350,170,480,250,3050,5020,1510,600,1250,7390,10100,49140,0.0,ダ,左,1300,0,0,2023-02-11 10:55:00
202305010502,2,3歳新馬,晴,2,東京,16,4,7,6,11,2,3,590,210,1440,450,1740,16490,5620,1340,10430,27180,82020,448670,0.0,ダ,左,1400,0,0,2023-02-11 11:20:00
202305010503,3,3歳未勝利,晴,2,東京,16,6,11,8,15,7,13,820,200,140,200,1040,1400,510,800,570,3900,3220,23230,0.0,ダ,左,1600,0,0,2023-02-11 11:50:00
202305010504,4,4歳以上1勝クラス,晴,2,東京,16,3,6,5,10,2,4,480,200,260,180,2370,3170,1220,590,850,5350,5000,27060,0.0,ダ,左,2100,0,0,2023-02-11 12:15:00
202305010505,5,3歳未勝利,晴,4,東京,16,8,15,7,14,6,12,440,150,150,150,920,920,360,360,390,1880,1180,6510,0.0,芝,左,1400,0,0,2023-02-11 12:40:00
202305010506,6,3歳未勝利,晴,4,東京,16,5,10,7,13,8,16,120,110,110,150,200,210,130,190,290,270,380,760,0.0,芝,左,1800,0,0,2023-02-11 13:05:00
202305010507,7,3歳1勝クラス,晴,4,東京,14,8,13,8,14,3,3,520,210,240,170,2330,2340,680,570,690,4230,4460,20760,0.0,芝,左,1400,0,0,2023-02-11 13:35:00
202305010508,8,4歳以上1勝クラス,晴,2,東京,16,6,11,8,15,2,4,1100,280,220,170,2430,3750,1340,950,740,8320,6350,59090,0.0,ダ,左,1400,0,0,2023-02-11 14:05:00
202305010509,9,箱根特別 ,晴,4,東京,13,6,9,5,6,8,13,220,110,110,210,250,280,160,390,520,500,980,2800,0.0,芝,左,2400,0,0,2023-02-11 14:35:00
202305010510,10,雲雀ステークス ,晴,4,東京,15,6,10,4,7,3,5,1410,250,140,160,1430,2110,720,1160,310,5140,2830,21820,0.0,芝,左,1400,0,0,2023-02-11 15:10:00
202305010511,11,第58回デイリー杯クイーンC(G3),晴,4,東京,16,5,9,4,7,2,3,1260,310,160,190,1100,1840,750,1220,520,4330,3300,20710,0.0,芝,左,1600,0,0,2023-02-11 15:45:00
202305010512,12,4歳以上2勝クラス,晴,2,東京,16,1,2,5,9,4,8,990,270,150,190,1620,2370,910,1270,440,6550,4470,31740,0.0,ダ,左,1600,0,0,2023-02-11 16:25:00
202305010601,1,3歳未勝利,晴,3,東京,16,7,13,8,15,4,8,150,110,120,130,240,250,140,200,360,370,420,1010,0.0,ダ,左,1400,0,0,2023-02-12 10:10:00
202305010602,2,3歳未勝利,晴,3,東京,16,4,7,5,10,5,9,1850,450,630,170,1950,27300,5340,1600,2670,54860,41630,466750,0.0,ダ,左,2100,0,0,2023-02-12 10:40:00
202305010603,3,3歳未勝利,晴,3,東京,16,4,8,4,7,5,10,330,160,190,350,920,930,350,1160,1120,1460,5550,15600,0.0,ダ,左,1600,0,0,2023-02-12 11:10:00
202305010604,4,3歳新馬,晴,3,東京,15,4,6,5,8,3,5,12510,1980,200,510,9910,22470,6300,23470,1690,74220,140070,1334810,0.0,ダ,左,1600,0,0,2023-02-12 11:40:00
202305010605,5,3歳未勝利,晴,1,東京,16,2,3,6,12,8,16,240,120,160,250,880,790,340,560,940,1420,2330,9300,0.0,芝,左,1800,0,0,2023-02-12 12:30:00
202305010606,6,4歳以上1勝クラス,晴,1,東京,10,8,9,6,6,3,3,690,220,180,320,400,1350,480,920,630,2810,3510,19600,0.0,芝,左,2400,0,0,2023-02-12 13:00:00
202305010607,7,3歳1勝クラス,晴,3,東京,15,8,14,4,6,8,15,860,250,330,140,380,8190,2580,520,1010,15180,6440,65380,0.0,ダ,左,1600,0,0,2023-02-12 13:30:00
202305010608,8,4歳以上2勝クラス,晴,1,東京,12,8,12,6,8,3,3,140,110,110,350,150,170,130,640,850,240,1180,2510,0.0,芝,左,1600,0,0,2023-02-12 14:01:00
202305010609,9,初音ステークス ,晴,1,東京,16,5,10,1,1,5,9,3130,890,220,930,3230,6860,2130,14270,2810,18370,84970,526580,0.0,芝,左,1800,0,0,2023-02-12 14:40:00
202305010610,10,バレンタインS ,晴,3,東京,16,3,5,8,15,7,14,640,280,1420,510,1640,21010,6650,1480,9510,35740,99110,443940,0.0,ダ,左,1400,0,0,2023-02-12 15:15:00
202305010611,11,第57回共同通信杯(G3),晴,1,東京,12,6,8,5,5,1,1,410,150,250,130,650,1940,600,310,800,3610,2480,13800,0.0,芝,左,1800,0,0,2023-02-12 15:45:00
202305010612,12,4歳以上2勝クラス,曇,3,東京,16,3,5,5,9,6,12,4130,1030,340,520,8110,15610,4950,9680,3120,42030,104020,592880,0.0,ダ,左,1400,0,0,2023-02-12 16:25:00
202305010701,1,3歳未勝利,晴,4,東京,16,5,9,7,13,8,16,390,150,130,200,610,780,310,750,540,1450,2230,8960,0.0,ダ,左,1400,0,0,2023-02-18 10:10:00
202305010702,2,3歳新馬,晴,4,東京,16,8,16,5,9,8,15,170,110,210,160,690,930,380,310,810,1280,1490,6260,0.0,ダ,左,1400,0,0,2023-02-18 10:40:00
202305010703,3,3歳未勝利,晴,4,東京,16,2,4,8,15,6,12,180,110,150,170,580,610,230,280,510,750,1160,3510,0.0,ダ,左,1600,0,0,2023-02-18 11:10:00
202305010704,4,4歳以上1勝クラス,晴,4,東京,16,2,3,3,5,1,2,2860,620,500,330,11660,15030,4140,2260,1900,34010,25460,232620,0.0,ダ,左,1600,0,0,2023-02-18 11:40:00
202305010705,5,3歳未勝利,晴,1,東京,18,8,18,3,6,2,4,1610,360,1050,160,6200,35500,7710,840,2690,86420,31660,317350,0.0,芝,左,2400,0,0,2023-02-18 12:30:00
202305010706,6,3歳未勝利,晴,1,東京,16,4,7,2,4,1,2,150,110,170,630,340,540,270,1350,4990,740,9490,22960,0.0,芝,左,1600,0,0,2023-02-18 13:05:00
202305010707,7,4歳以上1勝クラス,晴,4,東京,16,1,2,6,11,7,14,360,150,170,330,820,790,350,930,1180,1510,4200,16620,0.0,ダ,左,1400,0,0,2023-02-18 13:35:00
202305010708,8,4歳以上2勝クラス,晴,4,東京,16,8,16,6,11,2,4,2680,1100,290,360,4450,4700,1170,1840,460,13020,7780,79440,0.0,ダ,左,2100,0,0,2023-02-18 14:05:00
202305010709,9,フリージア賞 ,晴,1,東京,10,6,6,4,4,7,7,2650,510,180,230,7390,6030,1800,3180,740,16730,13450,124580,0.0,芝,左,2000,0,0,2023-02-18 14:35:00
202305010710,10,金蹄ステークス ,晴,4,東京,16,1,1,5,10,3,5,440,150,320,130,1370,3480,1140,270,820,5030,2640,19420,0.0,ダ,左,2100,0,0,2023-02-18 15:10:00
202305010711,11,第73回ダイヤモンドS(G3),晴,1,東京,16,2,4,3,5,1,2,370,160,1140,150,4640,18950,4700,290,4390,26040,17300,121000,0.0,芝,左,3400,0,0,2023-02-18 15:45:00
202305010712,12,4歳以上2勝クラス,晴,1,東京,12,6,8,5,6,5,5,580,220,210,240,1030,1910,760,1000,1020,3640,5440,26080,0.0,芝,左,1800,0,0,2023-02-18 16:25:00
202305010801,1,3歳未勝利,曇,4,東京,16,6,12,6,11,2,3,190,120,1050,370,5490,6960,2690,680,6860,8690,18540,80650,0.0,ダ,左,1400,0,0,2023-02-19 10:05:00
202305010802,2,3歳未勝利,曇,4,東京,16,4,8,3,5,4,7,13610,1780,150,110,400,59500,9960,3350,240,163640,19880,431210,0.0,ダ,左,2100,0,0,2023-02-19 10:35:00
202305010803,3,3歳1勝クラス,曇,4,東京,16,8,16,4,7,7,13,710,180,140,110,1140,1510,360,330,200,3130,990,7500,0.0,ダ,左,1400,0,0,2023-02-19 11:10:00
202305010804,4,3歳未勝利,曇,1,東京,16,2,4,2,3,3,6,7920,1190,250,810,15850,18240,4850,9560,3070,48500,110380,900430,0.0,芝,左,1800,0,0,2023-02-19 11:35:00
202305010805,5,3歳新馬,曇,1,東京,16,7,14,8,15,1,2,210,110,120,270,210,220,150,760,660,420,1240,3380,0.0,ダ,左,1600,0,0,2023-02-19 12:25:00
202305010806,6,3歳1勝クラス,曇,1,東京,12,4,4,7,10,8,12,320,150,160,270,550,610,280,750,510,1310,1680,7060,0.0,芝,左,1600,0,0,2023-02-19 12:55:00
202305010807,7,4歳以上1勝クラス,曇,1,東京,16,2,3,2,4,8,16,410,180,140,1230,760,680,310,3840,2510,1480,10900,53620,0.0,芝,左,1800,0,0,2023-02-19 13:25:00
202305010808,8,4歳以上2勝クラス,曇,1,東京,10,8,10,2,2,5,5,1620,250,130,110,2010,2070,610,500,190,6510,1460,16010,0.0,芝,左,1400,0,0,2023-02-19 13:55:00
202305010809,9,ヒヤシンスステークス(L),晴,1,東京,14,3,3,7,11,7,12,210,120,930,760,1980,4260,1380,1740,8160,5280,29180,111400,0.0,ダ,左,1600,0,0,2023-02-19 14:25:00
202305010810,10,アメジストステークス ,晴,1,東京,14,6,10,4,5,1,1,180,110,460,330,850,2270,930,640,2880,3530,7240,25650,0.0,芝,左,2000,0,0,2023-02-19 15:01:00
202305010811,11,第40回フェブラリーS(G1),晴,1,東京,16,4,7,8,15,3,6,220,130,230,260,1140,970,450,470,1180,1420,2630,7700,0.0,ダ,左,1600,0,0,2023-02-19 15:40:00
202305010812,12,大島特別 ,晴,1,東京,16,8,15,7,13,4,8,330,130,140,110,660,700,240,200,270,1200,580,3480,0.0,ダ,左,1400,0,0,2023-02-19 16:25:00
202306020101,1,3歳未勝利,晴,1,中山,16,4,7,7,13,1,1,160,110,110,200,200,220,140,440,640,290,1020,2050,0.0,ダ,右,1800,0,0,2023-02-25 10:05:00
202306020102,2,3歳未勝利,晴,1,中山,16,3,6,4,8,7,13,630,170,140,240,530,690,320,770,650,1830,2530,16220,0.0,ダ,右,1200,0,0,2023-02-25 10:35:00
202306020103,3,3歳未勝利,晴,1,中山,16,8,16,8,15,5,9,360,330,370,1140,1030,1270,550,1640,1770,2110,9020,27130,0.0,ダ,右,1800,0,0,2023-02-25 11:05:00
202306020104,4,3歳未勝利,晴,1,中山,16,4,7,1,1,5,9,1350,530,190,450,1620,3940,1340,2360,870,8320,13990,78530,0.0,ダ,右,1200,0,0,2023-02-25 11:35:00
202306020105,5,3歳未勝利,曇,1,中山,16,4,8,3,5,1,1,2890,840,700,240,13900,33610,8300,2440,1870,65420,55080,426480,0.0,芝,右,1600,0,0,2023-02-25 12:25:00
202306020106,6,3歳未勝利,曇,1,中山,17,8,17,7,14,5,9,1460,500,380,250,2510,13000,3860,2040,1320,22370,28890,165130,0.0,芝,右,2000,0,0,2023-02-25 12:55:00
202306020107,7,3歳1勝クラス,曇,1,中山,12,6,7,7,10,7,9,660,240,230,1030,1620,3440,1090,10570,4860,5690,75300,342740,0.0,ダ,右,1800,0,0,2023-02-25 13:25:00
202306020108,8,4歳以上1勝クラス,曇,1,中山,16,2,4,5,10,1,1,370,190,620,270,840,4830,2050,910,2990,7790,13560,60300,0.0,ダ,右,1800,0,0,2023-02-25 14:01:00
202306020109,9,水仙賞 ,曇,1,中山,8,7,7,6,6,5,5,200,110,140,110,590,0,220,150,280,890,440,1880,0.0,芝,右,2200,0,0,2023-02-25 14:35:00
202306020110,10,富里特別 ,曇,1,中山,10,5,5,1,1,7,8,500,180,110,330,440,440,230,870,360,1090,1680,8110,0.0,芝,右,1800,0,0,2023-02-25 15:10:00
202306020111,11,幕張ステークス ,曇,1,中山,16,2,4,5,9,4,7,200,120,440,230,1000,2520,880,460,2420,3430,6480,26020,0.0,芝,右,1600,0,0,2023-02-25 15:45:00
202306020112,12,4歳以上2勝クラス,曇,1,中山,14,4,6,5,8,4,5,260,110,130,120,270,430,190,180,220,700,370,1580,0.0,ダ,右,1200,0,0,2023-02-25 16:25:00
202306020201,1,3歳未勝利,晴,1,中山,16,6,12,3,5,2,4,260,110,140,110,620,730,280,170,310,1150,650,2700,0.0,ダ,右,1200,0,0,2023-02-26 10:10:00
202306020202,2,3歳未勝利,晴,1,中山,16,2,4,5,9,6,11,110,100,190,310,310,550,280,540,2230,600,2910,5750,0.0,ダ,右,1800,0,0,2023-02-26 10:40:00
202306020203,3,3歳未勝利,晴,1,中山,16,8,15,7,14,2,3,190,110,120,160,290,290,150,230,360,440,520,1770,0.0,ダ,右,1200,0,0,2023-02-26 11:10:00
202306020204,4,3歳未勝利,晴,1,中山,16,6,11,4,8,6,12,440,180,260,540,1080,1270,500,1170,1950,2390,7510,28930,0.0,ダ,右,1800,0,0,2023-02-26 11:40:00
202306020205,5,3歳未勝利,晴,1,中山,18,2,4,1,2,7,14,1180,330,190,300,630,4310,1480,1900,1100,8800,13410,76390,0.0,芝,右,2000,0,0,2023-02-26 12:30:00
202306020206,6,4歳以上1勝クラス,晴,1,中山,15,2,3,8,14,5,9,640,180,120,190,760,890,360,580,370,2090,1930,11550,0.0,ダ,右,1800,0,0,2023-02-26 13:00:00
202306020207,7,3歳1勝クラス,晴,1,中山,12,4,4,5,6,5,5,140,110,130,150,230,350,170,250,510,410,600,1450,0.0,芝,右,1600,0,0,2023-02-26 13:30:00
202306020208,8,4歳以上1勝クラス,晴,1,中山,16,4,8,1,2,2,4,490,190,150,150,1460,1600,670,510,320,2650,1590,8070,0.0,ダ,右,1200,0,0,2023-02-26 14:01:00
202306020209,9,デイジー賞 ,晴,1,中山,9,6,6,8,9,7,7,680,130,110,120,600,580,220,320,150,1830,470,5320,0.0,芝,右,1800,0,0,2023-02-26 14:35:00
202306020210,10,ブラッドストーンS ,晴,1,中山,16,2,4,8,15,3,5,250,140,400,300,2680,2890,1210,620,1860,4530,7420,30360,0.0,ダ,右,1200,0,0,2023-02-26 15:10:00
202306020211,11,第97回中山記念(G2),晴,1,中山,14,7,11,8,13,3,4,920,290,430,430,1810,5340,1520,2000,2280,10280,20170,129610,0.0,芝,右,1800,0,0,2023-02-26 15:45:00
202306020212,12,4歳以上2勝クラス,晴,1,中山,16,1,1,6,12,3,5,390,150,130,340,350,430,230,980,720,940,1950,7430,0.0,ダ,右,1800,0,0,2023-02-26 16:25:00
202307011101,1,3歳未勝利,晴,1,中京,15,7,13,2,2,2,3,340,210,450,330,470,3240,1060,860,1870,4410,10000,35570,0.0,ダ,左,1800,0,0,2023-02-04 10:01:00
202307011102,2,3歳未勝利,晴,1,中京,16,5,9,7,14,4,8,1710,270,190,110,3140,4230,1040,410,290,11990,2170,31800,0.0,ダ,左,1400,0,0,2023-02-04 10:30:00
202307011103,3,3歳未勝利,晴,1,中京,16,6,11,7,14,8,16,490,160,160,260,720,840,320,870,800,1880,3080,15050,0.0,ダ,左,1900,0,0,2023-02-04 11:00:00
202307011104,4,3歳新馬,晴,1,中京,9,8,8,6,6,4,4,1830,520,200,210,1370,5250,1320,1470,540,11210,7710,59950,0.0,ダ,左,1800,0,0,2023-02-04 11:30:00
202307011105,5,3歳未勝利,晴,1,中京,13,8,13,5,7,7,10,220,110,210,210,1140,1260,470,410,940,1790,2660,9990,0.0,芝,左,2200,0,0,2023-02-04 12:20:00
202307011106,6,4歳以上1勝クラス,晴,1,中京,16,4,7,7,13,2,4,2800,550,1870,140,18660,114310,22220,1300,5080,240560,73660,1079200,0.0,ダ,左,1200,0,0,2023-02-04 12:55:00
202307011107,7,4歳以上1勝クラス,晴,1,中京,11,7,9,7,8,8,11,350,150,180,610,1000,1020,370,1090,1300,1860,4860,23010,0.0,ダ,左,1900,0,0,2023-02-04 13:25:00
202307011108,8,4歳以上2勝クラス,晴,1,中京,16,1,1,3,6,3,5,150,110,210,1740,520,480,290,3940,10340,630,16470,39990,0.0,ダ,左,1400,0,0,2023-02-04 13:55:00
202307011109,9,トリトンステークス ,晴,1,中京,9,2,2,8,9,6,6,200,110,170,130,750,900,280,170,370,1260,580,2750,0.0,芝,左,1400,0,0,2023-02-04 14:25:00
202307011110,10,エルフィンステークス(L),晴,1,中京,11,5,5,8,11,7,8,1020,310,240,250,1670,3800,1410,1980,1250,8160,13230,86510,0.0,芝,左,1600,0,0,2023-02-04 15:01:00
202307011111,11,アルデバランS ,晴,1,中京,16,4,7,1,2,2,4,640,220,850,140,4480,11590,3640,420,2490,19820,11450,76870,0.0,ダ,左,1900,0,0,2023-02-04 15:35:00
202307011112,12,4歳以上2勝クラス,晴,1,中京,11,2,2,7,8,1,1,830,350,330,1370,1270,2550,930,4690,5980,5670,47780,242670,0.0,芝,左,2000,0,0,2023-02-04 16:10:00
202307011201,1,3歳未勝利,晴,1,中京,11,4,4,3,3,7,9,330,150,170,1670,1000,900,330,4740,4680,1690,20260,54110,0.0,ダ,左,1800,0,0,2023-02-05 10:01:00
202307011202,2,3歳未勝利,晴,1,中京,15,4,6,8,15,4,7,260,110,130,110,330,870,250,130,250,1460,360,2590,0.0,ダ,左,1400,0,0,2023-02-05 10:30:00
202307011203,3,3歳未勝利,晴,1,中京,16,8,15,4,7,3,6,140,110,700,540,2310,4400,1370,1060,18220,4990,54820,127840,0.0,ダ,左,1200,0,0,2023-02-05 11:00:00
202307011204,4,3歳1勝クラス,晴,1,中京,8,7,7,4,4,3,3,180,110,280,140,1400,0,390,190,900,1750,1700,6450,0.0,ダ,左,1800,0,0,2023-02-05 11:30:00
202307011205,5,3歳未勝利,晴,1,中京,15,4,7,1,1,5,9,790,210,130,220,1030,1220,500,1140,550,3300,3310,19950,0.0,芝,左,1600,0,0,2023-02-05 12:20:00
202307011206,6,3歳新馬,晴,1,中京,15,1,1,3,4,4,6,450,190,220,320,1180,1500,540,1080,810,2270,4310,19250,0.0,芝,左,1600,0,0,2023-02-05 12:50:00
202307011207,7,4歳以上1勝クラス,晴,1,中京,9,2,2,3,3,5,5,120,100,110,130,260,260,140,160,380,330,470,1090,0.0,ダ,左,1800,0,0,2023-02-05 13:20:00
202307011208,8,4歳以上1勝クラス,晴,1,中京,9,8,8,3,3,2,2,280,110,110,120,260,260,110,180,160,530,270,1290,0.0,芝,左,2000,0,0,2023-02-05 13:50:00
202307011209,9,瀬戸ステークス ,晴,1,中京,14,7,12,3,4,8,13,180,120,380,1090,600,1290,600,1690,8900,1750,14840,39990,0.0,ダ,左,1900,0,0,2023-02-05 14:25:00
202307011210,10,令月ステークス ,晴,1,中京,11,3,3,1,1,7,8,290,150,330,1240,1590,1700,710,2780,7030,2330,26380,96460,0.0,ダ,左,1200,0,0,2023-02-05 15:01:00
202307011211,11,第63回きさらぎ賞(G3),晴,1,中京,8,2,2,7,7,3,3,130,110,120,260,220,0,140,490,880,300,1300,3040,0.0,芝,左,2000,0,0,2023-02-05 15:35:00
202307011212,12,4歳以上2勝クラス,晴,1,中京,11,2,2,8,10,3,3,2390,290,110,140,2100,1730,550,960,190,6520,1850,23770,0.0,芝,左,1200,0,0,2023-02-05 16:10:00
202309010101,1,3歳未勝利,晴,1,阪神,12,7,9,8,12,1,1,990,200,110,130,560,870,320,480,180,2780,980,10590,0.0,ダ,右,1800,0,0,2023-02-11 10:01:00
202309010102,2,3歳未勝利,晴,1,阪神,16,4,7,1,1,2,4,240,120,410,270,1980,2430,820,520,1970,3380,5090,22980,0.0,ダ,右,1200,0,0,2023-02-11 10:30:00
202309010103,3,3歳未勝利,晴,1,阪神,10,7,7,1,1,5,5,490,200,450,160,1950,3710,860,430,1150,6240,3900,26760,0.0,ダ,右,1800,0,0,2023-02-11 11:00:00
202309010104,4,3歳新馬,晴,1,阪神,16,8,15,4,8,2,3,610,200,150,990,450,1200,470,5110,3010,2780,25710,162610,0.0,ダ,右,1200,0,0,2023-02-11 11:30:00
202309010105,5,3歳未勝利,晴,1,阪神,18,5,10,3,6,7,15,6320,1010,180,130,1450,12700,3310,2190,240,38240,9890,118410,0.0,芝,右,1600,0,0,2023-02-11 12:20:00
202309010106,6,3歳1勝クラス,晴,1,阪神,10,8,9,6,6,7,8,1040,220,280,160,4820,9360,2350,630,930,18730,10750,111190,0.0,ダ,右,1400,0,0,2023-02-11 12:55:00
202309010107,7,4歳以上1勝クラス,晴,1,阪神,8,3,3,8,8,6,6,330,210,150,200,620,0,200,310,260,1170,720,4040,0.0,ダ,右,1800,0,0,2023-02-11 13:25:00
202309010108,8,4歳以上1勝クラス,晴,1,阪神,14,8,14,3,4,1,1,1330,390,260,280,470,5130,1460,1490,890,9440,9550,61810,0.0,ダ,右,1200,0,0,2023-02-11 13:55:00
202309010109,9,須磨特別 ,晴,1,阪神,10,2,2,7,8,3,3,1610,440,110,230,1680,1720,610,970,310,4680,2390,18840,0.0,芝,右,1800,0,0,2023-02-11 14:25:00
202309010110,10,但馬ステークス ,晴,1,阪神,13,4,4,2,2,6,9,440,210,180,740,860,960,440,1840,1890,1760,11220,52120,0.0,芝,右,2000,0,0,2023-02-11 15:01:00
202309010111,11,洛陽ステークス(L),晴,1,阪神,11,2,2,6,7,3,3,290,150,600,450,560,3800,1460,990,4230,5320,16260,65870,0.0,芝,右,1600,0,0,2023-02-11 15:35:00
202309010112,12,4歳以上2勝クラス,晴,1,阪神,10,1,1,7,7,5,5,440,150,110,300,340,350,190,950,570,1020,1670,8560,0.0,ダ,右,2000,0,0,2023-02-11 16:10:00
202309010201,1,3歳未勝利,晴,1,阪神,16,3,5,4,8,1,2,240,140,230,440,250,1260,550,1030,2900,1780,8730,25340,0.0,ダ,右,1200,0,0,2023-02-12 10:01:00
202309010202,2,3歳未勝利,晴,1,阪神,11,7,8,1,1,6,7,1540,480,910,420,22160,16090,3450,1560,3560,30870,42140,318940,0.0,ダ,右,1800,0,0,2023-02-12 10:30:00
202309010203,3,3歳未勝利,晴,1,阪神,16,2,3,3,5,1,1,870,320,300,240,700,4070,1140,860,1280,6720,8490,44810,0.0,ダ,右,1400,0,0,2023-02-12 11:00:00
202309010204,4,3歳新馬,晴,1,阪神,13,7,11,8,13,1,1,230,120,190,120,740,1160,410,200,500,1650,1100,5660,0.0,ダ,右,1800,0,0,2023-02-12 11:30:00
202309010205,5,3歳未勝利,晴,1,阪神,10,4,4,5,5,1,1,440,140,130,140,890,850,310,330,260,1950,970,6970,0.0,芝,右,1800,0,0,2023-02-12 12:20:00
202309010206,6,3歳未勝利,晴,1,阪神,12,6,7,8,12,6,8,530,120,110,110,250,1000,210,150,150,2110,250,3240,0.0,芝,右,2000,0,0,2023-02-12 12:50:00
202309010207,7,4歳以上1勝クラス,晴,1,阪神,16,4,8,5,10,6,11,440,170,160,230,600,920,360,740,660,1680,2840,11690,0.0,ダ,右,1400,0,0,2023-02-12 13:20:00
202309010208,8,こぶし賞 ,晴,1,阪神,7,4,4,3,3,6,6,240,150,330,0,1190,0,300,160,350,1870,810,4910,0.0,芝,右,1600,0,0,2023-02-12 13:50:00
202309010209,9,4歳以上1勝クラス,晴,1,阪神,17,1,1,8,16,5,9,170,110,190,210,510,720,360,330,980,860,1810,4610,0.0,芝,右,1600,0,0,2023-02-12 14:25:00
202309010210,10,茨木ステークス ,晴,1,阪神,13,5,7,8,12,7,11,240,140,280,220,1350,1360,490,480,1240,2120,3900,15760,0.0,ダ,右,1800,0,0,2023-02-12 15:01:00
202309010211,11,第116回京都記念(G2),晴,1,阪神,13,8,12,1,1,6,8,250,130,300,220,1880,1950,690,460,1170,2510,3470,14320,0.0,芝,右,2200,0,0,2023-02-12 15:35:00
202309010212,12,4歳以上2勝クラス,晴,1,阪神,16,6,11,6,12,5,9,2360,560,260,510,7720,7420,2500,5460,2320,20370,46170,283410,0.0,ダ,右,1200,0,0,2023-02-12 16:10:00
202309010301,1,3歳未勝利,曇,1,阪神,12,5,6,3,3,7,9,2650,340,110,120,2310,2230,600,820,160,6330,1370,19570,0.0,ダ,右,1800,0,0,2023-02-18 10:01:00
202309010302,2,3歳未勝利,曇,1,阪神,16,7,14,4,8,8,15,390,130,110,210,220,300,190,660,330,840,880,4010,0.0,ダ,右,1200,0,0,2023-02-18 10:30:00
202309010303,3,3歳未勝利,曇,1,阪神,9,1,1,5,5,2,2,530,160,270,140,2820,2440,690,320,580,4090,1640,12170,0.0,ダ,右,1800,0,0,2023-02-18 11:00:00
202309010304,4,3歳未勝利,曇,1,阪神,16,3,6,4,7,2,3,1320,530,720,680,5760,11660,2270,3020,2850,20100,51380,451810,0.0,ダ,右,1400,0,0,2023-02-18 11:30:00
202309010305,5,3歳新馬,曇,1,阪神,16,1,1,4,8,5,10,1830,550,230,380,4260,5440,2260,3170,1370,14040,18330,129840,0.0,ダ,右,1800,0,0,2023-02-18 12:20:00
202309010306,6,3歳未勝利,曇,1,阪神,15,8,14,7,13,8,15,150,110,310,280,740,1150,480,390,1720,1530,2790,8360,0.0,芝,右,2400,0,0,2023-02-18 12:55:00
202309010307,7,4歳以上1勝クラス,曇,1,阪神,8,7,7,4,4,2,2,1090,260,290,280,3620,0,1070,1020,730,8260,6250,64200,0.0,芝,右,2000,0,0,2023-02-18 13:25:00
202309010308,8,3歳1勝クラス,曇,1,阪神,16,1,2,7,14,6,11,1570,410,500,2780,2930,10660,3260,32160,22320,22500,348170,2610620,0.0,ダ,右,1800,0,0,2023-02-18 13:55:00
202309010309,9,つばき賞 ,曇,1,阪神,12,8,11,3,3,6,8,150,110,930,150,5520,8880,2340,190,3850,10300,8390,46790,0.0,芝,右,1800,0,0,2023-02-18 14:25:00
202309010310,10,播磨ステークス ,曇,1,阪神,16,8,15,7,13,4,8,6440,960,180,110,3240,25110,5330,2080,290,80960,10320,214550,0.0,ダ,右,1400,0,0,2023-02-18 15:01:00
202309010311,11,第58回京都牝馬ステークス(G3),曇,1,阪神,18,3,5,7,13,8,18,510,160,150,210,540,940,400,690,670,1940,2520,9780,0.0,芝,右,1400,0,0,2023-02-18 15:35:00
202309010312,12,4歳以上2勝クラス,曇,1,阪神,14,6,10,4,6,7,12,680,180,190,150,1250,1960,690,360,410,3680,1790,14360,0.0,ダ,右,1400,0,0,2023-02-18 16:10:00
202309010401,1,3歳未勝利,小雨,4,阪神,13,7,10,8,13,6,9,160,110,470,120,2560,4070,1070,170,1590,4400,2680,13550,0.0,ダ,右,1800,1,0,2023-02-19 09:55:00
202309010402,2,3歳未勝利,小雨,4,阪神,16,8,15,3,5,5,9,390,180,370,320,1290,2850,1040,1060,3150,5640,11210,49320,0.0,ダ,右,1400,1,0,2023-02-19 10:25:00
202309010403,3,3歳未勝利,小雨,4,阪神,11,6,6,4,4,8,10,350,160,560,240,2690,4100,1360,860,2150,5940,10890,58010,0.0,ダ,右,2000,1,0,2023-02-19 10:55:00
202309010404,4,3歳新馬,小雨,4,阪神,16,8,15,2,3,8,16,290,140,250,180,360,1700,660,360,850,2740,2610,11380,0.0,ダ,右,1400,1,0,2023-02-19 11:25:00
202309010405,5,3歳未勝利,小雨,4,阪神,17,8,16,4,8,4,7,190,110,190,770,520,620,270,1530,2640,890,10810,31680,0.0,芝,右,1800,1,0,2023-02-19 12:15:00
202309010406,6,3歳1勝クラス,小雨,4,阪神,11,7,9,6,6,8,11,300,130,160,160,650,800,370,410,540,1320,1530,5550,0.0,芝,右,1400,1,0,2023-02-19 12:45:00
202309010407,7,4歳以上1勝クラス,曇,4,阪神,13,5,7,7,10,8,12,410,130,140,110,660,850,290,200,190,1770,490,3400,0.0,ダ,右,1800,0,0,2023-02-19 13:15:00
202309010408,8,4歳以上1勝クラス,曇,4,阪神,15,8,15,5,9,3,5,520,230,910,200,1820,11810,2980,710,3330,17630,20130,151360,0.0,ダ,右,1200,0,0,2023-02-19 13:45:00
202309010409,9,川西特別 ,曇,4,阪神,11,4,4,6,7,7,8,570,200,170,290,1200,1050,420,1190,820,2090,3930,15510,0.0,ダ,右,1800,0,0,2023-02-19 14:15:00
202309010410,10,武庫川ステークス ,曇,4,阪神,14,4,6,1,1,3,3,630,270,630,280,2990,9570,2790,650,2680,15760,20190,121900,0.0,芝,右,1600,0,0,2023-02-19 14:50:00
202309010411,11,大和ステークス ,曇,4,阪神,16,1,2,8,16,7,14,330,150,290,200,1010,1860,740,400,1210,3270,3830,17160,0.0,ダ,右,1200,0,0,2023-02-19 15:30:00
202309010412,12,4歳以上2勝クラス,曇,4,阪神,11,8,10,7,8,4,4,330,150,210,800,400,1330,490,1690,2870,2110,12550,47610,0.0,芝,右,1600,0,0,2023-02-19 16:10:00
202309010501,1,3歳未勝利,晴,4,阪神,13,6,8,4,5,2,2,190,110,230,350,350,670,320,510,1160,1160,2540,8550,0.0,ダ,右,1800,0,0,2023-02-25 09:55:00
202309010502,2,3歳未勝利,晴,4,阪神,14,3,4,6,10,4,5,430,160,190,770,360,1140,440,2650,3940,2090,11270,51040,0.0,ダ,右,1200,0,0,2023-02-25 10:25:00
202309010503,3,3歳未勝利,晴,4,阪神,16,6,11,3,5,5,10,340,170,180,1150,350,720,400,4980,5610,1450,17870,60720,0.0,ダ,右,1400,0,0,2023-02-25 10:55:00
202309010504,4,3歳未勝利,晴,4,阪神,16,8,15,6,12,1,2,250,120,150,170,770,770,280,300,530,1350,1630,6250,0.0,芝,右,2000,0,0,2023-02-25 11:25:00
202309010505,5,3歳1勝クラス,晴,4,阪神,16,1,2,3,5,2,3,670,210,380,400,880,3940,1350,1680,2260,7090,18840,93330,0.0,ダ,右,1200,0,0,2023-02-25 12:15:00
202309010506,6,4歳以上1勝クラス,晴,4,阪神,10,7,8,6,6,8,9,240,130,170,140,960,1110,410,260,540,1830,1490,8310,0.0,ダ,右,1800,0,0,2023-02-25 12:45:00
202309010507,7,4歳以上2勝クラス,晴,4,阪神,8,1,1,4,4,7,7,370,150,150,130,1040,0,350,290,220,1710,930,4630,0.0,芝,右,2400,0,0,2023-02-25 13:15:00
202309010508,8,4歳以上1勝クラス,晴,4,阪神,16,7,14,6,11,6,12,500,170,140,170,520,930,380,400,420,2060,1670,7830,0.0,ダ,右,1400,0,0,2023-02-25 13:50:00
202309010509,9,すみれステークス(L),晴,1,阪神,6,3,3,1,1,2,2,180,110,130,0,230,0,120,150,150,340,210,630,0.0,芝,右,2200,0,0,2023-02-25 14:25:00
202309010510,10,伊丹ステークス ,晴,4,阪神,16,2,4,4,7,1,2,470,180,140,590,570,600,300,1770,1050,1450,5310,23870,0.0,ダ,右,1800,0,0,2023-02-25 15:01:00
202309010511,11,仁川ステークス(L),晴,4,阪神,16,1,2,3,6,7,14,520,200,160,770,750,820,410,3030,2010,1780,8750,39820,0.0,ダ,右,2000,0,0,2023-02-25 15:35:00
202309010512,12,4歳以上2勝クラス,晴,1,阪神,15,2,2,3,5,2,3,240,150,280,230,850,1060,420,400,1580,1630,3800,14050,0.0,芝,右,1400,0,0,2023-02-25 16:10:00
202309010601,1,3歳未勝利,曇,4,阪神,16,3,5,1,2,7,14,200,110,130,120,400,470,180,180,240,730,460,1850,0.0,ダ,右,1200,0,0,2023-02-26 10:01:00
202309010602,2,3歳未勝利,曇,4,阪神,13,5,7,8,13,5,6,330,130,160,180,540,820,390,400,1020,1710,1950,8270,0.0,ダ,右,1800,0,0,2023-02-26 10:30:00
202309010603,3,3歳未勝利,曇,4,阪神,15,8,15,4,6,3,5,650,220,280,160,800,3280,1280,610,570,7070,5480,27530,0.0,ダ,右,1400,0,0,2023-02-26 11:00:00
202309010604,4,3歳未勝利,曇,4,阪神,13,4,4,7,11,5,7,570,180,150,140,1100,2020,610,270,270,3580,1500,8120,0.0,ダ,右,1800,0,0,2023-02-26 11:30:00
202309010605,5,3歳未勝利,曇,1,阪神,17,8,17,4,8,1,1,1780,190,110,110,340,1180,370,420,150,4400,770,13490,0.0,芝,右,1600,0,0,2023-02-26 12:20:00
202309010606,6,4歳以上1勝クラス,曇,4,阪神,12,7,10,5,5,4,4,720,220,140,220,630,1540,530,970,470,2790,3920,17160,0.0,ダ,右,1800,0,0,2023-02-26 12:50:00
202309010607,7,4歳以上1勝クラス,曇,4,阪神,15,7,12,8,15,4,7,910,320,3400,290,10100,55360,13930,1580,17670,75250,137210,922310,0.0,ダ,右,1200,0,0,2023-02-26 13:20:00
202309010608,8,4歳以上2勝クラス,曇,4,阪神,16,1,1,4,8,6,12,1230,380,270,400,2800,3860,1470,2450,1720,8740,14620,82190,0.0,ダ,右,1800,0,0,2023-02-26 13:50:00
202309010609,9,松籟ステークス ,曇,1,阪神,13,8,12,6,8,5,7,6480,1260,160,470,1960,8510,2110,12910,1300,23970,42780,460400,0.0,芝,右,3000,0,0,2023-02-26 14:25:00
202309010610,10,マーガレットS(L),曇,1,阪神,10,4,4,3,3,8,9,130,110,290,410,970,1010,460,680,3550,1240,6370,15730,0.0,芝,右,1200,0,0,2023-02-26 15:01:00
202309010611,11,第67回阪急杯(G3),曇,1,阪神,16,6,11,3,5,8,15,380,190,360,550,2430,2430,870,1190,2550,3820,11530,44260,0.0,芝,右,1400,0,0,2023-02-26 15:35:00
202309010612,12,4歳以上2勝クラス,曇,4,阪神,16,6,12,4,7,7,13,1090,290,200,330,1810,2970,870,1670,830,6450,8310,54500,0.0,ダ,右,1200,0,0,2023-02-26 16:10:00
202310010701,1,3歳未勝利,曇,4,小倉,12,7,9,6,7,8,12,190,110,110,120,140,150,110,230,220,270,250,810,0.0,ダ,右,1700,0,0,2023-02-04 09:50:00
202310010702,2,3歳未勝利,曇,1,小倉,13,4,5,6,8,8,12,170,110,150,130,430,710,280,200,570,990,920,3600,0.0,芝,右,1800,0,0,2023-02-04 10:20:00
202310010703,3,3歳未勝利,曇,4,小倉,14,3,4,6,10,4,6,190,110,170,220,320,610,320,480,1170,820,2540,6430,0.0,ダ,右,1000,0,0,2023-02-04 10:50:00
202310010704,4,障害4歳以上オープン,曇,1,小倉,14,6,9,7,11,3,3,180,110,190,130,810,930,370,190,650,1260,1360,4550,1.0,芝,直進,3390,0,0,2023-02-04 11:20:00
202310010705,5,障害4歳以上未勝利,曇,1,小倉,12,6,7,4,4,3,3,150,110,290,210,1390,1570,600,410,1270,1760,3270,9000,1.0,芝,直進,2860,0,0,2023-02-04 12:10:00
202310010706,6,3歳未勝利,曇,1,小倉,9,4,4,2,2,3,3,280,110,140,110,820,900,240,120,200,1650,300,2840,0.0,芝,右,2000,0,0,2023-02-04 12:45:00
202310010707,7,4歳以上1勝クラス,晴,4,小倉,13,1,1,4,5,4,4,450,150,120,170,440,590,210,330,410,1210,1070,5210,0.0,ダ,右,1700,0,0,2023-02-04 13:15:00
202310010708,8,4歳以上1勝クラス,晴,1,小倉,15,6,11,2,3,7,13,400,170,270,160,1280,1550,500,570,1330,3250,5250,22010,0.0,芝,右,2000,0,0,2023-02-04 13:45:00
202310010709,9,かささぎ賞 ,晴,1,小倉,13,4,5,4,4,1,1,1000,220,140,180,1440,1360,540,900,440,3110,3050,17150,0.0,芝,右,1200,0,0,2023-02-04 14:15:00
202310010710,10,有田特別 ,晴,4,小倉,14,3,3,1,1,3,4,460,190,600,310,4870,6870,1890,730,3630,11300,19680,83080,0.0,ダ,右,1000,0,0,2023-02-04 14:50:00
202310010711,11,別府特別 ,晴,1,小倉,14,5,7,8,14,6,10,470,170,180,250,1370,1450,650,860,1000,2740,4000,20140,0.0,芝,右,1800,0,0,2023-02-04 15:25:00
202310010712,12,4歳以上1勝クラス,晴,1,小倉,18,1,1,1,2,3,5,640,260,380,630,2880,2680,920,2650,3460,4870,16430,68100,0.0,芝,右,1200,0,0,2023-02-04 16:01:00
202310010801,1,3歳未勝利,晴,1,小倉,15,2,2,3,4,7,12,1970,670,210,580,890,7820,2720,9310,3850,20800,90960,465660,0.0,ダ,右,1700,0,0,2023-02-05 09:50:00
202310010802,2,3歳未勝利,晴,1,小倉,14,3,3,6,9,8,14,250,130,160,140,810,1000,320,280,540,1470,1490,5770,0.0,芝,右,1800,0,0,2023-02-05 10:20:00
202310010803,3,4歳以上1勝クラス,晴,1,小倉,14,8,14,6,9,2,2,1150,310,140,430,670,1970,800,2870,1110,4350,9490,47670,0.0,ダ,右,1000,0,0,2023-02-05 10:50:00
202310010804,4,障害4歳以上未勝利,晴,1,小倉,12,7,10,2,2,4,4,410,130,110,170,350,390,190,350,310,910,1010,5380,1.0,芝,直進,2860,0,0,2023-02-05 11:25:00
202310010805,5,3歳新馬,晴,1,小倉,16,2,3,5,10,3,5,2330,570,200,1130,2590,5680,1830,7740,4890,14710,69560,481630,0.0,芝,右,2000,0,0,2023-02-05 12:10:00
202310010806,6,3歳未勝利,晴,1,小倉,18,4,8,7,15,8,16,240,140,400,420,1010,1810,710,810,3140,2730,7680,28170,0.0,芝,右,1200,0,0,2023-02-05 12:40:00
202310010807,7,3歳未勝利,晴,1,小倉,9,4,4,2,2,7,7,170,110,130,110,500,370,170,180,300,570,400,1530,0.0,芝,右,2000,0,0,2023-02-05 13:10:00
202310010808,8,4歳以上1勝クラス,晴,1,小倉,12,8,11,1,1,5,6,3730,840,190,490,1080,7570,2370,9600,1600,25220,45960,350240,0.0,ダ,右,2400,0,0,2023-02-05 13:40:00
202310010809,9,合馬特別 ,晴,1,小倉,18,3,6,7,13,1,1,580,280,320,1550,1260,3250,1240,8840,9380,6240,121690,431860,0.0,芝,右,1200,0,0,2023-02-05 14:15:00
202310010810,10,由布院特別 ,晴,1,小倉,16,6,12,4,7,1,1,1860,480,170,240,1620,4260,1450,2060,560,10940,8160,68320,0.0,ダ,右,1700,0,0,2023-02-05 14:50:00
202310010811,11,関門橋ステークス ,晴,1,小倉,15,7,13,3,4,7,12,280,130,230,140,420,1810,640,220,820,2780,1990,10900,0.0,芝,右,2000,0,0,2023-02-05 15:25:00
202310010812,12,4歳以上1勝クラス,晴,1,小倉,16,1,2,5,9,1,1,700,290,310,1130,910,2450,980,3840,5790,5000,32910,154540,0.0,芝,右,1800,0,0,2023-02-05 16:01:00
202310020101,1,3歳未勝利,晴,2,小倉,16,7,13,4,8,5,9,280,160,390,770,1390,2940,1020,1750,5690,4060,21280,73990,0.0,ダ,右,1700,0,0,2023-02-11 09:50:00
202310020102,2,3歳未勝利,晴,3,小倉,13,5,6,7,10,6,8,650,150,140,110,760,1670,500,250,270,3120,1060,7870,0.0,芝,右,1800,0,0,2023-02-11 10:20:00
202310020103,3,4歳以上1勝クラス,晴,2,小倉,14,4,6,8,14,4,5,280,150,540,180,2150,5170,1470,410,1700,7670,5500,34610,0.0,ダ,右,1000,0,0,2023-02-11 10:50:00
202310020104,4,障害4歳以上未勝利,晴,3,小倉,12,8,12,6,7,6,8,410,140,260,120,420,2820,810,240,540,4400,1800,13240,1.0,芝,直進,2860,0,0,2023-02-11 11:20:00
202310020105,5,障害4歳以上オープン,晴,3,小倉,11,5,5,6,6,4,4,220,150,270,500,550,1620,680,1760,1700,2070,9970,30590,1.0,芝,直進,2860,0,0,2023-02-11 12:10:00
202310020106,6,3歳未勝利,晴,3,小倉,18,8,16,7,14,4,8,400,150,140,180,490,980,390,590,510,1830,1950,6920,0.0,芝,右,1200,0,0,2023-02-11 12:45:00
202310020107,7,3歳未勝利,晴,3,小倉,11,7,8,6,7,8,11,200,110,280,150,750,1190,480,210,960,1950,1070,5390,0.0,芝,右,1800,0,0,2023-02-11 13:15:00
202310020108,8,4歳以上1勝クラス,晴,2,小倉,16,2,4,4,8,5,9,630,210,2590,150,4300,57520,15550,560,8410,78850,68900,471790,0.0,ダ,右,1700,0,0,2023-02-11 13:45:00
202310020109,9,唐戸特別 ,晴,3,小倉,12,7,10,6,8,4,4,400,160,860,390,1060,6950,2330,900,4510,11100,21720,98050,0.0,芝,右,2000,0,0,2023-02-11 14:15:00
202310020110,10,大濠特別 ,曇,3,小倉,18,7,15,1,1,5,10,2140,810,220,540,1360,8190,3210,6920,2490,17620,45060,286090,0.0,芝,右,1200,0,0,2023-02-11 14:50:00
202310020111,11,和布刈特別 ,曇,2,小倉,15,3,4,8,15,6,10,240,120,170,150,600,810,360,330,520,1250,1250,4000,0.0,ダ,右,1700,0,0,2023-02-11 15:25:00
202310020112,12,4歳以上1勝クラス,曇,3,小倉,14,5,8,7,12,6,10,650,190,160,330,480,1300,500,1360,940,2870,5500,27560,0.0,芝,右,2000,0,0,2023-02-11 16:01:00
202310020201,1,3歳未勝利,晴,3,小倉,16,3,5,6,11,2,4,1860,640,410,520,1370,6240,1720,2310,1290,11110,20530,151110,0.0,ダ,右,1700,0,0,2023-02-12 09:50:00
202310020202,2,3歳未勝利,晴,4,小倉,18,3,6,4,8,2,4,640,210,190,720,1460,1460,580,2240,2300,3020,11310,51460,0.0,芝,右,1200,0,0,2023-02-12 10:20:00
202310020203,3,3歳未勝利,晴,3,小倉,14,7,12,2,2,5,7,2020,620,230,530,6160,6410,2220,4600,1620,11320,27430,117970,0.0,ダ,右,1000,0,0,2023-02-12 10:50:00
202310020204,4,障害4歳以上未勝利,晴,4,小倉,12,7,9,3,3,2,2,760,250,230,210,1990,4350,1300,1070,680,9770,7470,68920,1.0,芝,直進,2860,0,0,2023-02-12 11:20:00
202310020205,5,3歳未勝利,晴,4,小倉,13,6,9,2,2,5,7,360,160,160,170,1090,1190,500,550,440,1930,2110,7860,0.0,芝,右,2000,0,0,2023-02-12 12:10:00
202310020206,6,4歳以上1勝クラス,晴,4,小倉,18,8,16,7,15,6,11,1040,390,450,240,1700,8110,2830,1450,2460,13390,21070,122310,0.0,芝,右,1200,0,0,2023-02-12 12:40:00
202310020207,7,4歳以上1勝クラス,晴,4,小倉,8,5,5,7,7,8,8,3350,290,110,120,2190,0,480,1020,160,8030,1770,22620,0.0,芝,右,2600,0,0,2023-02-12 13:10:00
202310020208,8,4歳以上1勝クラス,晴,3,小倉,14,8,14,6,9,2,2,280,170,220,260,890,1480,550,480,920,2440,3090,13520,0.0,ダ,右,1700,0,0,2023-02-12 13:40:00
202310020209,9,あすなろ賞 ,晴,4,小倉,14,7,12,5,8,6,9,400,200,500,820,1260,5060,1460,3090,5400,7650,34680,142640,0.0,芝,右,2000,0,0,2023-02-12 14:15:00
202310020210,10,太宰府特別 ,晴,4,小倉,16,6,11,7,13,4,7,490,250,1170,270,3020,12050,3410,1130,4030,18600,31730,165250,0.0,芝,右,1800,0,0,2023-02-12 14:50:00
202310020211,11,北九州短距離S ,晴,4,小倉,18,6,11,6,12,8,17,770,280,350,280,5250,5110,1500,1070,1540,9770,10600,59480,0.0,芝,右,1200,0,0,2023-02-12 15:25:00
202310020212,12,4歳以上1勝クラス,晴,3,小倉,16,8,16,3,6,1,1,280,150,320,1110,980,1880,750,2560,7850,2760,32660,91820,0.0,ダ,右,1700,0,0,2023-02-12 16:01:00
202310020301,1,3歳未勝利,曇,4,小倉,16,5,10,7,14,8,15,290,110,130,110,470,610,220,150,240,1080,430,3090,0.0,ダ,右,1700,0,0,2023-02-18 09:50:00
202310020302,2,3歳未勝利,曇,4,小倉,17,5,9,1,2,7,13,280,150,180,260,710,930,320,500,890,1400,2510,9180,0.0,芝,右,2000,0,0,2023-02-18 10:20:00
202310020303,3,3歳未勝利,曇,4,小倉,14,3,3,7,11,6,9,390,160,130,370,500,600,260,900,880,1340,3020,11050,0.0,ダ,右,1000,0,0,2023-02-18 10:50:00
202310020304,4,障害4歳以上未勝利,小雨,4,小倉,12,3,3,6,7,4,4,180,110,260,190,1310,1260,410,300,1130,1610,2300,7070,1.0,芝,直進,2860,1,0,2023-02-18 11:20:00
202310020305,5,障害4歳以上オープン,小雨,4,小倉,12,7,9,8,11,4,4,1450,320,210,640,1130,3430,1210,4120,2780,7470,19210,100830,1.0,芝,直進,3390,1,0,2023-02-18 12:10:00
202310020306,6,3歳未勝利,小雨,4,小倉,18,7,15,5,10,6,11,670,280,410,180,980,6570,2060,900,1450,12210,10760,58710,0.0,芝,右,1200,1,0,2023-02-18 12:45:00
202310020307,7,4歳以上1勝クラス,曇,4,小倉,12,6,8,1,1,2,2,580,220,180,530,990,1350,630,1270,1510,2930,5800,22900,0.0,ダ,右,2400,0,0,2023-02-18 13:15:00
202310020308,8,4歳以上1勝クラス,曇,4,小倉,16,5,10,6,12,6,11,330,160,410,420,1410,2450,880,1490,3110,3680,13190,57930,0.0,芝,右,1800,0,0,2023-02-18 13:45:00
202310020309,9,秋吉台特別 ,小雨,4,小倉,12,8,12,6,7,3,3,200,120,380,300,1330,1580,680,440,2730,2590,5070,18000,0.0,ダ,右,1700,1,0,2023-02-18 14:15:00
202310020310,10,皿倉山特別 ,小雨,4,小倉,11,8,11,7,9,4,4,1290,350,160,190,1070,2790,1010,1000,510,7090,4670,40790,0.0,芝,右,2600,1,0,2023-02-18 14:50:00
202310020311,11,紫川特別 ,小雨,4,小倉,18,5,10,7,13,6,11,2290,690,380,320,5170,16210,4470,2040,1450,34800,36430,287170,0.0,芝,右,1200,1,0,2023-02-18 15:25:00
202310020312,12,4歳以上1勝クラス,小雨,4,小倉,16,6,12,8,16,5,9,1470,510,300,830,1210,9340,3450,8070,6070,18820,96980,481100,0.0,芝,右,1800,1,0,2023-02-18 16:01:00
202310020401,1,3歳未勝利,小雨,2,小倉,16,8,16,2,4,3,6,550,200,180,300,980,1660,550,910,830,2560,4330,19870,0.0,ダ,右,1700,1,0,2023-02-19 09:50:00
202310020402,2,3歳未勝利,小雨,3,小倉,18,5,9,7,15,4,8,1080,370,620,210,1020,14130,4680,1230,2260,31690,22300,178710,0.0,芝,右,1200,1,0,2023-02-19 10:15:00
202310020403,3,4歳以上1勝クラス,小雨,2,小倉,14,2,2,8,14,1,1,420,170,220,430,660,1430,590,930,2100,2440,7970,32060,0.0,ダ,右,1000,1,0,2023-02-19 10:45:00
202310020404,4,障害4歳以上未勝利,曇,3,小倉,12,4,4,7,10,6,8,840,400,310,240,4870,3360,1340,680,740,9290,3430,34570,1.0,芝,直進,2860,0,0,2023-02-19 11:15:00
202310020405,5,3歳未勝利,曇,3,小倉,18,5,10,8,16,1,1,380,230,930,2170,1850,10000,3380,10550,40750,14600,326060,812600,0.0,芝,右,2000,0,0,2023-02-19 12:05:00
202310020406,6,3歳未勝利,曇,3,小倉,16,1,2,8,15,4,7,380,170,220,420,1310,1570,790,950,2240,3060,10950,43630,0.0,芝,右,1800,0,0,2023-02-19 12:35:00
202310020407,7,4歳以上1勝クラス,曇,2,小倉,9,1,1,4,4,5,5,200,120,230,610,620,570,310,1140,3870,1060,4640,13970,0.0,ダ,右,1700,0,0,2023-02-19 13:05:00
202310020408,8,4歳以上1勝クラス,晴,3,小倉,18,3,6,7,14,3,5,1110,280,930,260,670,28530,6790,1150,5790,50630,66440,448360,0.0,芝,右,1200,0,0,2023-02-19 13:35:00
202310020409,9,国東特別 ,晴,3,小倉,11,6,6,6,7,3,3,350,150,340,150,3310,2990,1050,320,1060,5280,4130,23160,0.0,芝,右,2000,0,0,2023-02-19 14:05:00
202310020410,10,伊万里特別 ,晴,2,小倉,14,7,12,2,2,1,1,1410,370,210,310,1600,4120,1370,2970,960,10340,15250,104940,0.0,ダ,右,1000,0,0,2023-02-19 14:40:00
202310020411,11,第57回小倉大賞典(G3),晴,3,小倉,16,3,6,1,1,4,7,490,220,480,470,1060,3750,1280,1600,4240,6560,23680,101440,0.0,芝,右,1800,0,0,2023-02-19 15:20:00
202310020412,12,4歳以上1勝クラス,晴,3,小倉,18,5,9,8,17,7,14,1190,380,2160,190,1150,57320,18220,1210,7630,120500,111650,919530,0.0,芝,右,1200,0,0,2023-02-19 16:01:00
202310020501,1,3歳未勝利,曇,4,小倉,15,4,7,6,11,7,13,21500,2620,170,110,18170,43970,6950,4840,240,133610,25250,330270,0.0,ダ,右,1700,0,0,2023-02-25 09:50:00
202310020502,2,3歳未勝利,曇,4,小倉,18,7,14,5,10,3,5,380,180,2560,400,5910,23890,6990,1410,15910,37350,97070,473700,0.0,芝,右,1200,0,0,2023-02-25 10:15:00
202310020503,3,4歳以上1勝クラス,曇,4,小倉,14,6,9,3,3,4,6,190,110,270,310,570,1160,450,740,3160,1560,6070,21030,0.0,ダ,右,1000,0,0,2023-02-25 10:45:00
202310020504,4,障害4歳以上未勝利,曇,4,小倉,12,5,6,8,12,3,3,1340,440,150,270,550,3790,1480,1880,800,8660,10510,66260,1.0,芝,直進,2860,0,0,2023-02-25 11:15:00
202310020505,5,3歳未勝利,曇,4,小倉,16,1,1,4,7,7,13,4300,830,210,170,4960,8870,1990,2020,600,22430,11290,126880,0.0,芝,右,1800,0,0,2023-02-25 12:05:00
202310020506,6,3歳未勝利,曇,4,小倉,13,6,9,8,13,7,10,400,140,150,150,430,700,320,300,370,1320,1300,5710,0.0,芝,右,2000,0,0,2023-02-25 12:35:00
202310020507,7,4歳以上1勝クラス,曇,4,小倉,12,5,6,5,5,4,4,200,120,560,240,2520,2360,930,340,2460,3790,4050,17070,0.0,ダ,右,1700,0,0,2023-02-25 13:05:00
202310020508,8,春麗ジャンプS ,曇,4,小倉,14,5,7,1,1,6,9,450,160,300,330,1870,1570,690,760,2140,2860,5480,20450,1.0,芝,直進,3390,0,0,2023-02-25 13:40:00
202310020509,9,あざみ賞 ,曇,4,小倉,15,6,10,7,12,8,15,540,180,210,280,1280,1470,560,890,700,2790,3660,21200,0.0,芝,右,1200,0,0,2023-02-25 14:15:00
202310020510,10,脊振山特別 ,曇,4,小倉,12,8,12,6,7,3,3,1400,320,170,1220,440,2840,1000,7120,4250,6480,40020,270250,0.0,芝,右,2600,0,0,2023-02-25 14:50:00
202310020511,11,早鞆特別 ,曇,4,小倉,16,3,6,2,4,4,7,1300,480,970,840,3250,9410,2780,6110,13240,19540,179760,953920,0.0,ダ,右,1700,0,0,2023-02-25 15:25:00
202310020512,12,4歳以上1勝クラス,曇,4,小倉,18,6,11,3,6,8,16,570,200,370,240,4270,4720,1620,670,1480,7990,6810,42870,0.0,芝,右,1200,0,0,2023-02-25 16:01:00
202310020601,1,3歳未勝利,晴,4,小倉,16,8,16,6,12,4,8,1050,270,120,140,1470,1800,750,920,280,3540,2410,14830,0.0,ダ,右,1700,0,0,2023-02-26 09:50:00
202310020602,2,3歳未勝利,晴,4,小倉,18,3,6,4,8,6,12,1180,390,190,190,1750,5900,2010,1280,660,9790,6670,47820,0.0,芝,右,1200,0,0,2023-02-26 10:20:00
202310020603,3,3歳未勝利,晴,4,小倉,14,7,12,7,11,8,13,1590,320,150,250,1910,2070,670,1500,480,5380,4070,30390,0.0,ダ,右,1000,0,0,2023-02-26 10:50:00
202310020604,4,障害4歳以上未勝利,晴,4,小倉,12,1,1,4,4,5,6,720,220,170,260,1280,1410,570,1320,810,3200,5680,33500,1.0,芝,直進,2860,0,0,2023-02-26 11:20:00
202310020605,5,3歳未勝利,晴,1,小倉,16,5,10,8,16,6,11,530,180,210,250,1050,1600,540,710,760,2980,4120,19940,0.0,芝,右,1800,0,0,2023-02-26 12:10:00
202310020606,6,4歳以上1勝クラス,晴,1,小倉,18,7,15,8,18,3,6,270,140,360,290,940,1760,710,710,2310,2670,5830,20150,0.0,芝,右,1200,0,0,2023-02-26 12:40:00
202310020607,7,4歳以上1勝クラス,晴,1,小倉,13,8,12,8,13,6,9,1650,380,160,1800,2330,2580,770,18110,4870,5680,51760,354640,0.0,芝,右,2000,0,0,2023-02-26 13:10:00
202310020608,8,3歳1勝クラス,晴,4,小倉,16,2,4,6,12,4,7,5140,1100,260,630,2610,20210,4830,7030,2310,57120,85710,715040,0.0,ダ,右,1700,0,0,2023-02-26 13:40:00
202310020609,9,高千穂特別 ,晴,1,小倉,15,6,11,6,10,7,12,450,190,550,320,3210,3830,1250,800,2520,5800,10590,37150,0.0,芝,右,1800,0,0,2023-02-26 14:15:00
202310020610,10,八代特別 ,晴,1,小倉,18,5,10,5,9,4,8,770,190,110,790,590,700,340,3680,1670,1850,8310,50510,0.0,芝,右,2000,0,0,2023-02-26 14:50:00
202310020611,11,下関ステークス ,晴,1,小倉,17,6,11,4,8,6,12,490,190,250,350,1620,2180,850,1180,1720,3580,7530,35660,0.0,芝,右,1200,0,0,2023-02-26 15:25:00
202310020612,12,4歳以上1勝クラス,晴,4,小倉,16,2,3,1,2,8,16,230,130,170,250,780,940,370,590,1370,1270,3700,11950,0.0,ダ,右,1700,0,0,2023-02-26 16:01:00
