horse_id,bday,tamer_id,owner_id,producer_id,production_area,auction_price,winnings,lifetime_record,wined_race_title,inbreeding_1,inbreeding_2,father,faths_father,faths_mother,mother,moths_father,moths_mother
2003100697,2003年2月12日,01071,948006,220204,新冠町,"9,345万円 (2003年 セレクトセール)
","



3,276万円 (中央) /490万円 (地方)
",39戦2勝 [2-1-3-33],200509030805,2006104798,2008104877,000a00033a,000a0012bf,000a008c1e,000a006894,000a0000d3,000a00a892
2003101859,2003年3月20日,01075,687006,500034,浦河町,"
-
","


5億3,538万円 (中央)

",31戦10勝 [10-4-1-16],200805040211,2002102831,2010104741,000a000d71,000a0019da,000a0095c6,1997100488,000a000d70,000a0063e2
2003102205,2003年3月7日,00216,523005,610012,浦河町,"
-
","


10億6,594万円 (中央)

",27戦9勝 [9-7-2-9],200605030410,2004102198,2006102231,000a000d77,000a00185d,000a009851,1997102385,000a0000cc,1983102786
2003102281,2003年2月12日,01021,966002,400018,浦河町,"
-
","



6,161万円 (中央) /28万円 (地方)
",31戦2勝 [2-1-3-25],200501020110,2006102311,2009100793,1994109686,000a001a8f,000a00039b,000a00686b,000a0019da,000a00b4dc
2003102394,2003年3月8日,00423,331002,500659,浦河町,"
-
","


9,135万円 (中央)

",20戦3勝 [3-2-0-15],200504030811,2006100858,2004104248,1998101516,000a00033a,1987103805,1998103882,1983109006,1980105943
2003102558,2003年3月26日,05646,056002,393126,千歳市,"3億4,650万円 (2003年 セレクトセール)
","


8,909万円 (中央)

",16戦4勝 [4-0-2-10],200608010709,1999106772,2001103120,000a00033a,000a0012bf,000a008c1e,000a0065ba,000a001dcd,000a00a1ec
2003102720,2003年3月14日,00119,542800,owner.netkeiba.com,白老ファーム,白老町,"
-
","


4億6,078万円 (中央)

",2003102720,200607030611,NaN,1992109618,000a00033a,000a00021e,1998101676,1983109006,1988107344
2003102955,2003年4月6日,01011,056002,370126,早来町,"1億395万円 (2003年 セレクトセール)
","


2億7,878万円 (中央)

",24戦5勝 [5-3-0-16],200506050411,2002101006,2006103333,1998110135,000a00013a,000a000071,1996107418,000a00033a,000a00647d
2003102977,2003年3月3日,00348,151006,370126,早来町,"
-
","


2億894万円 (中央)

",45戦5勝 [5-8-7-25],200807020511,1999107052,1996107396,000a00033a,000a0012bf,000a008c1e,1990104462,1983109006,000a000038
2003102986,2003年3月24日,01017,486800,owner.netkeiba.com,ノーザンファーム,早来町,"
-
","


5,738万円 (中央)

",2003102986,200606020206,NaN,1996107396,000a00033a,1990104462,1992109613,000a0002a6,1983104092
2003102991,2003年2月23日,00348,770800,370126,早来町,"1,680万円 (2003年 セレクトセール)
","


7億4,046万円 (中央)

",17戦10勝 [10-2-2-3],200705050810,2008103326,2009106341,000a00010f,000a000134,000a00a55c,1998101750,000a00033a,000a0001b4
2003103038,2003年3月29日,00110,708800,370126,早来町,"6,510万円 (2003年 セレクトセール)
","


7,591万円 (中央)

",28戦5勝 [5-1-1-21],200609010209,2008103374,2012104929,1996190005,000a001c5e,000a00b1c4,1997190001,000a00185c,000a00b1c6
2003103122,2003年4月21日,05106,772002,530373,鵡川町,"262万円 (2004年 北海道オータムセール)
","


7,275万円 (中央)

",12戦3勝 [3-0-1-8],200608010411,2005101851,1999106356,1995104427,000a0000cc,000a0062e2,1993108779,000a00004c,1981100723
2003103165,2003年4月29日,01094,897009,000374,鵡川町,"
-
","



5,271万円 (中央) /58万円 (地方)
",46戦3勝 [3-4-0-39],200506050805,2007102512,2012106330,1995103211,000a00033a,1987101495,1993108581,000a000d12,000a0061e6
2003104910,2003年3月25日,01061,019800,750085,静内町,"
-
","


4億2,009万円 (中央)

",29戦7勝 [7-4-4-14],200907030310,2011102151,2015105855,1995108676,000a0019b4,000a00a4b9,1998104444,000a00033a,1982101897
2003105155,2003年4月23日,00138,078800,940082,静内町,"
-
","


3億276万円 (中央)

",45戦3勝 [3-10-9-23],200806050511,2005100667,2009103939,1996107396,000a00033a,1990104462,1993100885,1983102584,000a00625c
2003110004,2003年2月22日,00386,138007,250883,米,"
-
","


1億51万円 (中央)

",9戦3勝 [3-1-2-3],200606010611,1997110025,2001110087,1996190005,000a001c5e,000a00b1c4,000a00abee,000a001b87,000a00abed
2003110015,2003年3月10日,00427,582008,060881,米,"
-
","



1億6,531万円 (中央) /300万円 (地方)
",31戦4勝 [4-2-3-22],200606040211,2005110047,,000a0000d3,000a000e04,000a000491,000a0101b5,000a001607,000a0085c1
2004100730,2004年4月23日,00301,306008,000319,新冠町,"
-
","


2億3,513万円 (中央)

",30戦6勝 [6-2-2-20],200910010111,2008104881,2010105893,1994108729,000a00033a,1988107344,1999104317,000a0000cc,1987102415
2004100933,2004年5月3日,01044,032800,owner.netkeiba.com,村田牧場,新冠町,"
-
","


4億8,248万円 (中央)

",2004100933,200907020611,NaN,1995104427,000a0000cc,000a0062e2,1998100880,000a000354,1992109410
2004101099,2004年3月31日,00399,546800,owner.netkeiba.com,小河豊水,三石町,"640万円 (2004年 北海道オータムセール)
","


1億1,653万円 (中央)

",2004101099,200705040611,NaN,1997110179,000a0016eb,000a00010c,1996107464,000a00033a,1992110185
2004102272,2004年3月4日,01013,523005,400018,浦河町,"
-
","


1億4,850万円 (中央)

",27戦4勝 [4-3-3-17],200806050712,2008101772,2009100781,1998101554,000a00033a,000a000334,1999110012,000a001e7d,000a000121
2004102495,2004年4月25日,00413,334009,700380,白老町,"
-
","


4,476万円 (中央)

",37戦3勝 [3-0-3-31],200708010609,1999106525,1995103884,1988109108,000a001bda,000a009781,1987105478,000a0004c2,1975102677
2004102753,2004年2月24日,01071,226800,owner.netkeiba.com,社台コーポレーション白老ファーム,白老町,"
-
","


8億4,797万円 (中央)

",2004102753,200906050810,NaN,1994108729,000a00033a,1988107344,1997103540,1987107235,1986104911
2004102834,2004年2月16日,01011,056002,370126,早来町,"1億500万円 (2004年 セレクトセール)
","


1億4,331万円 (中央)

",11戦4勝 [4-0-1-6],200705010411,2005102453,2008103078,1998101786,1983109006,000a00657c,1995107964,000a00033a,000a0062a7
2004102850,2004年3月19日,01101,708800,370126,早来町,"
-
","


8,191万円 (中央)

",39戦3勝 [3-0-2-34],200606050806,2002100816,2001103312,1998101516,000a00033a,1987103805,000a0003a2,000a001cb4,000a00922c
2004102884,2004年4月3日,01002,372006,370126,早来町,"
-
","


2億862万円 (中央)

",16戦3勝 [3-1-2-10],200706030811,2000101561,2001103340,000a000082,000a0012cb,000a00877c,1994108685,1983109006,000a006412
2004102987,2004年2月19日,00348,398002,370126,早来町,"
-
","


2億7,686万円 (中央)

",16戦4勝 [4-2-3-7],200808020711,2006103319,2008103273,1998101516,000a00033a,1987103805,1993109481,000a0016eb,000a000018
2004103163,2004年3月23日,01058,537009,300126,千歳市,"7,455万円 (2004年 セレクトセール)
","


5億1,255万円 (中央)

",23戦6勝 [6-2-2-13],200708040711,2008102831,2006102926,1990109700,000a0000cc,000a00977e,1996107164,000a00033a,000a00631a
2004103171,2004年3月29日,00138,758005,393126,千歳市,"
-
","


6,746万円 (中央)

",9戦1勝 [1-4-0-4],200705010606,1998101548,2008102840,1998101554,000a00033a,000a000334,000a00663f,000a000162,000a000142
2004104892,2004年4月23日,00396,013700,110300,静内町,"
-
","



1億7,000万円 (中央) /88万円 (地方)
",30戦8勝 [8-6-3-13],200709020111,2008100791,2007100758,1993190010,000a001b87,000a00abc0,1993109201,1986109003,000a0000f7
2004105511,2004年4月11日,00395,078006,310359,門別町,"
-
","


6,858万円 (中央)

",20戦3勝 [3-3-4-10],200808020609,2005103035,2006105383,1996107315,000a00033a,000a0064f3,1995101973,000a000d67,1988104558
2004105897,2004年4月15日,01086,453006,510395,門別町,"
-
","



1億2,911万円 (中央) /13万円 (地方)
",22戦2勝 [2-3-1-16],200706010511,2017100643,2013100687,000a000354,000a0016eb,000a00a4ad,1999103771,000a00025e,1987107490
2004110033,2004年4月28日,00201,297002,320885,米,"
-
","



2億1,454万円 (中央) /7,100万円 (地方)
",25戦7勝 [7-8-1-9],200750050410,2007110083,2009105883,000a0022cd,000a001849,000a0090c8,000a010937,000a00185a,000a010936
2004110071,2004年4月27日,01067,584007,190880,米,"
-
","


6,058万円 (中央)

",12戦3勝 [3-1-2-6],200705050710,2011101273,2006110045,000a0022cf,000a001607,000a00b4ce,000a00b4d3,000a001a98,000a00b3f8
2004110153,2004年3月25日,00386,124008,540889,米,"
-
","


1億7,954万円 (中央)

",42戦3勝 [3-7-2-30],200706020811,2007103402,2008103387,000a001c5e,000a001340,000a0085ee,000a0105c5,000a0104d8,000a0104f7
2005100097,2005年4月4日,01085,660007,230071,静内町,"
-
","



6,048万円 (中央) /9億3,025万円 (地方)
",34戦23勝 [23-4-1-6],201043110310,1995101273,2002105650,1999106689,000a00033a,000a0065ef,1988102419,000a000227,1980106180
2005101397,2005年2月13日,00409,331002,230042,浦河町,"
-
","


1億2,509万円 (中央)

",35戦4勝 [4-3-1-27],200805010411,2004103494,2008102018,000a00fa35,000a0022a2,000a00faaf,000a0066de,000a002116,000a00ac48
2005101710,2005年3月30日,01046,561009,010056,浦河町,"
-
","



1億8,420万円 (中央) /700万円 (地方)
",27戦5勝 [5-2-5-15],200808020611,,,1998101516,000a00033a,1987103805,1997104327,000a0000d1,1982103101
2005101851,2005年4月30日,01090,772002,530373,鵡川町,"
-
","


1億9,976万円 (中央)

",25戦5勝 [5-3-2-15],201004020811,1999106356,2003103122,1987105368,1977103827,1977103642,1993108779,000a00004c,1981100723
2005102216,2005年4月5日,00427,415800,owner.netkeiba.com,社台ファーム,千歳市,"
-
","


3億8,097万円 (中央)

",2005102216,200806030811,NaN,1998101516,000a00033a,1987103805,1997103456,1983109006,1990109701
2005102236,2005年4月9日,01012,415800,owner.netkeiba.com,社台ファーム,千歳市,"
-
","


1億7,362万円 (中央)

",2005102236,200906030411,NaN,1999106689,000a00033a,000a0065ef,1984101441,000a0003bd,1976106553
2005102307,2005年4月14日,00343,430006,393126,千歳市,"5,460万円 (2005年 セレクトセール)
","


1億2,905万円 (中央)

",13戦2勝 [2-3-0-8],200708040809,2001107662,2004103225,1995103211,000a00033a,1987101495,1991107074,000a0002a6,000a006146
2005102469,2005年2月16日,01051,851009,370126,早来町,"4,515万円 (2006年 セレクトセール)
","


1億961万円 (中央)

",44戦3勝 [3-4-3-34],200705050511,2003102803,2006103158,000a000006,000a000134,000a008661,1996107424,000a00033a,1986105050
2005102491,2005年1月31日,01011,708800,370126,早来町,"
-
","


1億5,122万円 (中央)

",10戦2勝 [2-5-1-2],200808010209,2002100997,2003102823,1998110135,000a00013a,000a000071,1998102634,1990102314,1984104684
2005102554,2005年3月27日,00412,654030,370126,早来町,"3,045万円 (2005年 セレクトセール)
","



1億2,780万円 (中央) /25万円 (地方)
",53戦5勝 [5-7-4-37],200704030109,2007103211,2019101179,1999100226,000a000082,1988105774,1999107036,000a00033a,1987105663
2005102570,2005年2月15日,00343,708800,370126,早来町,"7,770万円 (2006年 セレクトセール)
","


9,635万円 (中央)

",29戦3勝 [3-2-3-21],200809010710,2006103254,2008103212,1998101516,000a00033a,1987103805,000a00683a,000a001c1d,000a00b25a
2005103246,2005年3月25日,01005,331006,210357,門別町,"420万円 (2006年 北海道サマーセール)
","


7,300万円 (中央)

",21戦2勝 [2-2-0-17],200805020511,2007105629,2009102560,1993103280,000a00033a,1986106441,1999103673,000a0000b0,1991109872
2005104078,2005年4月28日,01009,312007,130090,三石町,"2,415万円 (2005年 セレクトセール)
","


3,981万円 (中央)

",20戦2勝 [2-0-1-17],200701020711,1999104679,2011101189,1998101554,000a00033a,000a000334,000a00668d,000a00184b,000a009c52
2005105009,2005年6月4日,01028,542800,owner.netkeiba.com,コスモヴューファーム,新冠町,"
-
","


8,606万円 (中央)

",2005105009,200808010411,NaN,1997110025,000a00193b,000a00abee,1996107343,000a00033a,1990104577
2005105373,2005年2月17日,00110,513800,830464,新冠町,"
-
","



5,504万円 (中央) /160万円 (地方)
",23戦2勝 [2-1-1-19],200709050711,2004100661,2001102127,1992109618,000a00033a,000a00021e,1995108584,000a0017b2,000a009d55
2005105526,2005年4月27日,00119,546800,owner.netkeiba.com,ビッグレッドファーム,新冠町,"
-
","


2億775万円 (中央)

",2005105526,200806020411,NaN,000a000082,000a0012cb,000a00877c,1995109038,000a001dcf,000a00a7bd
2005105718,2005年5月2日,00388,248005,830317,新冠町,"525万円 (2006年 北海道オータムセール)
","


3,748万円 (中央)

",11戦2勝 [2-1-1-7],200808020409,2007103656,2002107110,000a0000b0,000a0000cc,000a009614,1996101366,000a000311,1981105650
2005106738,2005年3月8日,01005,229002,340374,鵡川町,"
-
","



3億8,498万円 (中央) /50万円 (地方)
",58戦5勝 [5-5-6-42],200806020811,2008102351,2009105484,1999100226,000a000082,1988105774,1998101037,000a00033a,1987105754
2006101251,2006年2月23日,00399,794002,430129,静内町,"
-
","



4,846万円 (中央) /539万円 (地方)
",125戦29勝 [29-14-12-70],200906020309,2007100569,2009103889,1998110135,000a00013a,000a000071,1996105097,000a00033a,1977100595
2006101669,2006年2月7日,00427,441007,800307,静内町,"4,410万円 (2006年 セレクトセール)
","


8,950万円 (中央)

",22戦3勝 [3-4-1-14],201009010809,2003105620,2012103707,1999110099,000a0016f2,000a00b2b6,1994102349,000a000d6b,000a006360
2006102061,2006年2月28日,01099,523005,733013,浦河町,"
-
","


1億2,957万円 (中央)

",40戦3勝 [3-3-4-30],200807030210,2003102003,2005106166,1998101554,000a00033a,000a000334,000a0067f0,000a001c1d,000a00b248
2006102424,2006年4月5日,00409,679003,930368,むかわ町,"1,050万円 (2007年 セレクトセール)
","


2億9,324万円 (中央)

",15戦5勝 [5-3-0-7],201009030410,2004102404,2007102346,1994108729,000a00033a,1988107344,1998100446,000a000d6c,1991105908
2006102859,2006年5月22日,01059,486800,owner.netkeiba.com,社台コーポレーション白老ファーム,白老町,"
-
","


2億5,373万円 (中央)

",2006102859,201106040211,NaN,2001103460,000a001d7e,000a00680e,000a00fed6,000a001fd8,000a009d80
2006102877,2006年3月2日,01048,415800,owner.netkeiba.com,社台ファーム,千歳市,"
-
","



1億843万円 (中央) /5,050万円 (地方)
",2006102877,200950050610,NaN,2001103460,000a001d7e,000a00680e,1996107187,000a00033a,1990109701
2006102923,2006年2月5日,01008,897009,393126,千歳市,"
-
","


2億5,783万円 (中央)

",26戦4勝 [4-4-1-17],201009020710,2004103160,2013105847,1995103211,000a00033a,1987101495,1997103429,000a0015fc,000a0000ac
2006103018,2006年3月26日,01022,415800,owner.netkeiba.com,社台ファーム,千歳市,"
-
","


1億396万円 (中央)

",2006103018,201009050610,NaN,1999110099,000a0016f2,000a00b2b6,1997103413,1983109006,000a00625d
2006103140,2006年3月11日,01017,399030,370126,早来町,"
-
","


3億4,332万円 (中央)

",10戦5勝 [5-1-0-4],200905030410,2018104883,2010104015,2000101426,000a00033a,000a000285,2001103378,000a0022ae,000a00683a
2006103192,2006年4月11日,01053,486800,owner.netkeiba.com,ノーザンファーム,安平町,"
-
","


2億2,943万円 (中央)

",2006103192,200905050711,NaN,1995103211,000a00033a,1987101495,1994109164,000a0000cc,1987104537
2006103218,2006年3月9日,01066,226800,owner.netkeiba.com,ノーザンファーム,早来町,"
-
","


1億246万円 (中央)

",2006103218,200808040311,NaN,1998101786,1983109006,000a00657c,1999106955,1993190001,000a0064f1
2006103308,2006年4月13日,01061,226800,owner.netkeiba.com,ノーザンファーム,安平町,"
-
","


2億3,247万円 (中央)

",2006103308,200906030811,NaN,2000101426,000a00033a,000a000285,000a006412,000a00185d,000a008c5a
2006103534,2006年4月20日,00339,760008,633093,新ひだか町,"735万円 (2006年 北海道オータムセール)
","



7,399万円 (中央) /340万円 (地方)
",78戦5勝 [5-7-5-61],200808050709,2001100895,1999104755,1993190010,000a001b87,000a00abc0,1987100878,1979101744,1980106128
2006103783,2006年5月13日,01074,716800,201025,新ひだか町,"
-
","



6,740万円 (中央) /720万円 (地方)
",26戦6勝 [6-2-5-13],200801010610,2012100389,2007103728,000a000d4c,000a001607,000a008e2f,2000107066,1993190001,1994100197
2006104732,2006年4月14日,01073,041002,830464,新冠町,"
-
","


1億2,598万円 (中央)

",10戦4勝 [4-0-0-6],200908030510,2017101423,2005105381,1998101554,000a00033a,000a000334,1996103011,1982101222,000a0063da
2006104938,2006年4月24日,00224,859007,330316,新冠町,"1,543万円 (2007年 北海道セレクションセール)
","


9,952万円 (中央)

",9戦2勝 [2-2-1-4],200908010411,2007104979,2017102028,1998101554,000a00033a,000a000334,000a010566,000a001d7e,000a0091cb
2006106190,2006年4月27日,01099,363800,901427,日高町,"588万円 (2007年 北海道オータムセール)
","



1億5,387万円 (中央) /728万円 (地方)
",54戦5勝 [5-4-7-38],200906010611,,,1993109219,000a00033a,000a000087,2001110244,000a00fc42,000a0000ea
2006106430,2006年4月30日,00345,023006,930021,新ひだか町,"2,730万円 (2008年 JRAブリーズアップセール)
","


2億3,168万円 (中央)

",13戦4勝 [4-1-3-5],200806050611,2019103144,2015102487,1995108676,000a0019b4,000a00a4b9,1998103988,000a00033a,1988105653
2007100567,2007年2月20日,01071,414030,433129,新ひだか町,"6,930万円 (2007年 セレクトセール)
","



1億9,166万円 (中央) /5,825万円 (地方)
",35戦6勝 [6-2-7-20],201050050410,2010103004,2011102269,000a000082,000a0012cb,000a00877c,000a0105cc,000a001bea,000a01050c
2007100727,2007年5月20日,01044,287002,903088,新ひだか町,"
-
","


3億9,560万円 (中央)

",21戦4勝 [4-6-3-8],201108030411,2011102417,2012103366,1998101554,000a00033a,000a000334,1998104689,000a0001d4,000a000208
2007101163,2007年5月5日,01080,217030,530009,様似町,"
-
","


3億4,432万円 (中央)

",42戦5勝 [5-7-3-27],201008010311,2006100124,2005101221,1998101554,000a00033a,000a000334,1997100148,000a000148,1993106507
2007102537,2007年2月13日,00349,321009,500380,苫小牧市,"
-
","


6,866万円 (中央)

",9戦3勝 [3-2-0-4],201005010411,2017104570,2015104006,1998101554,000a00033a,000a000334,2000105411,000a000013,1990109129
2007102829,2007年3月25日,00423,587008,393126,千歳市,"
-
","


2億8,502万円 (中央)

",38戦8勝 [8-6-4-20],201203030611,2006102993,2009105849,1998101786,1983109006,000a00657c,1998101569,000a00033a,1988107320
2007102913,2007年2月19日,01055,234008,393126,千歳市,"4,725万円 (2007年 セレクトセール)
","


1億2,745万円 (中央)

",25戦4勝 [4-4-0-17],201008020611,2014105671,2006103061,2000101426,000a00033a,000a000285,2001103180,1983109006,1987105586
2007102923,2007年3月31日,01053,297002,300126,千歳市,"
-
","


5億9,595万円 (中央)

",15戦8勝 [8-1-2-4],201006050810,1999110191,2001103189,2000101426,000a00033a,000a000285,000a00039f,000a001c1d,000a00ae6e
2007102951,2007年3月27日,01055,318033,393126,千歳市,"
-
","


7億5,607万円 (中央)

",27戦6勝 [6-3-7-11],201005030410,2009106005,2013105679,000a0022d2,000a001d7e,000a009786,000a010eb7,1989109107,000a010e34
2007103034,2007年3月12日,01070,415800,owner.netkeiba.com,社台コーポレーション白老ファーム,白老町,"
-
","


1億6,387万円 (中央)

",2007103034,201005040211,NaN,1999110099,000a0016f2,000a00b2b6,1998101684,1992109618,1988107300
2007103142,2007年4月8日,01071,226800,owner.netkeiba.com,ノーザンファーム,安平町,"
-
","


2億3,035万円 (中央)

",2007103142,201208040911,NaN,1998101516,000a00033a,1987103805,000a010633,000a00035c,000a0003a2
2007103392,2007年3月30日,00348,226800,owner.netkeiba.com,ノーザンファーム,安平町,"
-
","


6,980万円 (中央)

",2007103392,201008010209,NaN,1995103211,000a00033a,1987101495,1997190001,000a00185c,000a00b1c6
2007103394,2007年4月22日,00208,270006,373126,安平町,"2,100万円 (2008年 セレクトセール)
","



9,482万円 (中央) /6,722万円 (地方)
",55戦10勝 [10-3-4-38],201242101011,1998101860,2006103422,1999107052,000a00035e,1990104462,000a0065b9,000a001cd6,000a0001b6
2007103404,2007年5月10日,00343,226800,owner.netkeiba.com,ノーザンファーム,安平町,"
-
","


6億9,466万円 (中央)

",2007103404,201005050810,NaN,2001103460,000a001d7e,000a00680e,1998101861,000a00033a,1993109285
2007103679,2007年5月22日,01062,331007,533023,新ひだか町,"472万円 (2008年 北海道サマーセール)
","


6,641万円 (中央)

",19戦3勝 [3-1-4-11],201009010209,1999102229,2001105478,1997105461,000a00033a,1990109129,1993101571,000a000d6b,1987100877
2007104975,2007年2月25日,00395,078006,000316,新冠町,"
-
","



2億879万円 (中央) /110万円 (地方)
",46戦3勝 [3-4-3-36],201008030510,2012100779,2009105239,1998101554,000a00033a,000a000334,2001103425,000a00010f,1991106877
2007105128,2007年3月6日,01003,533006,400340,新冠町,"
-
","


4,459万円 (中央)

",27戦2勝 [2-3-1-21],200907040210,2012100936,2008105159,1996110113,000a002085,000a000296,2002102055,1989108341,1988107934
2007106723,2007年4月28日,01006,321800,owner.netkeiba.com,アイオイファーム,浦河町,"
-
","


1億449万円 (中央)

",2007106723,200901021109,NaN,1998101554,000a00033a,000a000334,2001102788,000a001c5e,000a0067f6
2007110020,2007年1月22日,01083,951005,410888,米,"
-
","


2億8,919万円 (中央)

",19戦4勝 [4-4-0-11],201108060611,000a011db1,000a013c95,000a0022e1,000a001a98,000a00b518,000a011347,000a00185d,000a011346
2008102621,2008年4月17日,01053,415800,owner.netkeiba.com,追分ファーム,安平町,"
-
","


1億531万円 (中央)

",2008102621,201306010210,NaN,2001103038,000a00033a,1990104626,000a0002aa,000a001a98,000a00b683
2008102636,2008年5月14日,01071,226800,owner.netkeiba.com,社台コーポレーション白老ファーム,白老町,"
-
","


13億4,408万円 (中央)

",2008102636,201106050810,NaN,1994108729,000a00033a,1988107344,1997103540,1987107235,1986104911
2008102652,2008年3月30日,01028,096007,341126,白老町,"1,260万円 (2009年 セレクトセール)
","


4億665万円 (中央)

",30戦6勝 [6-2-3-19],201208050611,2013105318,2017105105,1992109618,000a00033a,000a00021e,1999106898,1993190001,000a006556
2008102708,2008年1月11日,01031,415800,owner.netkeiba.com,社台コーポレーション白老ファーム,白老町,"
-
","


1億1,399万円 (中央)

",2008102708,201106040411,NaN,1994108729,000a00033a,1988107344,2000101506,1987107235,000a006532
2008102819,2008年2月9日,01053,708800,393126,千歳市,"
-
","


1億2,773万円 (中央)

",33戦5勝 [5-5-3-20],201108010710,1999106738,2009105771,2002100816,000a00033a,000a0003a2,1992190002,000a001ef1,000a009fb4
2008102875,2008年3月24日,01055,619800,393126,千歳市,"4,515万円 (2008年 セレクトセール)
","



5,846万円 (中央) /234万円 (地方)
",63戦8勝 [8-7-4-44],201109010810,2010103780,2007102799,1998101786,1983109006,000a00657c,1998101650,000a00033a,000a00021e
2008102985,2008年4月21日,01055,270006,393126,千歳市,"
-
","


4億6,097万円 (中央)

",25戦4勝 [4-5-6-10],201308050611,2009105961,2007102912,2002100816,000a00033a,000a0003a2,000a010abb,000a001ccd,000a0109e4
2008103004,2008年4月25日,01011,415800,owner.netkeiba.com,社台ファーム,千歳市,"
-
","


3億5,113万円 (中央)

",2008103004,201309050211,NaN,2001103460,000a001d7e,000a00680e,1996107183,000a00033a,000a00648c
2008103056,2008年2月22日,00261,758005,393126,千歳市,"
-
","


4,423万円 (中央)

",8戦3勝 [3-0-0-5],201109010209,2013105722,2015104610,1998101554,000a00033a,000a000334,000a010649,000a00223f,000a010589
2008103212,2008年4月12日,00411,675030,373126,安平町,"5,880万円 (2009年 セレクトセール)
","



1億7,602万円 (中央) /1億4,085万円 (地方)
",28戦10勝 [10-4-3-11],201442052811,2006103254,2005102570,1998101516,000a00033a,1987103805,000a00683a,000a001c1d,000a00b25a
2008103281,2008年2月28日,01071,708800,373126,安平町,"7,875万円 (2008年 セレクトセール)
","


1億6,091万円 (中央)

",22戦6勝 [6-5-3-8],201305020111,2010104256,2006103324,2001103460,000a001d7e,000a00680e,1998101836,000a00033a,000a00654f
2008103326,2008年1月29日,01086,760008,373126,安平町,"1億5,225万円 (2009年 セレクトセール)
","


8,634万円 (中央)

",21戦1勝 [1-5-4-11],201005050403,2003102991,2009106341,000a00fd4c,000a0000d1,000a00fd7f,1998101750,000a00033a,000a0001b4
2008103390,2008年4月29日,00356,785800,993201,安平町,"3,150万円 (2010年 JRAブリーズアップセール)
","


1億1,045万円 (中央)

",20戦5勝 [5-1-1-13],201109020512,2006103203,2013105869,000a00fd4c,000a0000d1,000a00fd7f,000a00fe37,000a00fdbc,000a00fe36
2008103548,2008年2月19日,01071,619800,253025,新ひだか町,"
-
","


3億2,907万円 (中央)

",26戦5勝 [5-3-7-11],201306010711,2005104225,2009101523,2002100816,000a00033a,000a0003a2,1997110261,000a001cd0,000a00ae0c
2008104316,2008年3月6日,00425,350002,700331,新冠町,"
-
","


1億916万円 (中央)

",40戦4勝 [4-3-4-29],201001020711,2011104610,2009104514,2000101426,000a00033a,000a000285,1999104261,1991108889,1993109511
2008104881,2008年3月27日,01076,099007,000319,新冠町,"
-
","



1,604万円 (中央) /3,900万円 (地方)
",12戦3勝 [3-1-0-8],201045121510,2004100730,2010105893,1995108676,000a0019b4,000a00a4b9,1999104317,000a0000cc,1987102415
2008105362,2008年3月24日,00409,679003,203347,日高町,"1,050万円 (2009年 セレクトセール)
","


3億784万円 (中央)

",37戦6勝 [6-5-1-25],201206040711,2005102919,2002105721,1994108729,000a00033a,1988107344,1996102218,1986109001,1984105747
2008105758,2008年2月24日,01039,003060,811540,日高町,"
-
","


5,338万円 (中央)

",8戦1勝 [1-1-3-3],201010030804,2014102146,2018103677,1998101516,000a00033a,1987103805,000a010ab0,1992190005,000a00fd74
2009100777,2009年4月25日,01062,523005,400018,浦河町,"
-
","


1億4,496万円 (中央)

",28戦5勝 [5-4-3-16],201505010410,2015103340,2006102295,2001103114,000a00033a,1988107320,000a00fecb,000a0016f2,000a00fe2a
2009101347,2009年4月8日,01103,948006,900052,浦河町,"871万円 (2011年 JRAブリーズアップセール)
","


7,923万円 (中央)

",24戦3勝 [3-2-0-19],201104040811,2017103174,2008102279,1999107004,000a00033a,1982101939,2002104194,000a0000df,1988104640
2009102372,2009年4月13日,a024a,x07bf9,633355,日高町,"
-
","



1億1,021万円 (中央) /82万円 (地方)
",62戦5勝 [5-5-2-50],201208010609,2004105494,2010100387,2001103460,000a001d7e,000a00680e,1997106275,000a00033a,000a00640d
2009102644,2009年4月13日,00438,003060,811540,日高町,"
-
","



7,441万円 (中央) /140万円 (地方)
",36戦4勝 [4-2-2-28],201108050709,2014102175,2017101857,2003102991,000a00010f,1998101750,000a011233,000a0022d0,000a010f77
2009102739,2009年3月6日,01105,882800,403394,日高町,"
-
","


13億9,776万円 (中央)

",28戦13勝 [13-3-2-10],201206050810,2011100651,2015101700,1994108729,000a00033a,1988107344,1998106155,1987107235,1987106268
2009104631,2009年3月11日,00412,546800,owner.netkeiba.com,小泉牧場,新冠町,"504万円 (2009年 北海道オータムセール)
","


8,818万円 (中央)

",2009104631,201101010609,NaN,1997110179,000a0016eb,000a00010c,1996101185,1987105368,1990102842
2009105084,2009年5月8日,01075,226800,owner.netkeiba.com,パカパカファーム,新冠町,"3,255万円 (2009年 セレクトセール)
","


2億9,205万円 (中央)

",2009105084,201205021210,NaN,2002100816,000a00033a,000a0003a2,000a0106a6,000a01056b,000a00687e
2009105185,2009年2月17日,01036,716800,710303,新冠町,"
-
","


9,016万円 (中央)

",16戦3勝 [3-1-0-12],201206020411,2011105235,2014100731,000a010a10,000a002109,000a00b187,2002103588,000a0000b0,000a0065fe
2009105730,2009年5月14日,01058,415800,owner.netkeiba.com,社台ファーム,千歳市,"
-
","


1億3,017万円 (中央)

",2009105730,201206050511,NaN,2002100816,000a00033a,000a0003a2,1997103408,1989109102,000a00614a
2009105732,2009年2月28日,a0050,x09d9c,393126,千歳市,"1,785万円 (2009年 セレクトセール)
","



7,374万円 (中央) /159万円 (地方)
",103戦7勝 [7-7-9-80],201505020608,2011104175,2007102716,2001103114,000a00033a,1988107320,000a010eb5,000a001e83,000a010a54
2009105825,2009年2月13日,00386,075803,393126,千歳市,"5,460万円 (2009年 セレクトセール)
","


2億70万円 (中央)

",38戦8勝 [8-6-3-21],201504010211,2011104272,2013105502,1999110099,000a0016f2,000a00b2b6,1996107252,000a00033a,000a006146
2009105863,2009年3月14日,01052,507007,393126,千歳市,"4,305万円 (2011年 千葉サラブレッド・セール)
","


1億2,927万円 (中央)

",56戦2勝 [2-9-8-37],201305020609,2010103823,2017104823,1999110099,000a0016f2,000a00b2b6,2000106575,000a00033a,000a00656e
2009105983,2009年3月14日,01012,727008,393126,千歳市,"4,200万円 (2010年 セレクトセール)
","


1,677万円 (中央)

",3戦2勝 [2-0-0-1],201206020109,2010103932,2013105655,1998101786,1983109006,000a00657c,2003102664,000a00013a,1995108038
2009105989,2009年3月3日,01082,415800,owner.netkeiba.com,社台ファーム,千歳市,"
-
","


2億2,320万円 (中央)

",2009105989,201206020811,NaN,1998101516,000a00033a,1987103805,000a010648,000a001fb6,000a010585
2009106176,2009年2月12日,01022,486800,owner.netkeiba.com,ノーザンファーム,安平町,"
-
","


5,581万円 (中央)

",2009106176,201109060711,NaN,2002100816,000a00033a,000a0003a2,000a011191,1992190005,000a0110f0
2009106282,2009年4月18日,00348,929002,373126,安平町,"6,300万円 (2010年 セレクトセール)
","



9,908万円 (中央) /1,730万円 (地方)
",17戦4勝 [4-3-0-10],201309050511,2013106027,2010104248,1998110135,000a00013a,000a000071,1999107040,000a00033a,000a006496
2009106353,2009年2月22日,01071,226800,owner.netkeiba.com,ノーザンファーム,安平町,"
-
","


2億2,842万円 (中央)

",2009106353,201408030211,NaN,2002100816,000a00033a,000a0003a2,000a011190,000a001f0b,000a0110e8
2009106449,2009年1月20日,01059,486800,owner.netkeiba.com,社台コーポレーション白老ファーム,白老町,"
-
","


1億1,539万円 (中央)

",2009106449,201409050511,NaN,2002100816,000a00033a,000a0003a2,000a00fa68,000a00196b,000a00fabb
2010100338,2010年5月10日,01095,970006,803353,日高町,"
-
","


7,236万円 (中央)

",28戦5勝 [5-1-0-22],201408010611,2014101827,2019101471,2001103460,000a001d7e,000a00680e,2003101825,1995103211,1995101611
2010100356,2010年3月31日,01161,356002,123158,日高町,"966万円 (2011年 北海道セレクションセール)
","


1億6,714万円 (中央)

",45戦5勝 [5-2-3-35],201208040111,2009102349,2008105440,2001103312,000a00033a,000a0003a2,000a011160,000a0000d3,000a00b5f4
2010100540,2010年2月27日,01160,911009,033357,日高町,"850万円 (2011年 北海道セレクションセール)
","


2億4,149万円 (中央)

",59戦8勝 [8-10-3-38],201308040911,2011100416,2017100469,2000101426,000a00033a,000a000285,2003110054,000a010238,000a01023f
2010101063,2010年1月20日,01038,942006,503501,日高町,"2,205万円 (2011年 セレクトセール)
","


3,396万円 (中央)

",13戦2勝 [2-1-1-9],201208040809,2003106804,2008106150,2002100816,000a00033a,000a0003a2,1997103518,000a001a98,1988109105
2010102526,2010年4月6日,01073,712800,803071,新ひだか町,"
-
","


2,738万円 (中央)

",13戦2勝 [2-0-0-11],201309010209,2019105860,2014104340,1998101786,1983109006,000a00657c,2003106389,1992109618,1996104713
2010103783,2010年3月10日,01119,758005,393126,千歳市,"
-
","


5億8,301万円 (中央)

",30戦6勝 [6-4-4-16],201605030211,2013105505,2018104648,1999106738,1992190005,1992190002,2002100573,000a00033a,1990104638
2010104035,2010年1月24日,01070,794002,373126,安平町,"3,465万円 (2011年 セレクトセール)
","


5,053万円 (中央)

",25戦3勝 [3-1-1-20],201206050807,2011103768,2019105058,1999110099,000a0016f2,000a00b2b6,2001103430,000a00010f,1996107378
2010104080,2010年2月12日,01053,180800,owner.netkeiba.com,ノーザンファーム,安平町,"3,255万円 (2010年 セレクトセール)
","


7,751万円 (中央)

",2010104080,201309010711,NaN,2001103460,000a001d7e,000a00680e,000a0066c8,000a001ef1,000a00ac17
2010104103,2010年2月14日,00399,708800,373126,安平町,"
-
","


8,572万円 (中央)

",5戦3勝 [3-0-1-1],201306020411,2007103169,2018105012,2002100816,000a00033a,000a0003a2,2002106979,000a00013a,1993110096
2010104123,2010年2月22日,01158,486800,373126,安平町,"
-
","



3,840万円 (中央) /51万円 (地方)
",37戦3勝 [3-3-4-27],201308010705,2004102893,2016104479,1990109700,000a0000cc,000a00977e,000a00fe50,000a00212e,000a00fe1e
2010104155,2010年2月11日,01053,486800,owner.netkeiba.com,ノーザンファーム,安平町,"
-
","


6億8,779万円 (中央)

",2010104155,201405050911,NaN,1999110099,000a0016f2,000a00b2b6,2002100844,1995103211,000a0064dc
2010104236,2010年2月15日,00386,226800,owner.netkeiba.com,ノーザンファーム,安平町,"
-
","


1億6,229万円 (中央)

",2010104236,201205050511,NaN,2001103460,000a001d7e,000a00680e,1998101803,000a00033a,000a00016a
2010104296,2010年5月11日,00420,226800,owner.netkeiba.com,ノーザンファーム,安平町,"
-
","


4億1,114万円 (中央)

",2010104296,201705021212,NaN,2001103038,000a00033a,1990104626,1991107042,1983109000,1986104978
2010104298,2010年1月30日,01071,708800,373126,安平町,"
-
","


7億9,819万円 (中央)

",33戦9勝 [9-3-3-18],201509030811,2016104618,2015104999,2001103460,000a001d7e,000a00680e,2000101560,1993109188,1994108674
2010104435,2010年1月15日,01033,004800,341126,白老町,"3,150万円 (2011年 セレクトセール)
","


8,897万円 (中央)

",21戦3勝 [3-1-2-15],201305010611,2012104003,2011103619,1992109618,000a00033a,000a00021e,2004102824,000a000082,000a006841
2010104866,2010年2月28日,01049,515800,440033,浦河町,"
-
","


2億7,672万円 (中央)

",40戦5勝 [5-6-2-27],201308020411,2001107391,2005106133,1992109618,000a00033a,000a00021e,1992109539,000a000258,1982102006
2010105639,2010年5月6日,01090,826800,600338,新冠町,"483万円 (2011年 北海道セレクションセール)
","


7,743万円 (中央)

",20戦2勝 [2-4-2-12],201504021009,2013101602,2017106531,1995108676,000a0019b4,000a00a4b9,2002100740,000a00010f,1988107300
2010106552,2010年4月15日,01018,966007,101328,日高町,"
-
","


3億450万円 (中央)

",22戦6勝 [6-2-0-14],201407020611,2004106983,2008106609,2001103114,000a00033a,1988107320,1999103468,1983109006,1992108355
2011100943,2011年4月30日,05734,x00acc,703322,日高町,"
-
","


945万円 (中央)

",25戦1勝 [1-1-0-23],201309050503,2015102743,,2001103435,1995107939,1990104480,2003106870,1989109110,1994103713
2011101337,2011年4月10日,05486,x093af,833098,新ひだか町,"735万円 (2012年 北海道セレクションセール)
","



1億697万円 (中央) /165万円 (地方)
",89戦5勝 [5-8-7-69],201708031208,2016101223,2009101601,1998101786,1983109006,000a00657c,2000103140,000a000d5d,1985102361
2011103565,2011年5月21日,00341,415800,owner.netkeiba.com,社台コーポレーション白老ファーム,浦河町,"
-
","


7億5,202万円 (中央)

",2011103565,201406030811,NaN,1992109618,000a00033a,000a00021e,000a011566,000a001bda,000a011515
2011103692,2011年2月11日,01017,172002,341126,白老町,"
-
","


1億3,203万円 (中央)

",16戦6勝 [6-1-4-5],201604021211,2016102197,2015103382,2002100816,000a00033a,000a0003a2,2003102762,1989108341,1997100468
2011103748,2011年3月14日,01071,270006,373126,安平町,"2億6,250万円 (2012年 セレクトセール)
","


1億2,975万円 (中央)

",20戦6勝 [6-1-1-12],2017G4a00108,2015104656,2012104510,2002100816,000a00033a,000a0003a2,2002100822,000a00010f,1997103621
2011103836,2011年2月5日,01070,708800,373126,安平町,"
-
","


9,318万円 (中央)

",23戦3勝 [3-4-1-15],201405020511,2007103169,2018105012,2002100816,000a00033a,000a0003a2,2002106979,000a00013a,1993110096
2011103854,2011年2月13日,01055,486800,owner.netkeiba.com,ノーザンファーム,安平町,"
-
","


3億4,459万円 (中央)

",2011103854,201405040611,NaN,2002100816,000a00033a,000a0003a2,2005102526,1998110135,1996110142
2011103975,2011年4月12日,01071,486800,owner.netkeiba.com,ノーザンファーム,安平町,"
-
","


2億6,001万円 (中央)

",2011103975,201406020411,NaN,2001103460,000a001d7e,000a00680e,1996107386,000a00033a,000a006496
2011104105,2011年5月6日,00386,486800,owner.netkeiba.com,ノーザンファーム,安平町,"
-
","


1億5,602万円 (中央)

",2011104105,201607010111,NaN,2000101517,000a00033a,000a006722,000a011531,000a002075,000a0114c9
2011104272,2011年5月14日,01095,415800,owner.netkeiba.com,社台ファーム,千歳市,"
-
","


8,731万円 (中央)

",2011104272,201306050109,NaN,000a011135,000a00fa4a,000a00fa62,1996107252,000a00033a,000a006146
2011104295,2011年4月18日,00386,415800,owner.netkeiba.com,社台ファーム,千歳市,"
-
","


2億2,455万円 (中央)

",2011104295,201509050711,NaN,1992109618,000a00033a,000a00021e,000a011870,000a010a77,000a0117e2
2011105005,2011年4月30日,05691,859002,790540,新冠町,"
-
","



1億4,155万円 (中央) /29万円 (地方)
",26戦3勝 [3-1-3-19],201407020411,2017101723,2014100505,2001103460,000a001d7e,000a00680e,2004100609,1995103211,1997103426
2011105072,2011年2月23日,01154,788800,810464,新冠町,"
-
","


3億7,268万円 (中央)

",33戦4勝 [4-3-1-25],201405021210,2010105824,2009105007,2001103038,000a00033a,1990104626,2002102282,1994109686,1996101717
2011105223,2011年3月25日,01073,494800,owner.netkeiba.com,ビッグレッドファーム,新冠町,"
-
","


1億8,921万円 (中央)

",2011105223,201508010111,NaN,1995103211,000a00033a,1987101495,1994108915,1982101222,1982101906
2011105898,2011年5月8日,00362,382004,000014,浦河町,"
-
","


2億5,489万円 (中央)

",51戦7勝 [7-3-3-38],201804010411,2013103582,2014103361,2001103460,000a001d7e,000a00680e,2002103112,000a00033a,1997110045
2011105911,2011年6月6日,01084,398002,000014,浦河町,"
-
","


2億6,232万円 (中央)

",22戦5勝 [5-2-5-10],201506030111,2010104979,2008101638,1999107052,000a00035e,1990104462,1999101714,000a00033a,1992110153
2011106372,2011年3月9日,00423,321800,owner.netkeiba.com,パカパカファーム,新冠町,"
-
","


1億2,769万円 (中央)

",2011106372,201506020610,NaN,2001103460,000a001d7e,000a00680e,2003103458,1995103211,1996110274
2011110091,2011年2月9日,01038,431002,800701,米,"
-
","



1億7,087万円 (中央) /546万円 (地方)
",12戦4勝 [4-3-0-5],201306050611,2015105066,2014106207,000a011155,000a000178,000a01117d,000a0121b7,000a010002,000a0121b6
2012100517,2012年2月12日,00422,859002,790540,新冠町,"
-
","


3億633万円 (中央)

",44戦9勝 [9-4-6-25],201408050311,2010105768,2016100527,2001103312,000a00033a,000a0003a2,2006106568,2001103460,2000101504
2012102013,2012年3月10日,01110,373800,101328,日高町,"
-
","


18億7,684万円 (中央)

",20戦12勝 [12-2-4-2],201605050811,2011106394,2017100993,2001103312,000a00033a,000a0003a2,2005106935,1989108341,1990104600
2012103165,2012年3月26日,00417,026700,433129,新ひだか町,"540万円 (2014年 千葉サラブレッド・セール)
","


6,565万円 (中央)

",8戦2勝 [2-1-0-5],201403030610,2017103800,2016105986,2001103312,000a00033a,000a0003a2,2006101260,000a000013,1989106472
2012103193,2012年3月23日,00399,619800,433129,新ひだか町,"
-
","


1億9,582万円 (中央)

",15戦5勝 [5-1-3-6],201409050611,2016106007,2013104499,2002100816,000a00033a,000a0003a2,000a011ac4,000a002071,000a011ab4
2012103484,2012年3月7日,01099,265008,033305,新ひだか町,"
-
","


1億1,653万円 (中央)

",36戦6勝 [6-1-1-28],201909010411,2005100918,2009104158,2005101358,1998101516,000a00fb01,1999100954,000a0001d4,000a006666
2012104084,2012年1月21日,01071,226800,owner.netkeiba.com,社台コーポレーション白老ファーム,白老町,"
-
","


1億5,020万円 (中央)

",2012104084,201506010711,NaN,000a011996,000a010a5f,000a011903,2001103241,000a00033a,1988107344
2012104164,2012年2月1日,01133,351803,393126,千歳市,"4,536万円 (2014年 千葉サラブレッド・セール)
","


1億1,420万円 (中央)

",33戦3勝 [3-1-2-27],201509020111,2014105439,2010103709,2004103328,1995108676,1993109144,2003102501,1995108742,1991190001
2012104511,2012年3月22日,01070,226800,owner.netkeiba.com,ノーザンファーム,安平町,"
-
","


5億1,660万円 (中央)

",2012104511,201505021210,NaN,2001103460,000a001d7e,000a00680e,2000107542,000a00033a,1993109154
2012104668,2012年3月10日,01070,075803,373126,安平町,"
-
","


4億8,603万円 (中央)

",20戦7勝 [7-1-1-11],201709030811,2015104834,2017105374,000a001fb6,000a0001d6,000a00902b,000a011cf6,000a0119ba,000a011c87
2012104672,2012年2月29日,01002,619800,373126,安平町,"
-
","


1億6,669万円 (中央)

",28戦3勝 [3-6-2-17],201609020211,2013105936,2008103187,2001103460,000a001d7e,000a00680e,2001103365,1993190001,1995107900
2012104799,2012年4月6日,01068,506800,owner.netkeiba.com,ノーザンファーム,安平町,"
-
","


7,555万円 (中央)

",2012104799,201401020511,NaN,2000101426,000a00033a,000a000285,2005102480,000a00fa35,1996107394
2012104823,2012年3月9日,01148,226800,owner.netkeiba.com,ノーザンファーム,安平町,"
-
","


4,946万円 (中央)

",2012104823,201408050811,NaN,2001103038,000a00033a,1990104626,2005102620,1999110099,000a0065f6
2012104889,2012年3月1日,01075,226800,owner.netkeiba.com,ノーザンファーム,安平町,"
-
","


4億1,676万円 (中央)

",2012104889,2016C7a00707,NaN,2002100816,000a00033a,000a0003a2,000a01179f,000a001a98,000a011709
2012106019,2012年5月16日,01072,184033,730053,浦河町,"
-
","


6,925万円 (中央)

",19戦4勝 [4-3-3-9],201509040310,2005104706,2004101651,000a010542,000a001cd0,000a01008f,1995107213,000a000d48,1982102946
2012106160,2012年3月7日,01086,053803,220204,新冠町,"
-
","


2億982万円 (中央)

",27戦3勝 [3-2-4-18],201505020611,2011106372,2013106214,1998110135,000a00013a,000a000071,2003103458,1995103211,1996110274
2013102679,2013年3月6日,05204,406030,owner.netkeiba.com,様似堀牧場,様似町,"626万円 (2014年 北海道サマーセール)
","



2億6,704万円 (中央) /1,900万円 (地方)
",2013102679,201808040811,NaN,2003104570,000a00033a,000a00679d,2004109391,1993190010,1993106464
2013103338,2013年5月27日,a02b0,742007,500659,浦河町,"
-
","



8,638万円 (中央) /1,165万円 (地方)
",57戦16勝 [16-5-3-33],201609010209,2007101390,2012106200,2007102923,2000101426,000a00039f,1999105888,000a0001d4,1982103101
2013103526,2013年3月6日,a02f5,x0a6ba,900011,浦河町,"
-
","



5,744万円 (中央) /1,191万円 (地方)
",60戦16勝 [16-8-12-24],201610020510,2014103309,2015103151,2007102923,2000101426,000a00039f,000a011e0e,000a002328,000a011d78
2013104704,2013年3月24日,00409,399009,063204,新ひだか町,"
-
","


3億243万円 (中央)

",11戦4勝 [4-2-1-4],201606030811,2009102554,2010103182,2002100816,000a00033a,000a0003a2,1998105991,000a000082,1993109848
2013105109,2013年3月20日,01107,784800,500384,豊浦町,"
-
","


3,153万円 (中央)

",58戦2勝 [2-3-1-52],201604030208,2008102441,2011102811,1999106756,000a00033a,1986104964,2000101156,1988109110,1993108868
2013105309,2013年1月25日,01070,415800,owner.netkeiba.com,社台コーポレーション白老ファーム,白老町,"
-
","


6,184万円 (中央)

",2013105309,201706030510,NaN,2002100816,000a00033a,000a0003a2,000a0117c6,000a010db6,000a01178c
2013105399,2013年2月10日,01104,084800,393126,千歳市,"
-
","



4億4,765万円 (中央) /1,835万円 (地方)
",34戦4勝 [4-7-5-18],201508050311,2014105427,2008102792,2001103460,000a001d7e,000a00680e,2002100516,000a00033a,1995107979
2013105768,2013年3月9日,01061,398002,373126,安平町,"
-
","


3,629万円 (中央)

",6戦3勝 [3-0-1-2],201609010711,2014105798,2012104517,2002100816,000a00033a,000a0003a2,2007103338,1998110135,2000110191
2013105788,2013年1月28日,01061,708800,373126,安平町,"
-
","


6億3,007万円 (中央)

",28戦6勝 [6-2-2-18],201605021210,2010104042,2016104415,2002100816,000a00033a,000a0003a2,2004103059,000a00013a,000a006897
2013105825,2013年2月9日,00423,398002,373126,安平町,"1,995万円 (2013年 セレクトセール)
","


2,868万円 (中央)

",10戦1勝 [1-2-1-6],201506040702,2005102499,2012104575,2003110212,1992109618,000a006843,1998101801,1980106362,1990104643
2013105915,2013年1月29日,01053,486800,owner.netkeiba.com,ノーザンファーム,安平町,"
-
","


1億3,040万円 (中央)

",2013105915,201509050611,NaN,2001103460,000a001d7e,000a00680e,2002100844,1995103211,000a0064dc
2013105930,2013年2月27日,01071,486800,owner.netkeiba.com,ノーザンファーム,安平町,"
-
","


1億432万円 (中央)

",2013105930,201606010611,NaN,000a011996,000a010a5f,000a011903,2006103316,1999100226,1998101814
2013105975,2013年3月9日,01075,486800,owner.netkeiba.com,ノーザンファーム,安平町,"
-
","


2億1,132万円 (中央)

",2013105975,201908040211,NaN,000a011996,000a010a5f,000a011903,2002100954,000a00033a,000a006801
2013106099,2013年3月3日,01002,441007,373126,安平町,"9,936万円 (2014年 セレクトセール)
","


4億2,247万円 (中央)

",24戦5勝 [5-6-0-13],201809030811,2015105013,2011104074,2001103460,000a001d7e,000a00680e,000a011a65,000a002328,000a010825
2013106101,2013年1月30日,01071,075803,373126,安平町,"2億4,150万円 (2013年 セレクトセール)
","


8億6,512万円 (中央)

",18戦8勝 [8-1-3-6],201606050910,2014106168,2016104853,2002100816,000a00033a,000a0003a2,000a011cdc,000a002326,000a011cb2
2013106108,2013年1月30日,01070,708800,373126,安平町,"
-
","


1億2,221万円 (中央)

",13戦5勝 [5-2-0-6],201606020711,2016104635,2014106176,2002100816,000a00033a,000a0003a2,2001103436,000a00213e,000a000071
2013109018,2013年3月17日,01076,148800,owner.netkeiba.com,恵比寿興業株式会社那須野牧場,栃木県,"
-
","


4,522万円 (中央)

",2013109018,201505040605,NaN,1998101554,000a00033a,000a000334,2008110076,000a0103ba,000a011846
2013109072,2013年4月27日,01109,672030,603144,青森県,"1,080万円 (2014年 セレクトセール)
","


1億4,486万円 (中央)

",25戦5勝 [5-2-3-15],202005010711,2015109030,2017109041,2004102753,1994108729,1997103540,2006109157,000a00227c,1999109271
2014100222,2014年5月12日,01048,494800,owner.netkeiba.com,コスモヴューファーム,新冠町,"
-
","


2億9,952万円 (中央)

",2014100222,2019H1042808,NaN,1994108729,000a00033a,1988107344,2005103207,1996106512,1993102093
2014100465,2014年3月29日,01173,716800,800311,新冠町,"
-
","



1億6,634万円 (中央) /500万円 (地方)
",26戦7勝 [7-3-2-14],201601020511,2013101678,2015100476,2004103328,1995108676,1993109144,2001102057,1993103280,1994103385
2014100656,2014年3月10日,01073,948006,500319,新冠町,"
-
","



3億465万円 (中央) /1億1,615万円 (地方)
",36戦7勝 [7-6-4-19],201808020611,2010105904,2007106575,2005101358,1998101516,000a00fb01,1998100963,000a000082,000a0064b7
2014100971,2014年4月1日,01044,534006,443058,新ひだか町,"
-
","


2億4,424万円 (中央)

",33戦5勝 [5-4-3-21],201902020411,2013102180,2018102444,2001103038,000a00033a,1990104626,2004101088,000a000134,000a0001cc
2014102716,2014年4月23日,01052,581007,933368,むかわ町,"
-
","


4,961万円 (中央)

",5戦2勝 [2-1-0-2],201706010511,,,2001190004,000a001ce7,000a010527,2008100725,1992109618,1993100294
2014103309,2014年3月10日,01117,102800,owner.netkeiba.com,谷川牧場,浦河町,"
-
","


5,173万円 (中央)

",2014103309,201706020811,NaN,2002100816,000a00033a,000a0003a2,000a011e0e,000a002328,000a011d78
2014104449,2014年3月30日,01039,948006,704079,新ひだか町,"3,780万円 (2014年 セレクトセール)
","


2億3,081万円 (中央)

",42戦4勝 [4-3-4-31],201706020411,2004104345,2009103529,2002100816,000a00033a,000a0003a2,000a00ff55,000a00013a,000a00fedb
2014104968,2014年3月27日,01121,859007,290543,新ひだか町,"
-
","


8,496万円 (中央)

",24戦4勝 [4-3-2-15],201708010610,2016106169,2011102456,2001103038,000a00033a,1990104626,2003105312,000a002071,000a00fb35
2014105192,2014年3月10日,a02b7,090031,801307,新ひだか町,"2,484万円 (2015年 北海道セレクションセール)
","



7,801万円 (中央) /157万円 (地方)
",27戦6勝 [6-3-2-16],201608040809,2016106371,2019106745,000a010542,000a001cd0,000a01008f,2006101667,1998101554,000a00fe59
2014105258,2014年3月11日,01071,808800,owner.netkeiba.com,追分ファーム,安平町,"
-
","


4億6,789万円 (中央)

",2014105258,201708050611,NaN,000a011996,000a010a5f,000a011903,2002100477,000a00033a,000a0065ef
2014105493,2014年2月25日,00386,075803,393126,千歳市,"
-
","


1億9,115万円 (中央)

",16戦4勝 [4-4-2-6],201609050611,2011104237,2009105804,2002100816,000a00033a,000a0003a2,2004110250,000a0000d1,000a010c24
2014105681,2014年2月7日,01002,727008,393126,千歳市,"5,292万円 (2014年 セレクトセール)
","


1億1,763万円 (中央)

",42戦4勝 [4-3-1-34],201708020411,2017104917,2009105965,1998101554,000a00033a,000a000334,2000110038,000a0000b5,000a00b42f
2014105825,2014年3月24日,01068,922030,373126,安平町,"2,700万円 (2015年 セレクトセール)
","


1億65万円 (中央)

",27戦4勝 [4-2-2-19],201910010211,2011103777,2010104043,2007102923,2000101426,000a00039f,2002100688,000a00013a,000a0002c4
2014106010,2014年3月3日,01002,226800,owner.netkeiba.com,ノーザンファーム,安平町,"
-
","



3億1,808万円 (中央) /576万円 (地方)
",2014106010,201908020611,NaN,2007103143,2001103460,1993109154,2000101554,000a00033a,000a00009b
2014106046,2014年5月1日,01071,226800,owner.netkeiba.com,ノーザンファーム,安平町,"
-
","


5億1,170万円 (中央)

",2014106046,201909020411,NaN,2002100816,000a00033a,000a0003a2,000a011a63,000a0119b8,000a0119ea
2014106083,2014年3月10日,01087,887800,373126,安平町,"1億6,740万円 (2014年 セレクトセール)
","


8億9,132万円 (中央)

",19戦6勝 [6-3-4-6],201905050811,2010104253,2011104010,2001103038,000a00033a,1990104626,2005110048,000a002071,000a010ac1
2014106201,2014年2月5日,00386,486800,owner.netkeiba.com,ノーザンファーム,安平町,"
-
","


8億8,155万円 (中央)

",2014106201,201705021210,NaN,2001103460,000a001d7e,000a00680e,2006103419,1999110099,1998110268
2014106211,2014年3月17日,01067,063803,373126,安平町,"
-
","


3,048万円 (中央)

",7戦2勝 [2-0-0-5],201606040609,2016104658,2017105615,2007103143,2001103460,1993109154,2006103235,1999110099,1997103612
2015100258,2015年3月31日,01062,320030,410343,新冠町,"
-
","


9,338万円 (中央)

",7戦2勝 [2-1-0-4],201706040709,2016100272,2018101660,2007103143,2001103460,1993109154,2007104401,1998101516,1996101247
2015100513,2015年3月30日,00422,966002,790540,新冠町,"
-
","


4,810万円 (中央)

",14戦3勝 [3-0-1-10],201809010711,2017101719,2011105000,000a0022d2,000a001d7e,000a009786,2005107041,1995103211,000a0066df
2015100744,2015年2月19日,01038,546800,owner.netkeiba.com,ビッグレッドファーム,新冠町,"
-
","


2億177万円 (中央)

",2015100744,202104040811,NaN,1994108729,000a00033a,1988107344,2007104916,000a010a10,2000102605
2015100887,2015年3月26日,01155,510033,010317,新冠町,"
-
","



1億8,712万円 (中央) /202万円 (地方)
",41戦5勝 [5-10-7-19],202210010811,2013102074,2011105383,000a011dc0,000a0022ae,000a011d88,2004102681,1998101516,1982105536
2015101467,2015年1月27日,01108,098803,003512,日高町,"3,240万円 (2016年 北海道セレクションセール)
","


1億5,556万円 (中央)

",21戦4勝 [4-0-2-15],201806040511,2016103175,2020101664,2004103328,1995108676,1993109144,2008105674,000a00fd4c,1994109643
2015102440,2015年2月15日,01055,547800,owner.netkeiba.com,田上徹,新ひだか町,"
-
","


2億7,636万円 (中央)

",2015102440,201806030811,NaN,2008102636,1994108729,1997103540,2003101283,000a000134,1992106141
2015103228,2015年4月22日,a02e3,793033,000014,浦河町,"2,754万円 (2017年 北海道トレーニングセール)
","



1,709万円 (中央) /461万円 (地方)
",54戦4勝 [4-6-6-38],201808010201,2014103379,2013103598,000a011155,000a000178,000a01117d,2006103244,1995103211,2001110024
2015104107,2015年2月1日,05204,226800,owner.netkeiba.com,社台コーポレーション白老ファーム,白老町,"
-
","



2億2,364万円 (中央) /1,064万円 (地方)
",2015104107,201706050911,NaN,2001103038,000a00033a,1990104626,2004102771,000a000082,000a0065e8
2015104582,2015年4月20日,01080,083006,393126,千歳市,"540万円 (2017年 千葉サラブレッドセール)
","


1億6,784万円 (中央)

",34戦7勝 [7-5-5-17],202205030708,2016101292,2020100306,000a011996,000a010a5f,000a011903,2009106047,2002100816,2000101449
2015104692,2015年3月29日,01061,165033,373126,安平町,"
-
","


2,216万円 (中央)

",9戦2勝 [2-0-1-6],201708050409,2020103251,000a01bd01,000a011656,000a00232b,000a009bbd,000a012fc0,000a00fd4c,000a012116
2015104976,2015年3月7日,01098,045803,373126,安平町,"6,048万円 (2016年 セレクトセール)
","


7,158万円 (中央)

",10戦2勝 [2-0-2-6],201708050711,2012104808,2013106062,2001103038,000a00033a,1990104626,2006110001,000a00fd4c,000a010c8c
2015104987,2015年2月12日,01071,026803,owner.netkeiba.com,ノーザンファーム,安平町,"2億520万円 (2016年 セレクトセール)
","


3,719万円 (中央)

",2015104987,201809010209,NaN,2002100816,000a00033a,000a0003a2,2006103329,2001103460,000a006496
2015105022,2015年2月10日,01061,708800,373126,安平町,"
-
","


5億1,243万円 (中央)

",17戦5勝 [5-1-2-9],201805021210,2016104632,2018105286,2002100816,000a00033a,000a0003a2,2006103348,2001103460,1994109547
2015105033,2015年3月14日,01051,731006,373126,安平町,"
-
","


6,990万円 (中央)

",19戦3勝 [3-0-1-15],201805010511,2012104874,2017105584,2005102548,1998101786,000a00671f,2001103298,1993190001,000a0063f4
2015105064,2015年1月15日,01126,226800,owner.netkeiba.com,ノーザンファーム,安平町,"
-
","


3億5,244万円 (中央)

",2015105064,201808050611,NaN,2008103552,2001103460,1996107173,2005102452,1998190004,1995106674
2015110013,2015年4月25日,01071,948006,080706,米,"
-
","


4億1,551万円 (中央)

",30戦7勝 [7-1-3-19],202206040911,2005110115,2012110038,000a0119b3,000a001fb5,000a0119d8,1998101038,000a00033a,000a00015d
2016100527,2016年4月20日,01046,859002,790540,新冠町,"
-
","


1億1,863万円 (中央)

",21戦2勝 [2-3-1-15],202008010211,2012100517,2010105768,2008102636,1994108729,1997103540,2006106568,2001103460,2000101504
2016102179,2016年3月25日,01017,619800,400018,浦河町,"
-
","


5億1,505万円 (中央)

",14戦6勝 [6-2-2-4],202105030211,2010110102,2012105586,2002100816,000a00033a,000a0003a2,000a011dc6,000a001a98,000a011d2e
2016102192,2016年3月10日,01083,523005,400018,浦河町,"
-
","


1億2,717万円 (中央)

",24戦2勝 [2-3-2-17],201906020411,2017106414,2014103577,2002100816,000a00033a,000a0003a2,2005106472,000a00013a,000a00679a
2016102396,2016年4月23日,01039,117031,100046,浦河町,"1,944万円 (2016年 セレクトセール)
","


7,976万円 (中央)

",9戦2勝 [2-1-1-5],201903020211,2018103104,2014105378,2007102923,2000101426,000a00039f,2006102879,1990109700,2001103041
2016103137,2016年4月22日,01084,539002,940543,日高町,"
-
","


1億3,438万円 (中央)

",12戦3勝 [3-2-0-7],201805050111,2017101121,2014102019,2008103552,2001103460,1996107173,2008106602,2002100816,1997100831
2016103387,2016年3月24日,01064,716800,513395,日高町,"648万円 (2017年 北海道サマーセール)
","



8,094万円 (中央) /190万円 (地方)
",33戦3勝 [3-2-2-26],201801010510,2017100641,2015101715,2008103548,2002100816,1997110261,2007102514,1998101786,1998101176
2016103444,2016年4月18日,01088,897009,900011,浦河町,"
-
","


2億1,752万円 (中央)

",25戦5勝 [5-2-3-15],202206050710,2018106254,2014102316,000a011996,000a010a5f,000a011903,2008104138,1998101516,2003103166
2016103690,2016年3月17日,01041,970006,703322,日高町,"
-
","


1億7,114万円 (中央)

",29戦3勝 [3-2-2-22],202107030810,2013100975,2015102013,2004103328,1995108676,1993109144,2006106125,000a0000e9,1994103713
2016104035,2016年3月2日,01156,754030,210543,新冠町,"
-
","


5,763万円 (中央)

",17戦3勝 [3-1-5-8],202106020110,2018105610,2010104113,2009106092,2002100816,1997103621,2002100852,000a00013a,000a0001b4
2016104372,2016年5月6日,01070,226800,owner.netkeiba.com,社台コーポレーション白老ファーム,白老町,"
-
","


4,763万円 (中央)

",2016104372,201905040710,NaN,2001103038,000a00033a,1990104626,000a011abe,000a010db6,000a011a38
2016104422,2016年3月16日,01061,535031,373126,安平町,"5,616万円 (2017年 セレクトセール)
","


3億2,219万円 (中央)

",13戦6勝 [6-1-3-3],201905020611,2015104699,2017105230,2001103114,000a00033a,1988107320,000a012fc1,000a010a19,000a0128ef
2016104505,2016年3月21日,01053,486800,owner.netkeiba.com,ノーザンファーム,安平町,"
-
","


5億2,358万円 (中央)

",2016104505,201906030811,NaN,2008103552,2001103460,1996107173,2002100844,1995103211,000a0064dc
2016104529,2016年3月4日,01137,708800,373126,安平町,"5,184万円 (2017年 セレクトセール)
","


2億3,536万円 (中央)

",20戦3勝 [3-3-3-11],201909010711,2018105115,2019105272,2009106461,2001103038,1999106889,000a011d97,000a010db6,000a011cec
2016104659,2016年3月11日,01071,790031,373126,安平町,"2億9,160万円 (2017年 セレクトセール)
","


1億1,321万円 (中央)

",15戦3勝 [3-3-0-9],201909010210,2012104906,2017105616,2002100816,000a00033a,000a0003a2,000a011aa0,000a00185d,000a011661
2016104702,2016年3月19日,01166,535031,373126,安平町,"1億5,120万円 (2016年 セレクトセール)
","


9,582万円 (中央)

",24戦3勝 [3-3-0-18],202002020611,2008103079,2009106065,2009106461,2001103038,1999106889,2000101626,1993190001,000a0065ce
2016104778,2016年2月24日,01071,486800,owner.netkeiba.com,ノーザンファーム,安平町,"
-
","


9,299万円 (中央)

",2016104778,201808050711,NaN,2001103460,000a001d7e,000a00680e,2006103316,1999100226,1998101814
2016105239,2016年3月11日,01054,415800,owner.netkeiba.com,社台ファーム,千歳市,"
-
","


1億4,544万円 (中央)

",2016105239,201906010511,NaN,000a012230,000a010db6,000a01222f,2008103009,2002100816,000a010648
2016106252,2016年3月31日,05647,477006,033305,新ひだか町,"
-
","



7,407万円 (中央) /300万円 (地方)
",42戦3勝 [3-3-2-34],201909020111,2017104082,2013104798,000a011b06,000a00232b,000a012302,2006101516,1998101554,1989106812
2017101299,2017年4月25日,01134,548009,330512,新冠町,"
-
","


4,545万円 (中央)

",5戦2勝 [2-0-0-3],202006010711,2015106344,2011106325,2010105827,2002100816,000a00646f,2006103872,1994109686,1993110075
2017101429,2017年4月16日,01097,494800,owner.netkeiba.com,コスモヴューファーム,新冠町,"
-
","


2億1,720万円 (中央)

",2017101429,202204030211,NaN,2004103328,1995108676,1993109144,2006105174,1995108558,1993109768
2017101755,2017年3月26日,00438,962031,900314,新冠町,"
-
","


2,276万円 (中央)

",12戦2勝 [2-2-0-8],202007030602,2018101997,2015100558,2009106461,2001103038,1999106889,2007104706,1998110135,1998100647
2017101805,2017年2月23日,01111,948006,810464,新冠町,"
-
","


5,554万円 (中央)

",10戦2勝 [2-1-1-6],202008020411,2018102048,2015100613,1999110099,000a0016f2,000a00b2b6,2008104831,1998101786,1997105143
2017101833,2017年3月11日,01039,944030,810464,新冠町,"
-
","



1,488万円 (中央) /2,500万円 (地方)
",16戦2勝 [2-1-1-12],201930103111,2014100618,2020105655,2010105827,2002100816,000a00646f,2007110112,000a001bda,000a0115d1
2017101835,2017年4月1日,01075,041002,810464,新冠町,"
-
","


11億9,529万円 (中央)

",11戦8勝 [8-2-1-0],202105050812,2015100639,2019100668,2002100816,000a00033a,000a0003a2,2010110076,000a002071,000a011d47
2017102170,2017年2月18日,01058,041002,400317,新冠町,"1,782万円 (2018年 北海道セレクションセール)
","


5億4,752万円 (中央)

",21戦5勝 [5-4-1-11],202109011211,2015100894,2019100998,2010105827,2002100816,000a00646f,2008105100,1995104427,1992109410
2017102833,2017年2月27日,00423,482002,900049,浦河町,"
-
","


1億4,254万円 (中央)

",13戦2勝 [2-1-3-7],202006020911,2016102333,2007102003,2003110212,1992109618,000a006843,000a010b5e,000a001d7e,000a010a33
2017103572,2017年4月7日,01020,547800,owner.netkeiba.com,桜井牧場,新ひだか町,"3,888万円 (2017年 セレクトセール)
","


4,787万円 (中央)

",2017103572,202005020511,NaN,2008102636,1994108729,1997103540,2007100337,000a010dc8,000a010e5e
2017105194,2017年4月5日,01061,708800,373126,安平町,"
-
","


1億2,648万円 (中央)

",22戦5勝 [5-1-2-14],202306020610,2018104903,2015104665,2002100816,000a00033a,000a0003a2,2007103234,2001103460,2000110189
2017105241,2017年3月16日,01144,506800,owner.netkeiba.com,ノーザンファーム,安平町,"
-
","


6,963万円 (中央)

",2017105241,202009010210,NaN,2002100816,000a00033a,000a0003a2,000a012f87,000a012551,000a012f36
2017105327,2017年1月23日,01070,506800,owner.netkeiba.com,ノーザンファーム,安平町,"
-
","


4億5,763万円 (中央)

",2017105327,201909050611,NaN,2001103038,000a00033a,1990104626,000a0121c3,000a00fe91,000a01217f
2017105434,2017年2月9日,01061,002803,373126,安平町,"
-
","


7,732万円 (中央)

",16戦3勝 [3-1-0-12],201908050711,2019105298,2015110002,2001103038,000a00033a,1990104626,000a012f0a,000a001f5a,000a012ebe
2017105472,2017年2月26日,00399,790031,373126,安平町,"1億7,820万円 (2017年 セレクトセール)
","


1億5,042万円 (中央)

",12戦3勝 [3-2-1-6],202006020411,2018105179,2015104925,2002100816,000a00033a,000a0003a2,000a011fff,000a011fae,000a011fb9
2017105567,2017年2月8日,01071,226800,owner.netkeiba.com,ノーザンファーム,安平町,"
-
","


3億7,804万円 (中央)

",2017105567,202307010611,NaN,2004102753,1994108729,1997103540,000a011190,000a001f0b,000a0110e8
2017105973,2017年2月16日,01020,683002,400032,浦河町,"
-
","


5,932万円 (中央)

",10戦2勝 [2-1-0-7],201901020511,2019103588,2015102983,2009102739,1994108729,1998106155,2006100776,2001103460,1999100119
2017110026,2017年3月14日,01126,003060,970731,英,"
-
","


9,288万円 (中央)

",14戦2勝 [2-1-4-7],202005010611,2019110033,,000a011656,000a00232b,000a009bbd,000a014045,000a002328,000a014017
2017110067,2017年3月17日,01002,346803,280888,米,"
-
","


7,580万円 (中央)

",17戦4勝 [4-3-1-9],202106010810,,,000a011248,000a002133,000a011139,000a0141c9,000a00ff1f,000a0141c8
2018100026,2018年4月3日,01123,305030,003341,日高町,"1,760万円 (2020年 JRAブリーズアップセール)
","


4,700万円 (中央)

",13戦2勝 [2-2-1-8],202110020210,2016102768,2020101212,2010104155,1999110099,2002100844,2009102124,1998101516,000a010a97
2018100995,2018年2月23日,01169,089803,213321,日高町,"
-
","


2,411万円 (中央)

",19戦2勝 [2-3-1-13],202207060602,2013104496,2020102378,2009102739,1994108729,1998106155,2005110200,000a001d37,000a0108de
2018101071,2018年4月1日,01038,265006,413329,日高町,"
-
","


9,500万円 (中央)

",12戦2勝 [2-1-1-8],202106040511,2019102220,2015101984,2007102923,2000101426,000a00039f,2007106112,1995104427,2001102790
2018103559,2018年2月10日,01127,518002,233071,新ひだか町,"2,160万円 (2018年 セレクトセール)
","


8億6,096万円 (中央)

",15戦7勝 [7-2-0-6],202209021211,2016105526,,2012104511,2001103460,2000107542,2008110046,000a010c91,000a0116ec
2018104475,2018年3月5日,01071,026803,owner.netkeiba.com,矢野牧場,新ひだか町,"
-
","


1億686万円 (中央)

",2018104475,202109010610,NaN,2002100816,000a00033a,000a0003a2,000a012955,000a011cf9,000a012861
2018104942,2018年5月4日,01110,486800,owner.netkeiba.com,ノーザンファーム,安平町,"
-
","


1億195万円 (中央)

",2018104942,202008040709,NaN,2002100816,000a00033a,000a0003a2,000a010bf2,000a010a17,000a010a27
2018104948,2018年5月1日,01144,808800,owner.netkeiba.com,ノーザンファーム,安平町,"
-
","


8,520万円 (中央)

",2018104948,202106020811,NaN,2001103038,000a00033a,1990104626,2010104147,000a00232b,000a0117fe
2018104963,2018年1月29日,00438,619800,373126,安平町,"1億800万円 (2018年 セレクトセール)
","


3億1,861万円 (中央)

",15戦3勝 [3-2-5-5],202006050711,2016104435,2017105248,2009106461,2001103038,1999106889,000a011dce,000a010a5f,000a011d6c
2018104980,2018年2月19日,01105,550033,373126,安平町,"6,480万円 (2018年 セレクトセール)
","


2億9,919万円 (中央)

",11戦3勝 [3-2-2-4],202107050711,2019105125,2017105263,2001190004,000a001ce7,000a010527,2011103810,2002100816,000a010fb1
2018105012,2018年3月19日,01061,708800,373126,安平町,"
-
","


1億1,964万円 (中央)

",7戦3勝 [3-1-1-2],202207010611,2007103169,2008103136,2002100816,000a00033a,000a0003a2,2002106979,000a00013a,1993110096
2018105027,2018年3月10日,01097,486800,owner.netkeiba.com,ノーザンファーム,安平町,"
-
","


7億7,663万円 (中央)

",2018105027,202106050811,NaN,2010104155,1999110099,2002100844,2009106142,2001103038,000a0001b4
2018105060,2018年3月2日,01151,675030,373126,安平町,"5,076万円 (2019年 セレクトセール)
","



1億2,340万円 (中央) /2,688万円 (地方)
",19戦4勝 [4-4-1-10],202107011211,2019105225,2017105343,2008102636,1994108729,1997103540,000a012f05,000a01132a,000a012eb9
2018105092,2018年4月18日,01058,535031,373126,安平町,"4,428万円 (2019年 セレクトセール)
","


8,697万円 (中央)

",10戦3勝 [3-1-1-5],202109011111,2019105258,2017105380,2008103552,2001103460,1996107173,2008100662,2002100816,1993100872
2018105277,2018年4月6日,01175,072803,373126,安平町,"2億4,840万円 (2019年 セレクトセール)
","


8,555万円 (中央)

",15戦2勝 [2-1-3-9],202106010611,2017105563,2016104626,2001103038,000a00033a,1990104626,000a012b0b,000a0129b9,000a0129ca
2018105366,2018年4月5日,01055,180800,owner.netkeiba.com,ノーザンファーム,安平町,"
-
","


8,862万円 (中央)

",2018105366,202009050311,NaN,2002100816,000a00033a,000a0003a2,2010110012,000a002071,000a011c29
2018105402,2018年2月15日,01067,909006,301513,安平町,"4,320万円 (2019年 セレクトセール)
","


1億4,969万円 (中央)

",13戦6勝 [6-2-0-5],202307010111,2019104524,2020102543,2001103038,000a00033a,1990104626,2011103549,2001103460,000a0002aa
2019100861,2019年3月4日,01088,877800,430316,新冠町,"
-
","


3,583万円 (中央)

",15戦2勝 [2-3-1-9],202206040107,2020106309,2016102726,2012104511,2001103460,2000107542,2009106050,000a011072,000a011350
2019101348,2019年2月28日,01050,666030,910466,日高町,"
-
","


9,099万円 (中央)

",11戦2勝 [2-1-2-6],202206020711,2017100123,2020101303,000a013bba,000a011d00,000a013bb9,2013100300,2000101426,2006104239
2019101782,2019年2月25日,00420,379008,541543,日高町,"1,870万円 (2020年 北海道セレクションセール)
","


1億4,972万円 (中央)

",12戦5勝 [5-1-1-5],202306010111,2020101712,,2011100655,2004103328,2001102948,2014104055,1998190004,2007101072
2019102879,2019年4月22日,01044,534006,443058,新ひだか町,"
-
","


1億5,038万円 (中央)

",11戦3勝 [3-2-0-6],202207011211,2009101399,2015102264,2001103038,000a00033a,1990104626,2002101038,000a000082,000a0001cc
2019103662,2019年3月24日,01176,195031,903038,浦河町,"2,530万円 (2020年 北海道セレクションセール)
","


4,935万円 (中央)

",6戦2勝 [2-1-0-3],202109050711,2014103213,2017106036,2013105915,2001103460,2002100844,2008101489,1997100569,1997100397
2019104409,2019年3月13日,01005,270006,351543,日高町,"
-
","


4,616万円 (中央)

",19戦2勝 [2-2-1-14],202101020110,2014101708,2018105661,2013105718,2002100816,000a011dc7,2008105789,1996190005,000a010a98
2019104658,2019年5月19日,01106,011008,393126,千歳市,"3,960万円 (2020年 セレクトセール)
","


5,449万円 (中央)

",13戦2勝 [2-3-3-5],202106050109,2012104142,2014105413,2001103038,000a00033a,1990104626,000a0111c4,1989109107,000a011147
2019104666,2019年3月22日,01061,790031,393126,千歳市,"7,700万円 (2020年 セレクトセール)
","


4,852万円 (中央)

",12戦2勝 [2-1-2-7],202109060309,2011104182,2017104682,2010104155,1999110099,2002100844,2003102492,000a00033a,1995107979
2019104706,2019年4月1日,01027,037803,393126,千歳市,"1億8,700万円 (2020年 セレクトセール)
","


3億4,527万円 (中央)

",10戦4勝 [4-1-3-2],202209040711,2018104578,2020102824,2002100816,000a00033a,000a0003a2,000a013871,000a001b4d,000a0136fe
2019104756,2019年2月11日,01068,016008,393126,千歳市,"864万円 (2019年 セレクトセール)
","


7,542万円 (中央)

",11戦3勝 [3-1-0-7],202206010611,2018104626,2021105062,2007102951,000a0022d2,000a010eb7,2013105462,2007102923,2005190003
2019105039,2019年1月17日,00438,877800,373126,安平町,"2億7,000万円 (2019年 セレクトセール)
","


5,816万円 (中央)

",6戦4勝 [4-0-0-2],202205040311,2017105186,2018104896,000a013b82,000a011a7e,000a013b81,2008103077,2001103460,2000107542
2019105056,2019年2月25日,01126,226800,owner.netkeiba.com,ノーザンファーム,安平町,"
-
","


2億3,581万円 (中央)

",2019105056,202206030811,NaN,000a013b82,000a011a7e,000a013b81,2009106257,2001103460,2003102802
2019105155,2019年1月27日,01151,486800,owner.netkeiba.com,ノーザンファーム,安平町,"
-
","


1億3,351万円 (中央)

",2019105155,202106050911,NaN,2002100816,000a00033a,000a0003a2,000a01205f,000a011591,000a012028
2019105195,2019年2月7日,01070,619800,373126,安平町,"1億7,280万円 (2019年 セレクトセール)
","


1億9,086万円 (中央)

",7戦2勝 [2-1-1-3],202205010611,2020103372,2021107179,2001103038,000a00033a,1990104626,000a013daf,2005190007,000a013ca9
2019105219,2019年3月23日,01126,506800,owner.netkeiba.com,ノーザンファーム,安平町,"
-
","


8億660万円 (中央)

",2019105219,202206050811,NaN,2012102013,2001103312,2005106935,2010104274,1995104427,1998101846
2019105283,2019年5月7日,01061,002803,373126,安平町,"
-
","


4億4,886万円 (中央)

",9戦5勝 [5-1-1-2],202205021211,2017105416,2018105129,2001103038,000a00033a,1990104626,000a0137a4,000a010544,000a013754
2019105346,2019年4月12日,01157,195031,373126,安平町,"2億900万円 (2020年 セレクトセール)
","


2億1,109万円 (中央)

",9戦4勝 [4-1-1-3],202309011211,2017105477,2016104819,2002100816,000a00033a,000a0003a2,000a0124d2,000a00fa49,000a01240e
2019106933,2019年3月25日,01061,708800,373126,安平町,"
-
","


3,721万円 (中央)

",9戦1勝 [1-3-0-5],202107050802,2007103169,2018105012,2001103460,000a001d7e,000a00680e,2002106979,000a00013a,1993110096
