date,where_racecourse,weather,race_round,race_title,race_id,total_horse_number,frame_number,horse_number,odds,popular,rank,rider_id,burden_weight,distance,ground_status,goal_time,goal_time_dif,half_way_rank,pace,last_time,horse_weight,runner-up-horse-id,prize,horse_id,target_race_id
2022/08/21,2札幌4,晴,11,札幌記念(G2),202201020411,16,1,1,50.0,10,16,00666,57,芝2000,良,2:04.6,3.4,13-13-14-16,35.5-37.7,39.0,510(0),2018100274, ,2013105788,202209020411
2022/04/03,2阪神4,曇,11,大阪杯(G1),202209020411,16,8,16,145.9,13,14,01174,57,芝2000,良,2:00.0,1.6,11-12-13-14,34.6-35.8,36.0,510(-2),2017105376, ,2013105788,202209020411
2022/02/13,1阪神2,小雨,11,京都記念(G2),202209010211,13,8,12,24.3,9,11,01174,57,芝2200,稍,2:13.3,1.4,11-11-12-13,36.0-34.5,34.5,512(+4),2015101654, ,2013105788,202209020411
2021/11/28,5東京8,晴,12,ジャパンC(G1),202105050812,18,7,15,76.9,12,14,01116,57,芝2400,良,2:26.5,1.8,12-14-16-15,37.0-35.3,34.9,508(+2),2017101835, ,2013105788,202209020411
2021/10/10,4阪神2,晴,11,京都大賞典(G2),202109040211,14,5,8,32.1,9,1,01116,57,芝2400,良,2:24.5,0.0,8-8-7-7,37.2-36.4,35.9,506(+2),2017105525,"6,798.0",2013105788,202209020411
2021/05/02,2阪神12,晴,11,天皇賞(春)(G1),202109021211,17,3,6,98.4,12,8,01116,58,芝3200,良,3:16.5,1.8,11-11-7-7,35.8-37.4,38.3,504(+2),2016104854, ,2013105788,202209020411
2020/11/29,5東京9,曇,12,ジャパンC(G1),202005050912,15,7,12,226.1,11,9,01122,57,芝2400,良,2:24.2,1.2,13-13-13-10,35.3-37.8,35.1,502(+8),2015104961, ,2013105788,202209020411
2020/04/05,2阪神4,晴,11,大阪杯(G1),202009020411,12,7,9,39.6,7,11,05596,57,芝2000,良,1:59.5,1.1,8-8-10-8,36.9-34.2,34.7,494(-12),2015105046, ,2013105788,202209020411
2019/11/24,5東京8,曇,11,ジャパンC(G1),201905050811,15,8,14,50.4,12,4,00666,57,芝2400,重,2:26.5,0.6,15-15-15-13,36.4-37.2,36.3,506(+2),2014106083,"4,500.0",2013105788,202209020411
2019/10/27,4東京9,晴,11,天皇賞(秋)(G1),201905040911,16,4,8,53.0,8,10,00666,58,芝2000,良,1:57.6,1.4,14-13-13,35.7-34.3,34.4,504(-4),2015104961, ,2013105788,202209020411
2019/06/23,3阪神8,曇,11,宝塚記念(G1),201909030811,12,6,7,11.8,7,11,05203,58,芝2200,良,2:12.9,2.1,12-12-12-11,35.5-35.3,36.3,508(+2),2014106220, ,2013105788,202209020411
2019/03/31,2阪神4,曇,11,大阪杯(G1),201909020411,14,1,1,37.4,10,4,05203,57,芝2000,良,2:01.2,0.2,14-14-11-11,36.4-35.5,34.9,506(-8),2014106046,"1,800.0",2013105788,202209020411
2019/02/10,2京都6,晴,11,京都記念(G2),201908020611,12,8,12,4.4,2,3,05203,57,芝2200,良,2:14.9,0.1,9-9-7-7,37.2-35.1,34.7,514(+10),2014106010,"1,612.0",2013105788,202209020411
2018/12/23,5中山8,曇,11,有馬記念(G1),201806050811,16,2,4,42.5,12,10,05203,57,芝2500,稍,2:33.0,0.8,9-9-9-10,30.2-36.9,36.3,504(+10),2015104882, ,2013105788,202209020411
2018/10/28,4東京9,晴,11,天皇賞(秋)(G1),201805040911,12,5,6,7.0,3,7,00666,58,芝2000,良,1:57.7,0.9,10-10-9,36.2-34.5,33.7,494(-12),2014106201, ,2013105788,202209020411
2018/08/19,2札幌2,曇,11,札幌記念(G2),201801020211,16,3,5,4.3,1,2,05339,57,芝2000,稍,2:01.1,0.0,15-14-13-11,34.4-37.6,36.4,506(+6),2014105304,"2,832.0",2013105788,202209020411
2017/11/26,5東京8,晴,11,ジャパンC(G1),201705050811,17,6,11,15.0,6,4,00422,57,芝2400,良,2:24.6,0.9,12-12-11-11,36.3-35.1,35.1,500(-4),2012104759,"4,500.0",2013105788,202209020411
2017/10/29,4東京9,雨,11,天皇賞(秋)(G1),201705040911,18,7,15,22.6,9,5,00422,58,芝2000,不,2:09.5,1.2,15-17-15,38.6-38.7,38.6,504(+2),2012102013,"1,500.0",2013105788,202209020411
2017/10/08,4東京2,曇,11,毎日王冠(G2),201705040211,12,2,2,5.6,2,6,00422,57,芝1800,良,1:45.9,0.3,5-6-6,35.6-33.5,33.3,502(0),2012104889, ,2013105788,202209020411
2017/04/02,2阪神4,晴,11,大阪杯(G1),201709020411,14,8,14,3.8,2,4,05339,57,芝2000,良,1:59.3,0.4,11-12-13-10,35.5-35.3,33.9,502(0),2012102013,"1,800.0",2013105788,202209020411
2017/02/12,2京都6,晴,11,京都記念(G2),201708020611,10,3,3,1.7,1,3,05366,57,芝2200,稍,2:14.3,0.2,5-5-5-4,36.4-36.0,34.9,502(0),2012104668,"1,610.2",2013105788,202209020411
2016/10/02,シャンテ,晴, ,凱旋門賞(G1),2016C5100204,16, ,14, ,1,14,05339,56,芝2400,良, , , , , ,計不,, ,2013105788,202209020411
2016/09/11,フランス, , ,ニエル賞(G2),2016A8a01303,5, ,5, ,1,1,05339,58,芝2400,良,2:35.84, , , , ,計不,000a012ece, ,2013105788,202209020411
2016/05/29,2東京12,晴,10,東京優駿(G1),201605021210,18,2,3,4.0,3,1,01088,57,芝2400,良,2:24.0,0.0,7-8-8-8,35.6-34.2,33.3,502(+4),2013106101,"23,153.5",2013105788,202209020411
2016/04/17,3中山8,晴,11,皐月賞(G1),201606030811,18,2,3,3.7,3,2,01088,57,芝2000,良,1:58.1,0.2,17-17-15-13,34.2-35.6,33.9,498(+2),2013104704,"4,796.8",2013105788,202209020411
2016/03/06,2中山4,曇,11,報知杯弥生賞(G2),201606020411,12,8,11,2.6,2,1,05339,56,芝2000,良,1:59.9,0.0,12-9-9-8,34.3-35.1,33.6,496(0),2013105915,"5,485.4",2013105788,202209020411
2016/01/23,1京都7,曇,10,若駒S(OP),201608010710,8,5,5,1.6,1,1,05339,56,芝2000,良,2:02.4,-0.2,5-5-6-4,37.6-33.5,32.6,496(-10),2013102360,"1,919.6",2013105788,202209020411
2015/10/18,4京都5,晴,5,2歳新馬,201508040505,11,5,5,1.6,1,1,05212,55,芝1800,良,1:47.7,-0.4,5-5,36.4-33.9,33.5,506(0),2013105832,700.0,2013105788,202209020411
2023/03/19,1阪神12,晴,11,阪神大賞典(G2),202309011211,14,7,11,114.0,10,4,01124,57,芝3000,良,3:06.5,0.4,1-1-1-1,38.6-34.4,34.8,468(0),2019105346,"1,000.0",2015101654,202209020411
2023/02/12,1阪神2,晴,11,京都記念(G2),202309010211,13,4,4,111.2,10,9,01124,58,芝2200,良,2:12.3,1.4,8-8-11-12,34.6-34.5,35.1,468(+2),2019105283, ,2015101654,202209020411
2023/01/15,1中京6,曇,11,日経新春杯(G2),202307010611,14,8,13,70.8,12,9,01124,58,芝2200,稍,2:15.0,0.8,1-1-1-1,36.3-35.4,36.2,466(-4),2017105567, ,2015101654,202209020411
2022/11/06,5東京2,晴,11,アルゼンチン共和国杯(G2),202205050211,18,7,14,46.8,14,10,05626,57,芝2500,良,2:31.9,0.8,2-2-2-2,29.5-34.9,35.3,470(-4),2018106273, ,2015101654,202209020411
2022/10/10,4阪神3,曇,11,京都大賞典(G2),202209040311,14,1,1,25.6,12,12,01124,57,芝2400,稍,2:26.1,1.8,3-3-2-2,35.8-33.9,35.6,474(+6),2017105082, ,2015101654,202209020411
2022/06/26,3阪神4,晴,11,宝塚記念(G1),202209030411,17,1,2,122.0,12,16,01124,58,芝2200,良,2:12.4,2.7,4-3-3-5,33.9-36.3,38.5,468(0),2018103559, ,2015101654,202209020411
2022/04/03,2阪神4,曇,11,大阪杯(G1),202209020411,16,8,15,92.9,11,7,01124,57,芝2000,良,1:59.0,0.6,2-2-2-2,34.6-35.8,36.2,468(0),2017105376, ,2015101654,202209020411
2022/02/13,1阪神2,小雨,11,京都記念(G2),202209010211,13,7,11,51.5,12,1,01124,56,芝2200,稍,2:11.9,-0.2,1-1-1-1,36.0-34.5,34.5,468(0),2016100527,"6,291.0",2015101654,202209020411
2022/01/16,1中京6,晴,11,日経新春杯(G2),202207010611,16,4,7,87.9,12,5,01124,55,芝2200,良,2:12.6,0.9,3-3-2-2,36.0-35.1,35.9,468(+4),2018105012,570.0,2015101654,202209020411
2021/12/11,6中京3,曇,11,中日新聞杯(G3),202107060311,18,3,6,154.0,17,2,01124,54,芝2000,良,1:59.9,0.1,2-2-2-2,36.5-35.0,35.0,464(-4),2016102929,"1,618.2",2015101654,202209020411
2021/10/17,4東京4,曇,11,オクトーバーS(L),202105040411,18,6,11,73.9,16,8,01124,56,芝2000,稍,2:00.9,0.9,5-9-10,35.8-35.9,35.5,468(-4),2017106711, ,2015101654,202209020411
2021/09/18,5中京3,曇,11,ケフェウスS(OP),202107050311,13,6,9,50.4,12,9,01116,54,芝2000,重,2:01.9,0.7,9-8-8-8,37.4-34.3,34.5,472(-2),2017104756, ,2015101654,202209020411
2021/06/05,4中京1,曇,11,鳴尾記念(G3),202107040111,13,2,2,88.0,11,10,01116,56,芝2000,良,2:01.9,1.2,12-12-13-13,38.0-34.1,34.2,474(+4),2016110103, ,2015101654,202209020411
2021/05/15,3中京3,晴,11,都大路S(L),202107030311,11,7,10,7.5,4,7,01116,56,芝2000,良,2:00.0,0.5,5-5-5-4,36.6-34.5,34.6,470(-6),2013105646, ,2015101654,202209020411
2021/03/07,1阪神8,曇,11,大阪城S(L),202109010811,16,6,11,25.1,10,10,05525,55,芝1800,良,1:46.9,0.8,3-3,35.7-34.1,34.7,476(+6),2016104851, ,2015101654,202209020411
2021/01/30,1東京1,晴,11,白富士S(L),202105010111,13,4,4,63.3,10,4,01075,56,芝2000,良,1:59.2,0.2,9-11-11,37.3-34.7,34.0,470(+4),2017105376,390.0,2015101654,202209020411
2020/06/28,3阪神8,曇,11,宝塚記念(G1),202009030811,18,2,4,413.5,17,18,05525,58,芝2200,稍,2:21.8,8.3,7-6-8-17,34.6-36.3,43.5,466(+2),2016104750, ,2015101654,202209020411
2020/05/31,2東京12,曇,12,目黒記念(G2),202005021212,18,4,8,28.6,11,11,01014,55,芝2500,良,2:30.3,0.7,12-12-12-8,29.9-35.9,35.9,464(0),2016104376, ,2015101654,202209020411
2020/05/09,2東京5,曇,10,メトロポリタンS(L),202005020510,11,6,6,6.1,4,10,01075,56,芝2400,良,2:26.6,0.8,2-4-3-5,37.1-33.6,34.1,464(-2),2015104671, ,2015101654,202209020411
2020/01/19,1京都7,曇,11,日経新春杯(G2),202008010711,14,8,13,5.4,3,11,01014,55,芝2400,良,2:28.1,1.2,5-5-5-3,35.7-35.3,36.0,466(+2),2016100915, ,2015101654,202209020411
2019/11/03,5東京2,曇,11,アルゼンチン共和国杯(G2),201905050211,13,1,1,2.8,1,3,05339,55,芝2500,良,2:31.7,0.2,8-8-7-7,30.3-34.1,33.8,464(-4),2014106081,"1,413.6",2015101654,202209020411
2019/10/06,4東京2,曇,9,六社S(3勝クラス),201905040209,15,4,6,3.9,2,1,01014,56,芝2400,良,2:25.8,-0.2,3-3-4-4,36.7-33.9,33.6,468(+6),2015100831,"1,851.5",2015101654,202209020411
2019/07/13,3中京5,小雨,11,マレーシアC(3勝クラス),201907030511,10,4,4,3.6,2,4,01088,57,芝2000,稍,2:00.9,0.1,3-4-3-3,37.5-34.0,33.8,462(-4),2015104188,270.0,2015101654,202209020411
2019/04/29,3京都4,曇,10,烏丸S(1600万下),201908030410,12,1,1,3.2,1,2,01154,56,芝2400,良,2:25.4,0.1,2-2-2-2,36.6-34.4,34.4,466(0),2015104897,737.2,2015101654,202209020411
2019/03/31,2阪神4,曇,10,御堂筋S(1600万下),201909020410,9,3,3,4.1,3,4,01154,55,芝2400,良,2:26.2,0.1,2-2-3-3,36.4-36.4,36.4,466(+2),2015104649,270.0,2015101654,202209020411
2019/01/13,1京都4,晴,11,日経新春杯(G2),201908010411,16,2,4,7.5,4,15,05517,52,芝2400,良,2:29.3,3.1,5-6-5-6,34.1-37.7,40.0,464(+4),2015104063, ,2015101654,202209020411
2018/10/21,4京都7,晴,11,菊花賞(G1),201808040711,18,5,10,24.5,9,12,01154,57,芝3000,良,3:07.8,1.7,5-5-5-3,37.2-34.2,35.7,460(-2),2015105075, ,2015101654,202209020411
2018/10/02,4阪神9,晴,9,兵庫特別(1000万下),201809040909,8,7,7,1.7,1,1,01154,53,芝2400,良,2:26.8,-0.7,2-2-2-2,37.8-34.5,34.3,462(0),2014105970,"1,520.3",2015101654,202209020411
2018/07/22,3中京8,晴,9,渥美特別(500万下),201807030809,14,8,13,6.5,4,1,01154,54,芝2200,良,2:11.9,-0.4,3-3-2-3,34.7-35.9,35.6,462(0),2014102453,"1,080.8",2015101654,202209020411
2018/05/19,3京都9,晴,9,メルボルンT(500万下),201808030909,10,4,4,7.1,5,2,01154,56,芝2200,良,2:14.9,0.2,2-2-2-2,36.7-36.5,36.7,462(+2),2015104889,407.2,2015101654,202209020411
2018/04/29,3京都4,晴,4,3歳未勝利,201808030404,11,4,4,10.5,5,1,01154,56,芝2400,良,2:27.1,0.0,8-8-9-8,34.8-34.6,33.9,460(-6),2015103979,500.0,2015101654,202209020411
2018/02/18,2京都8,晴,5,3歳未勝利,201808020805,13,3,3,16.4,5,6,01034,56,芝2000,良,2:03.2,1.7,4-4-4-6,36.3-36.4,37.8,466(-2),2015104868, ,2015101654,202209020411
2018/01/20,1京都6,晴,6,3歳未勝利,201808010606,15,2,2,116.0,11,4,01154,56,芝2000,稍,2:04.0,0.3,6-6-10-8,36.7-35.8,35.4,468(-18),2015105110,75.0,2015101654,202209020411
2017/12/23,5阪神7,晴,5,2歳新馬,201709050705,12,6,7,27.0,7,9,01034,55,芝2000,良,2:07.1,1.0,7-7-7-7,38.8-33.7,34.3,486(0),2015104987, ,2015101654,202209020411
2023/02/18,1東京7,晴,11,ダイヤモンドS(G3),202305010711,16,3,5,77.5,13,2,01075,56,芝3400,良,3:29.2,0.1,5-5-7-6,37.8-36.2,35.7,468(+4),2019101847,"1,716.0",2016102201,202209020411
2023/01/05,1中山1,晴,11,日刊スポ賞中山金杯(G3),202306010111,17,5,9,138.3,16,13,01075,56,芝2000,良,2:01.2,1.0,15-16-15-15,36.2-35.9,35.7,464(+2),2019101782, ,2016102201,202209020411
2022/11/19,5阪神5,晴,11,アンドロメダS(L),202209050511,11,8,10,24.9,8,10,00732,56,芝2000,良,2:01.0,1.7,7-7-8-6,36.4-35.3,36.3,462(-14),2019102879, ,2016102201,202209020411
2022/08/14,4小倉2,晴,11,小倉記念(G3),202210040211,15,8,16,15.2,7,9,01116,56,芝2000,良,1:59.1,1.7,8-9-8-12,34.7-35.0,36.0,476(+4),2018100927, ,2016102201,202209020411
2022/07/10,2福島4,曇,11,七夕賞(G3),202203020411,16,2,3,6.6,3,5,05212,56,芝2000,良,1:58.8,1.0,6-6-7-8,34.4-35.3,35.2,472(+6),2017100464,430.0,2016102201,202209020411
2022/04/03,2阪神4,曇,11,大阪杯(G1),202209020411,16,2,3,182.3,14,15,05212,57,芝2000,良,2:00.3,1.9,7-8-9-9,34.6-35.8,36.8,466(-6),2017105376, ,2016102201,202209020411
2022/02/27,2中山2,晴,11,中山記念(G2),202206020211,16,2,4,13.3,5,6,05212,56,芝1800,良,1:47.7,1.3,13-14-13-13,35.2-37.3,36.5,472(+4),2017106711, ,2016102201,202209020411
2021/11/14,2福島4,晴,11,福島記念(G3),202103020411,16,6,12,9.1,6,2,00733,55,芝2000,良,1:59.8,0.6,6-6-6-6,33.6-37.6,35.6,468(+10),2017106711,"1,616.4",2016102201,202209020411
2021/10/10,4阪神2,晴,11,京都大賞典(G2),202109040211,14,4,6,13.9,7,10,00732,56,芝2400,良,2:25.3,0.8,5-6-7-7,37.2-36.4,36.7,458(-10),2013105788, ,2016102201,202209020411
2021/08/15,4小倉2,曇,11,小倉記念(G3),202110040211,9,7,7,7.1,5,2,00732,55,芝2000,稍,1:59.8,0.1,6-6-4-5,36.4-35.6,35.4,468(+6),2017106161,"1,610.8",2016102201,202209020411
2021/06/13,3東京4,曇,11,エプソムC(G3),202105030411,18,3,6,31.6,11,6,00733,56,芝1800,良,1:45.6,0.5,10-16-16,35.3-34.9,34.4,462(-12),2016104772, ,2016102201,202209020411
2021/05/09,2新潟2,晴,11,新潟大賞典(G3),202104020211,14,4,6,6.8,4,11,00733,55,芝2000,良,2:00.4,1.1,10-10,34.2-37.6,37.6,474(+8),2015102735, ,2016102201,202209020411
2021/03/27,3中山1,晴,11,日経賞(G2),202106030111,15,1,1,27.4,8,4,00733,56,芝2500,良,2:33.9,0.6,9-10-9-7,31.0-34.9,34.7,466(+2),2017101431,"1,000.0",2016102201,202209020411
2021/02/20,1東京7,晴,11,ダイヤモンドS(G3),202105010711,16,2,4,7.6,3,5,00733,55,芝3400,良,3:32.3,1.1,3-3-4-3,38.2-35.1,35.9,464(+2),2015104797,410.0,2016102201,202209020411
2020/12/05,5中山1,小雨,11,ステイヤーズS(G2),202006050111,15,5,9,10.8,6,5,00733,56,芝3600,稍,3:52.6,0.6,7-7-7-5,39.8-35.2,34.9,462(0),2016101209,620.0,2016102201,202209020411
2020/11/07,5東京1,曇,10,ノベンバーS(3勝クラス),202005050110,15,6,11,47.2,12,1,00733,57,芝1800,良,1:46.7,-0.3,9-10-13,36.1-34.1,33.4,462(0),2015105091,"1,852.2",2016102201,202209020411
2020/08/22,3新潟3,晴,11,日本海S(3勝クラス),202004030311,16,5,10,12.6,7,6,01169,57,芝2200,良,2:14.5,0.9,5-5-4-5,34.2-36.6,37.1,462(0),2015101645, ,2016102201,202209020411
2020/07/19,2福島6,晴,9,信夫山特別(2勝クラス),202003020609,16,3,5,28.3,10,1,00733,54,芝2600,良,2:40.6,-0.3,8-8-6-6,36.4-37.2,36.2,462(-4),2016104965,"1,533.6",2016102201,202209020411
2020/06/14,3東京4,曇,9,八王子特別(2勝クラス),202005030409,16,1,2,22.4,9,8,01075,57,ダ2100,不,2:10.5,1.3,9-8-9-8,30.1-36.3,36.9,466(-6),2015102764, ,2016102201,202209020411
2020/05/24,2東京10,晴,12,是政特別(2勝クラス),202005021012,16,7,13,40.1,9,4,01126,57,ダ2100,良,2:13.7,0.8,5-5-4-3,31.7-37.1,37.5,472(+6),2016101055,230.0,2016102201,202209020411
2020/03/14,2中山5,雪,12,4歳以上2勝クラス,202006020512,16,8,15,20.6,7,8,05596,56,ダ2400,不,2:33.8,1.2,3-3-4-7,37.7-37.8,38.7,466(-4),2015100274, ,2016102201,202209020411
2020/02/16,1小倉10,曇,9,4歳以上1勝クラス,202010011009,14,8,14,6.4,5,1,01144,56,ダ1700,不,1:44.9,0.0,7-9-9-4,29.5-38.0,37.4,470(-2),2015101624,760.0,2016102201,202209020411
2020/01/11,1京都3,晴,8,4歳以上1勝クラス,202008010308,11,7,9,19.8,8,4,01144,56,ダ1900,稍,2:01.3,1.1,4-4-4-5,30.4-37.5,38.2,472(0),2016101847,110.0,2016102201,202209020411
2019/12/22,5阪神8,曇,7,3歳以上1勝クラス,201909050807,16,7,14,19.4,8,5,01144,56,ダ2000,良,2:07.8,0.6,8-8-6-5,36.0-38.6,38.7,472(-8),2015101581,75.0,2016102201,202209020411
2019/11/30,4中京1,晴,5,3歳以上1勝クラス,201907040105,10,1,1,55.9,10,6,01144,55,ダ1900,良,2:01.5,1.2,10-10-9-9,30.7-37.7,37.9,480(+4),2014102503, ,2016102201,202209020411
2019/05/25,3京都11,晴,6,3歳500万下,201908031106,16,7,13,63.9,13,15,01032,56,ダ1800,良,1:55.5,4.1,10-11-12-14,36.6-36.3,39.2,476(0),2016103084, ,2016102201,202209020411
2019/04/20,3京都1,晴,3,3歳未勝利,201908030103,16,6,12,47.5,9,1,01032,56,ダ1900,良,2:02.3,-0.2,4-4-2-2,29.9-39.4,39.3,476(-2),2016102533,500.0,2016102201,202209020411
2019/03/23,2中京5,曇,2,3歳未勝利,201907020502,16,8,16,96.5,12,7,01146,56,ダ1900,良,2:04.2,1.7,12-11-10-9,31.4-38.3,39.0,478(-12),2016103084, ,2016102201,202209020411
2019/03/16,1阪神7,曇,1,3歳未勝利,201909010701,10,2,2, , ,除,01146,56,ダ1800,稍, , , ,38.3-36.8, ,478(-12),2016105687, ,2016102201,202209020411
2019/01/13,1京都4,晴,6,3歳新馬,201908010406,16,4,7,140.6,13,12,01032,56,芝2000,良,2:07.0,2.6,6-8-12-11,36.9-37.4,38.6,490(0),2016104413, ,2016102201,202209020411
2023/03/04,2中山3,晴,4,障害4歳以上未勝利,202306020304,14,4,6,6.4,3,4,01196,58,障2880,良,3:11.9,1.3,8-5-4-5,104.0-39.3,13.3,460(-8),2016104238,120.0,2016102929,202209020411
2023/01/28,1小倉5,晴,4,障害4歳以上未勝利,202310010504,11,3,3,2.8,1,7,01101,60,障2860,重,3:18.2,4.9,9-9-7-7,107.0-37.9,13.9,468(+6),2018100953, ,2016102929,202209020411
2023/01/08,1中山3,晴,4,障害4歳以上未勝利,202306010304,14,8,13,3.5,2,5,01101,60,障2880,良,3:19.6,4.2,2-1-2-5,111.0-39.9,13.9,462(+6),2019102200,79.0,2016102929,202209020411
2022/12/11,5中山4,晴,4,障害3歳以上未勝利,202206050404,13,1,1,4.6,2,中,01101,60,障2880,良, , ,2-2-2,109.0-40.9, ,456(+2),2017104706, ,2016102929,202209020411
2022/11/19,5阪神5,晴,11,アンドロメダS(L),202209050511,11,6,6,38.8,9,8,01154,56.5,芝2000,良,2:00.2,0.9,1-2-2-2,36.4-35.3,36.2,454(+6),2019102879, ,2016102929,202209020411
2022/09/17,5中京3,曇,11,ケフェウスS(OP),202207050311,10,1,1,5.0,3,5,01154,56.5,芝2000,良,1:58.8,1.2,5-5-6-6,35.8-34.6,35.0,448(-4),2016100763,240.0,2016102929,202209020411
2022/08/14,4小倉2,晴,11,小倉記念(G3),202210040211,15,6,11,50.4,12,12,01154,57,芝2000,良,1:59.7,2.3,2-2-2-5,34.7-35.0,37.0,452(0),2018100927, ,2016102929,202209020411
2022/07/10,2福島4,曇,11,七夕賞(G3),202203020411,16,5,9,18.0,9,11,01179,57,芝2000,良,1:59.3,1.5,8-8-8-10,34.4-35.3,35.5,452(-4),2017100464, ,2016102929,202209020411
2022/06/04,4中京1,晴,11,鳴尾記念(G3),202207040111,10,7,7,9.6,6,7,01163,56,芝2000,良,1:58.5,0.8,2-2-2-2,36.1-34.3,35.0,456(+4),2017105567, ,2016102929,202209020411
2022/04/03,2阪神4,曇,11,大阪杯(G1),202209020411,16,6,12,298.8,16,12,01163,57,芝2000,良,1:59.3,0.9,5-5-5-6,34.6-35.8,36.0,452(-2),2017105376, ,2016102929,202209020411
2022/03/13,2中京2,曇,11,金鯱賞(G2),202207020211,13,1,1,38.5,11,6,05203,56,芝2000,良,1:58.0,0.8,12-10-9-7,35.7-34.6,34.6,454(-4),2018100274, ,2016102929,202209020411
2022/01/16,1中京6,晴,11,日経新春杯(G2),202207010611,16,6,11,31.9,7,12,01163,57,芝2200,良,2:13.5,1.8,2-2-2-2,36.0-35.1,36.8,458(+6),2018105012, ,2016102929,202209020411
2021/12/11,6中京3,曇,11,中日新聞杯(G3),202107060311,18,1,2,19.7,8,1,05203,55,芝2000,良,1:59.8,-0.1,1-1-1-1,36.5-35.0,35.0,452(+6),2015101654,"4,163.7",2016102929,202209020411
2021/09/18,5中京3,曇,11,ケフェウスS(OP),202107050311,13,1,1,9.8,5,8,05203,55,芝2000,重,2:01.7,0.5,4-3-4-4,37.4-34.3,34.5,446(0),2017104756, ,2016102929,202209020411
2021/09/05,4新潟8,晴,11,新潟記念(G3),202104040811,17,2,3,21.2,9,14,05386,55,芝2000,良,1:59.4,1.0,1-1,35.3-34.4,35.4,446(-2),2015100744, ,2016102929,202209020411
2021/08/15,4小倉2,曇,11,小倉記念(G3),202110040211,9,5,5,6.5,3,5,05203,55,芝2000,稍,2:00.6,0.9,2-2-4-5,36.4-35.6,36.2,448(0),2017106161,410.0,2016102929,202209020411
2021/07/11,1福島4,曇,11,七夕賞(G3),202103010411,16,3,6,16.1,9,3,05203,55,芝2000,稍,2:02.4,0.2,6-6-8-8,35.8-37.1,36.7,448(0),2016106518,"1,008.1",2016102929,202209020411
2021/06/05,4中京1,曇,11,鳴尾記念(G3),202107040111,13,6,8,24.1,9,2,01032,56,芝2000,良,2:01.3,0.6,2-2-2-2,38.0-34.1,34.4,448(+4),2016110103,"1,613.0",2016102929,202209020411
2021/05/15,3中京3,晴,11,都大路S(L),202107030311,11,8,11,5.9,3,3,01032,56,芝2000,良,1:59.6,0.1,1-1-1-1,36.6-34.5,34.6,444(-12),2013105646,653.6,2016102929,202209020411
2021/04/18,1新潟4,雨,11,福島民報杯(L),202104010411,16,6,11,12.4,6,16,01157,54,芝2000,不,2:08.4,4.7,1-1,35.0-39.6,44.3,456(+6),2016100752, ,2016102929,202209020411
2021/02/21,2小倉4,晴,11,小倉大賞典(G3),202110020411,16,7,13,15.3,6,15,05203,54,芝1800,良,1:46.8,1.3,7-8-8-12,35.4-35.9,35.8,450(+6),2014102157, ,2016102929,202209020411
2021/01/05,1中山1,曇,11,日刊スポ賞中山金杯(G3),202106010111,17,3,5,20.4,8,13,01092,54,芝2000,良,2:01.9,1.0,10-10-9-9,37.0-35.0,35.3,444(-2),2016104877, ,2016102929,202209020411
2020/12/12,3中京3,晴,11,中日新聞杯(G3),202007030311,18,2,4,18.4,8,4,05203,54,芝2000,良,2:00.4,0.3,4-4-5-5,36.4-34.4,34.1,446(+6),2016104618,620.0,2016102929,202209020411
2020/10/03,2中京8,曇,10,関ケ原S(3勝クラス),202007020810,11,7,8,11.7,5,1,05203,57,芝2000,良,2:01.4,-0.1,2-2-2-2,37.5-34.5,34.3,440(0),2016104649,"1,843.1",2016102929,202209020411
2020/08/16,2小倉2,晴,11,小倉記念(G3),202010020211,14,7,12,21.9,8,7,01157,53,芝2000,良,1:58.2,0.7,6-6-7-7,34.1-35.2,35.5,440(-2),2015100969, ,2016102929,202209020411
2020/07/18,2福島5,曇,11,阿武隈S(3勝クラス),202003020511,16,7,14,4.0,2,13,01122,56,芝2000,稍,2:03.0,1.2,1-1-2-2,35.3-36.5,37.7,442(-6),2014102243, ,2016102929,202209020411
2020/06/21,3阪神6,晴,10,垂水S(3勝クラス),202009030610,16,7,14,7.7,4,2,01154,57,芝2000,良,1:59.4,0.3,2-2-2-2,34.8-36.5,36.2,448(+10),2016105198,739.6,2016102929,202209020411
2020/04/04,2阪神3,晴,10,明石特別(2勝クラス),202009020310,14,6,9,4.1,2,1,05203,57,芝2000,良,1:59.7,-0.2,5-5-4-3,36.5-35.6,35.3,438(-6),2014101349,"1,530.1",2016102929,202209020411
2020/03/22,1阪神9,晴,9,須磨特別(2勝クラス),202009010909,9,7,7,7.0,3,3,01157,57,芝1800,良,1:46.3,0.2,2-2,35.9-35.3,33.8,444(+8),2014102330,383.1,2016102929,202209020411
2020/01/11,1京都3,晴,10,逢坂山特別(2勝クラス),202008010310,12,7,9,18.3,5,2,01157,56,芝1800,良,1:49.4,0.2,2-2,36.1-35.1,35.2,436(0),2016104629,608.2,2016102929,202209020411
2019/12/28,5阪神9,晴,10,フォーチュンC(2勝クラス),201909050910,16,5,9,17.3,7,3,01157,54,芝2000,良,2:01.5,0.5,3-3-3-3,36.8-34.9,35.1,436(0),2016104851,384.9,2016102929,202209020411
2019/10/20,4京都7,晴,9,北野特別(2勝クラス),201908040709,10,3,3,14.9,5,5,01163,55,芝2000,良,2:02.0,0.6,2-3-2-3,37.3-34.9,35.2,436(-2),2015100969,150.0,2016102929,202209020411
2019/09/29,4阪神9,晴,9,兵庫特別(2勝クラス),201909040909,9,6,6,6.8,4,9,01163,53,芝2400,良,2:27.0,2.1,1-1-1-1,36.5-34.8,36.9,438(0),2016104946, ,2016102929,202209020411
2019/09/15,4阪神4,晴,9,能勢特別(2勝クラス),201909040409,8,7,7,8.3,5,2,01163,54,芝2000,良,2:01.1,0.1,1-1-1-1,37.2-34.7,34.8,438(+6),2016104225,605.2,2016102929,202209020411
2019/06/30,3中京2,雨,8,3歳以上1勝クラス,201907030208,11,6,6,14.8,5,1,01154,54,芝2000,重,2:02.2,-0.1,1-1-1-1,36.7-35.7,35.7,432(-6),2016104357,750.0,2016102929,202209020411
2019/04/14,2阪神8,小雨,6,3歳500万下,201909020806,11,3,3,7.8,5,7,01163,55,芝2000,稍,2:03.5,0.9,2-2-2-2,37.3-34.9,35.7,438(-6),2016105136, ,2016102929,202209020411
2019/03/24,2阪神2,曇,5,3歳未勝利,201909020205,18,6,11,69.7,10,1,01163,55,芝1800,良,1:47.4,-0.4,1-1,35.1-35.9,35.9,444(0),2016103937,500.0,2016102929,202209020411
2022/12/24,6阪神7,晴,11,阪神C(G2),202209060711,18,7,15,29.0,8,17,00660,57,芝1400,良,1:22.6,2.4,5-4,33.4-35.5,37.6,506(+6),2015103057, ,2016104376,202209020411
2022/10/29,4阪神8,晴,11,MBS賞スワンS(G2),202209040811,18,3,5,79.1,12,5,01115,57,芝1400,良,1:20.0,0.2,7-5,34.1-34.6,34.3,500(+8),2015103057,590.0,2016104376,202209020411
2022/10/09,4東京2,曇,11,毎日王冠(G2),202205040211,10,7,8,57.9,9,8,01170,57,芝1800,良,1:45.2,1.1,2-3-3,34.5-34.4,35.2,492(-6),2017105327, ,2016104376,202209020411
2022/06/26,3阪神4,晴,11,宝塚記念(G1),202209030411,17,7,14,114.3,11,17,00660,58,芝2200,良,2:15.5,5.8,15-15-16-14,33.9-36.3,40.5,498(-8),2018103559, ,2016104376,202209020411
2022/04/03,2阪神4,曇,11,大阪杯(G1),202209020411,16,7,13,45.5,6,11,00660,57,芝2000,良,1:59.3,0.9,15-14-15-14,34.6-35.8,35.3,506(+10),2017105376, ,2016104376,202209020411
2022/01/23,1中山8,曇,11,アメリカジョッキーC(G2),202206010811,14,1,1,7.8,3,1,00660,56,芝2200,良,2:12.7,-0.2,13-13-12-8,36.5-35.7,34.7,496(-8),2015100744,"6,298.0",2016104376,202209020411
2021/12/11,6中京3,曇,11,中日新聞杯(G3),202107060311,18,8,16,8.0,4,5,00660,57,芝2000,良,2:00.1,0.3,4-3-4-4,36.5-35.0,34.9,504(+10),2016102929,410.0,2016104376,202209020411
2021/09/26,4中山7,曇,11,産経賞オールカマー(G2),202106040711,16,5,10,15.4,6,9,00660,56,芝2200,良,2:12.9,1.0,10-10-8-8,36.1-35.3,35.8,494(+2),2017101431, ,2016104376,202209020411
2020/10/11,4京都2,晴,11,京都大賞典(G2),202008040211,17,8,17,5.2,2,3,00660,57,芝2400,稍,2:25.9,0.3,11-9-11-12,35.5-35.0,34.4,492(0),2015104063,"1,717.2",2016104376,202209020411
2020/05/31,2東京12,曇,12,目黒記念(G2),202005021212,18,3,5,4.1,1,1,00660,54,芝2500,良,2:29.6,-0.1,15-15-13-13,29.9-35.9,34.9,492(+2),2015104689,"5,828.8",2016104376,202209020411
2020/04/04,3中山3,晴,10,湾岸S(3勝クラス),202006030310,17,3,5,3.6,1,1,00660,55,芝2200,良,2:13.6,-0.4,5-4-4-3,36.8-34.3,33.7,490(0),2016104670,"1,857.1",2016104376,202209020411
2020/03/07,2中山3,曇,9,潮来特別(2勝クラス),202006020309,9,8,8,6.5,3,1,00660,56,芝2500,良,2:34.7,-0.1,2-2-2-2,30.6-34.7,34.5,490(+6),2016104451,"1,519.6",2016104376,202209020411
2020/01/06,1京都2,晴,7,4歳以上1勝クラス,202008010207,15,8,14,13.2,6,1,00660,56,芝2000,良,2:02.8,-0.1,2-2-2-4,36.3-36.0,35.7,484(+4),2016102133,760.0,2016104376,202209020411
2019/10/21,4東京4,曇,7,3歳以上1勝クラス,201905040407,15,2,2,4.6,2,6,05203,55,芝1600,良,1:33.6,0.8,9-9,34.8-35.4,35.0,480(+2),2015101602, ,2016104376,202209020411
2019/09/07,4阪神1,晴,12,3歳以上1勝クラス,201909040112,13,2,2,11.9,3,2,05203,55,芝1600,良,1:33.5,0.3,11-11,34.6-34.0,33.6,478(+4),2016105067,300.0,2016104376,202209020411
2019/04/06,2阪神5,晴,6,3歳500万下,201909020506,11,7,9,2.7,1,8,05203,56,芝1600,良,1:36.4,0.8,10-10,36.7-33.6,33.2,474(+2),2016105026, ,2016104376,202209020411
2019/03/23,2阪神1,曇,11,毎日杯(G3),201909020111,13,4,4,19.3,9,9,01018,56,芝1800,良,1:48.2,1.0,6-6,36.5-34.3,34.8,472(-2),2016106252, ,2016104376,202209020411
2019/03/03,1阪神4,曇,5,3歳未勝利,201909010405,16,3,6,6.2,2,1,05203,56,芝1600,良,1:34.0,-0.2,10-10,35.3-35.2,34.3,474(-8),2016102636,500.0,2016104376,202209020411
2019/02/10,2京都6,晴,5,3歳未勝利,201908020605,16,4,8,12.3,6,2,05203,56,芝1600,良,1:36.1,0.2,11-12,34.3-37.4,36.2,482(+6),2016101718,200.0,2016104376,202209020411
2018/12/02,5阪神2,晴,2,2歳未勝利,201809050202,13,4,5,2.5,1,6,01088,55,ダ1400,良,1:27.2,1.0,4-6,35.2-38.8,39.2,476(-6),2016102472, ,2016104376,202209020411
2018/11/11,5京都4,晴,1,2歳未勝利,201808050401,14,3,3,7.7,5,6,05212,55,ダ1200,稍,1:13.9,0.8,14-14,35.6-37.5,36.6,482(-4),2016110061, ,2016104376,202209020411
2018/10/21,4東京7,晴,4,2歳新馬,201805040704,18,1,1,7.4,4,5,01150,55,芝1400,良,1:24.3,0.4,3-3,36.8-34.5,34.6,486(0),2016101443,70.0,2016104376,202209020411
2023/04/02,2阪神4,晴,11,大阪杯(G1),202309020411,16,7,14,8.1,4,7,01126,58,芝2000,良,1:58.0,0.6,5-5-5-5,35.5-35.3,35.4,486(-18),2018100274, ,2016104877,202209020411
2023/02/26,2中山2,晴,11,中山記念(G2),202306020211,14,7,11,9.2,5,1,01126,57,芝1800,良,1:47.1,-0.1,10-9-8-8,36.4-35.4,34.6,504(+14),2019101782,"6,799.4",2016104877,202209020411
2022/06/26,3阪神4,晴,11,宝塚記念(G1),202209030411,17,5,10,9.5,5,2,05585,58,芝2200,良,2:10.0,0.3,6-6-6-5,33.9-36.3,35.9,490(-4),2018103559,"8,108.0",2016104877,202209020411
2022/04/03,2阪神4,曇,11,大阪杯(G1),202209020411,16,5,10,27.4,5,4,01032,57,芝2000,良,1:58.7,0.3,7-7-7-6,34.6-35.8,35.3,494(+9),2017105376,"3,000.0",2016104877,202209020411
2021/12/12,シャティ, , ,香港C(G1),2021H1121208,12, ,4,5.4,3,2,05509,57,芝2000,良, , , , , ,計不,, ,2016104877,202209020411
2021/10/31,4東京8,曇,11,天皇賞(秋)(G1),202105040811,16,8,15,40.4,7,5,01126,58,芝2000,良,1:58.7,0.8,7-8-8,36.2-33.6,33.7,492(+2),2018105027,"1,500.0",2016104877,202209020411
2021/02/28,2中山2,晴,11,中山記念(G2),202106020211,14,5,8,2.5,1,1,01126,56,芝1800,良,1:44.9,0.0,4-4-4-4,34.9-35.3,34.2,490(-6),2016104414,"6,809.2",2016104877,202209020411
2021/01/05,1中山1,曇,11,日刊スポ賞中山金杯(G3),202106010111,17,5,9,3.1,1,1,01126,54,芝2000,良,2:00.9,0.0,5-8-5-6,37.0-35.0,34.5,496(+2),2017105508,"4,159.5",2016104877,202209020411
2020/11/29,5東京9,曇,11,ウェルカムS(3勝クラス),202005050911,16,6,12,8.9,5,1,01126,55,芝2000,良,2:00.7,-0.2,2-4-5,37.3-34.2,33.5,494(+6),2017102192,"1,853.6",2016104877,202209020411
2020/04/26,2東京2,晴,9,石和特別(2勝クラス),202005020209,10,8,10,1.9,1,1,05585,57,芝1800,良,1:48.0,-0.1,3-4-3,37.0-34.3,34.1,488(-4),2016104262,"1,523.1",2016104877,202209020411
2020/02/29,2中山1,晴,10,富里特別(2勝クラス),202006020110,12,6,7,2.0,1,2,05517,56,芝1800,良,1:48.4,0.3,4-4-4-4,37.2-34.7,34.7,492(-6),2016104634,608.0,2016104877,202209020411
2020/01/18,1中山6,小雨,12,4歳以上2勝クラス,202006010612,10,5,5,3.2,1,2,05517,56,芝1800,稍,1:51.6,0.0,2-3-3-5,38.2-35.8,35.6,498(+10),2016105056,440.0,2016104877,202209020411
2019/06/30,2福島2,小雨,11,ラジオNIKKEI賞(G3),201903020211,16,5,9,5.6,1,9,05212,54,芝1800,不,1:51.0,1.2,6-8-12-16,35.9-36.5,36.7,488(+6),2016102396, ,2016104877,202209020411
2019/03/17,2中山8,曇,11,フジTVスプリングS(G2),201906020811,16,4,8,6.0,3,5,05517,56,芝1800,良,1:48.0,0.2,2-2-2-2,35.8-35.7,35.8,482(-16),2016101814,540.0,2016104877,202209020411
2019/01/19,1中山6,晴,9,若竹賞(500万下),201906010609,8,4,4,1.9,1,1,05517,56,芝1800,良,1:50.4,0.0,1-1-1-1,38.0-34.7,34.7,498(+8),2016104596,"1,018.2",2016104877,202209020411
2018/12/15,5中山5,晴,7,2歳未勝利,201806050507,18,5,10,1.5,1,1,05339,55,芝2000,良,2:01.5,-0.5,1-1-1-1,36.6-36.9,36.9,490(-6),2016105515,500.0,2016104877,202209020411
2018/11/25,5東京8,晴,4,2歳新馬,201805050804,11,6,7,5.2,3,2,05366,55,芝1800,良,1:49.6,0.0,4-3-3,37.7-33.5,33.2,496(0),2016105239,280.0,2016104877,202209020411
2023/04/01,3中山3,晴,11,ダービー卿チャレンジ(G3),202306030311,16,3,5,51.8,13,13,01140,57,芝1600,良,1:34.2,1.0,14-15-10,35.4-34.1,33.4,458(-6),2019105074, ,2016105681,202209020411
2023/03/05,1阪神8,晴,11,大阪城S(L),202309010811,16,8,16,18.4,8,1,01171,56,芝1800,良,1:44.8,-0.1,7-7,34.9-34.4,33.9,464(-2),2017110138,"2,835.0",2016105681,202209020411
2023/02/12,1阪神2,晴,11,京都記念(G2),202309010211,13,8,13,176.4,13,8,05203,57,芝2200,良,2:12.2,1.3,13-12-11-12,34.6-34.5,34.9,466(+4),2019105283, ,2016105681,202209020411
2023/01/05,1中山1,晴,11,日刊スポ賞中山金杯(G3),202306010111,17,3,6,63.6,13,11,01077,56,芝2000,良,2:00.9,0.7,17-17-17-17,36.2-35.9,35.1,462(+8),2019101782, ,2016105681,202209020411
2022/12/18,5中山6,晴,11,ディセンバーS(L),202206050611,16,2,3,8.3,4,10,05203,57,芝1800,稍,1:49.2,0.8,16-16-16-15,36.1-37.5,35.5,454(-10),2019104998, ,2016105681,202209020411
2022/09/04,3新潟8,晴,11,新潟記念(G3),202204030811,18,7,15,9.6,6,11,05203,55,芝2000,良,2:00.1,1.2,12-12,36.6-33.8,34.2,464(+6),2016106606, ,2016105681,202209020411
2022/07/17,1函館12,雨,11,函館記念(G3),202202011211,16,4,8,6.0,4,3,05203,55,芝2000,重,2:04.3,0.7,14-13-13-11,35.3-38.3,37.7,458(-8),2016104624,"1,108.0",2016105681,202209020411
2022/04/03,2阪神4,曇,11,大阪杯(G1),202209020411,16,1,1,190.8,15,6,05203,57,芝2000,良,1:58.9,0.5,14-14-13-10,34.6-35.8,35.0,466(+4),2017105376, ,2016105681,202209020411
2022/02/20,2小倉4,晴,11,小倉大賞典(G3),202210020411,16,3,6,8.1,5,5,01180,55,芝1800,稍,1:49.7,0.5,14-13-15-13,37.1-36.2,35.5,462(-2),2018104960,430.0,2016105681,202209020411
2022/01/05,1中山1,晴,11,日刊スポ賞中山金杯(G3),202206010111,17,8,17,19.3,7,2,01077,54,芝2000,良,2:00.5,0.4,10-9-8-9,37.6-35.9,35.5,464(+2),2015104417,"1,717.4",2016105681,202209020411
2021/12/04,6阪神1,曇,11,チャレンジC(G3),202109060111,11,5,5,78.7,8,5,01180,56,芝2000,良,2:01.8,0.8,8-8-10-10,38.2-34.0,33.9,462(0),2018104662,410.0,2016105681,202209020411
2021/11/13,5阪神3,曇,9,岸和田S(3勝クラス),202109050309,11,8,11,31.4,9,1,01180,54,芝2000,良,2:01.1,-0.1,8-8-8-8,37.5-36.0,35.3,462(+2),2017105285,"1,845.9",2016105681,202209020411
2021/10/24,4阪神6,曇,10,元町S(3勝クラス),202109040610,14,7,11,26.5,9,8,01126,57,芝1600,良,1:34.2,0.8,13-13,36.5-33.5,32.9,460(+4),2017110138, ,2016105681,202209020411
2021/07/11,1福島4,曇,11,七夕賞(G3),202103010411,16,6,11,16.8,10,10,01122,52,芝2000,稍,2:02.9,0.7,11-12-10-13,35.8-37.1,37.0,456(0),2016106518, ,2016105681,202209020411
2021/06/19,3阪神1,小雨,9,皆生特別(2勝クラス),202109030109,7,1,1,5.8,3,1,05203,57,芝1600,重,1:35.9,-0.2,7-7,36.1-35.8,34.8,456(-2),2018103027,"1,516.1",2016105681,202209020411
2021/01/31,1中京10,晴,9,刈谷特別(2勝クラス),202107011009,11,6,7,9.4,4,9,01126,57,芝1600,良,1:34.9,1.1,11-11-11,34.9-35.8,34.8,458(0),2017100440, ,2016105681,202209020411
2021/01/10,1中京3,晴,9,渥美特別(2勝クラス),202107010309,16,6,12,19.1,8,9,01174,55,芝2000,良,2:00.7,1.0,13-13-12-13,35.6-35.2,34.9,458(-2),2016104858, ,2016105681,202209020411
2020/12/26,6阪神7,晴,7,ヤングJSFR阪神1(1勝クラス),202009060707,16,2,4,13.3,7,1,05583,57,芝1600,良,1:33.8,-0.5,8-8,35.5-35.4,34.6,460(+4),2017105283,"1,101.3",2016105681,202209020411
2020/12/12,3中京3,晴,12,豊川特別(1勝クラス),202007030312,16,2,3,57.2,12,7,01180,57,芝1600,良,1:34.8,0.6,15-12-12,34.8-35.7,34.7,456(+20),2017105373, ,2016105681,202209020411
2020/05/23,1新潟5,晴,12,荒川峡特別(1勝クラス),202004010512,11,6,7,7.0,4,7,01144,57,芝2400,良,2:28.6,0.6,11-11-10-10,36.1-35.7,35.3,436(-2),2015100157, ,2016105681,202209020411
2020/05/09,1新潟1,曇,12,春日山特別(1勝クラス),202004010112,11,2,2,7.6,6,5,01174,57,芝2000,良,2:00.7,0.8,9-9,37.2-35.1,34.6,438(-2),2016103323,106.0,2016105681,202209020411
2020/04/19,2阪神8,曇,8,4歳以上1勝クラス,202009020808,8,8,8,2.9,2,4,01093,57,芝2200,良,2:17.0,1.3,7-8-6-5,37.0-35.3,35.2,440(-4),2015105048,110.0,2016105681,202209020411
2020/03/28,1中京7,曇,8,4歳以上1勝クラス,202007010708,13,6,8,3.9,2,11,01095,57,芝2000,稍,2:03.8,1.3,6-5-5-5,36.5-35.0,35.9,444(+4),2016105048, ,2016105681,202209020411
2019/06/08,3阪神3,曇,9,生田特別(1勝クラス),201909030309,11,8,11,2.8,1,2,01014,53,芝2400,稍,2:29.5,0.0,8-8-8-5,37.4-37.4,36.9,440(0),2015104146,427.6,2016105681,202209020411
2019/05/12,2東京8,晴,10,プリンシパルS(L),201905020810,14,3,3,37.8,10,7,05203,56,芝2000,良,1:58.9,0.6,14-14-13,35.6-34.2,33.6,440(-4),2016104772, ,2016105681,202209020411
2019/04/29,3京都4,曇,5,3歳未勝利,201908030405,14,7,11,1.4,1,1,05203,56,芝2000,良,2:01.2,-0.1,12-12-7-6,36.5-35.2,34.5,444(+6),2016104005,500.0,2016105681,202209020411
2018/12/16,5阪神6,晴,4,2歳未勝利,201809050604,13,1,1,3.8,2,2,05339,55,芝1800,良,1:48.4,0.4,9-6,35.8-34.5,34.4,438(-2),2016104435,200.0,2016105681,202209020411
2018/11/18,5京都6,晴,5,2歳新馬,201808050605,9,2,2,1.7,1,4,05339,55,芝2000,良,2:02.4,1.1,7-7-8-8,36.4-34.9,34.3,440(0),2016106428,110.0,2016105681,202209020411
2023/03/25,メイダン,晴, ,ドバイシーマC(G1),2023J0032508,10, ,10,19.8,6,6,05585,55,芝2410,良, , , , , ,計不,, ,2017101431,202209020411
2022/12/11,シャティ, ,4,香港ヴァーズ(G1),2022H1121104,10, ,9,3.1,2,1,05585,55.5,芝2400,良,2:27.53, , , , ,計不,, ,2017101431,202209020411
2022/11/13,5阪神4,曇,11,エリザベス女王杯(G1),202209050411,18,7,13,10.1,5,2,05585,56,芝2200,重,2:13.3,0.3,6-6-5-2,35.3-36.4,36.1,480(-8),2018105081,"4,331.0",2017101431,202209020411
2022/08/21,2札幌4,晴,11,札幌記念(G2),202201020411,16,5,9,13.6,5,3,01085,55,芝2000,良,2:01.4,0.2,3-3-3-3,35.5-37.7,37.4,488(+12),2018100274,"1,816.0",2017101431,202209020411
2022/06/26,3阪神4,晴,11,宝塚記念(G1),202209030411,17,6,12,73.0,9,7,01085,56,芝2200,良,2:10.8,1.1,4-5-5-4,33.9-36.3,36.9,476(+14),2018103559, ,2017101431,202209020411
2022/04/03,2阪神4,曇,11,大阪杯(G1),202209020411,16,4,7,60.2,9,16,01085,55,芝2000,良,2:00.7,2.3,3-3-3-4,34.6-35.8,37.8,462(-10),2017105376, ,2017101431,202209020411
2021/11/14,5阪神4,晴,11,エリザベス女王杯(G1),202109050411,17,5,9,5.5,3,16,01170,56,芝2200,良,2:14.7,2.6,3-3-3-3,34.1-36.5,38.9,472(-4),2017106203, ,2017101431,202209020411
2021/09/26,4中山7,曇,11,産経賞オールカマー(G2),202106040711,16,1,1,4.7,2,1,01170,55,芝2200,良,2:11.9,-0.3,2-2-3-3,36.1-35.3,35.1,476(+14),2017101419,"6,812.0",2017101431,202209020411
2021/05/02,2阪神12,晴,11,天皇賞(春)(G1),202109021211,17,7,14,22.7,8,5,01170,56,芝3200,良,3:15.6,0.9,7-8-9-6,35.8-37.4,37.4,462(+6),2016104854,"1,500.0",2017101431,202209020411
2021/03/27,3中山1,晴,11,日経賞(G2),202106030111,15,3,4,8.5,4,1,01170,53,芝2500,良,2:33.3,-0.1,3-3-3-2,31.0-34.9,34.7,456(-8),2016105089,"6,810.6",2017101431,202209020411
2021/01/24,1中山8,曇,11,アメリカジョッキーC(G2),202106010811,17,8,15,10.5,5,6,01170,53,芝2200,不,2:18.3,0.4,2-2-3-4,38.0-37.9,38.0,464(+4),2017105525, ,2017101431,202209020411
2020/11/15,5阪神4,晴,11,エリザベス女王杯(G1),202009050411,18,6,12,40.8,9,4,01170,54,芝2200,良,2:10.7,0.4,3-3-3-6,34.9-34.8,34.4,460(-4),2015105046,"1,600.0",2017101431,202209020411
2020/10/18,4京都4,晴,11,秋華賞(G1),202008040411,18,8,17,17.2,5,15,01170,55,芝2000,稍,2:03.1,2.5,3-2-2-2,34.9-36.4,38.7,464(+12),2017100720, ,2017101431,202209020411
2020/05/24,2東京10,晴,11,優駿牝馬(G1),202005021011,18,8,16,28.5,7,2,00660,55,芝2400,良,2:24.5,0.1,2-2-2-4,35.4-34.2,34.0,452(+2),2017100720,"5,157.6",2017101431,202209020411
2020/04/26,2東京2,晴,11,サンスポ賞フローラS(G2),202005020211,17,2,3,11.4,4,1,01170,54,芝2000,良,1:58.7,0.0,4-4-5,35.1-35.7,35.3,450(-10),2017105426,"5,324.6",2017101431,202209020411
2020/03/31,3中山2,曇,9,ミモザ賞(1勝クラス),202006030209,11,4,4,6.4,4,1,01170,54,芝2000,稍,2:02.5,-0.3,5-4-4-2,35.6-37.0,36.5,460(+8),2017101419,"1,037.3",2017101431,202209020411
2020/01/26,1中山9,曇,9,若竹賞(1勝クラス),202006010909,11,2,2,5.6,3,5,01085,54,芝1800,稍,1:51.0,0.6,5-3-5-3,37.3-35.3,35.4,452(0),2017105366,101.0,2017101431,202209020411
2019/12/21,5中山7,曇,5,2歳新馬,201906050705,16,6,11,12.2,6,1,01170,54,芝2000,良,2:04.0,-0.6,2-2-2-1,37.9-35.4,35.4,452(0),2017104568,700.0,2017101431,202209020411
2022/12/11,シャティ, ,8,香港C(G1),2022H1121108,12, ,12,11.7,5,9,05509,55.5,芝2000,良, , , , , ,計不,, ,2017105335,202209020411
2022/10/09,4東京2,曇,11,毎日王冠(G2),202205040211,10,5,5,4.7,2,4,01088,55,芝1800,良,1:44.4,0.3,3-2-2,34.5-34.4,34.6,440(0),2017105327,"1,000.0",2017105335,202209020411
2022/05/15,2東京8,曇,11,ヴィクトリアマイル(G1),202205020811,18,7,13,4.1,1,12,01088,55,芝1600,良,1:32.9,0.7,3-3,34.7-34.2,34.3,440(+6),2018105233, ,2017105335,202209020411
2022/04/03,2阪神4,曇,11,大阪杯(G1),202209020411,16,7,14,9.2,3,2,01088,55,芝2000,良,1:58.5,0.1,3-3-3-3,34.6-35.8,35.6,434(+4),2017105376,"8,096.0",2017105335,202209020411
2022/03/13,2中京2,曇,11,金鯱賞(G2),202207020211,13,7,10,5.6,2,2,01088,56,芝2000,良,1:57.6,0.4,4-4-4-4,35.7-34.6,34.6,430(-4),2018100274,"2,726.8",2017105335,202209020411
2021/12/12,シャティ, , ,香港C(G1),2021H1121208,12, ,11,5.1,2,6,05271,55.5,芝2000,良, , , , , ,計不,, ,2017105335,202209020411
2021/11/14,5阪神4,晴,11,エリザベス女王杯(G1),202109050411,17,1,1,2.9,1,6,05339,56,芝2200,良,2:12.6,0.5,4-4-3-2,34.1-36.5,36.9,442(0),2017106203, ,2017105335,202209020411
2021/09/26,4中山7,曇,11,産経賞オールカマー(G2),202106040711,16,6,12,2.1,1,4,01088,56,芝2200,良,2:12.3,0.4,2-2-2-2,36.1-35.3,35.6,442(+10),2017101431,"1,000.0",2017105335,202209020411
2021/06/27,3阪神4,晴,11,宝塚記念(G1),202109030411,13,2,2,3.5,2,3,01088,56,芝2200,良,2:11.4,0.5,2-2-2-2,35.1-34.7,35.0,432(+10),2016104750,"3,840.2",2017105335,202209020411
2021/04/04,2阪神4,雨,11,大阪杯(G1),202109020411,13,6,8,12.2,4,1,01088,55,芝2000,重,2:01.6,-0.7,1-1-1-1,35.6-36.8,36.8,422(-2),2016100915,"13,781.4",2017105335,202209020411
2020/12/05,6阪神1,晴,11,チャレンジC(G3),202009060111,11,6,7,1.6,1,1,01088,53,芝2000,良,1:59.9,-0.2,2-2-2-1,37.3-34.4,34.4,424(0),2016104729,"4,138.5",2017105335,202209020411
2020/10/18,4京都4,晴,10,大原S(3勝クラス),202008040410,13,4,5,1.9,1,1,01088,52,芝1800,稍,1:46.3,-0.3,1-1,35.8-35.0,35.0,424(-6),2016103107,"1,849.4",2017105335,202209020411
2020/07/26,2新潟2,曇,9,糸魚川特別(2勝クラス),202004020209,9,6,6,2.0,1,1,01088,52,芝1800,良,1:45.3,-0.3,3-3,35.8-33.4,33.2,430(-6),2016104632,"1,522.4",2017105335,202209020411
2020/06/06,3阪神1,雨,6,3歳以上1勝クラス,202009030106,14,5,8,2.7,1,1,01088,52,芝1600,良,1:33.9,-0.2,6-7,35.1-35.1,34.6,436(+20),2017104963,760.0,2017105335,202209020411
2020/01/11,1京都3,晴,6,3歳新馬,202008010306,16,2,4,2.7,1,1,01088,54,芝1600,良,1:37.5,-0.3,2-2,35.8-35.8,35.6,416(0),2017106578,600.0,2017105335,202209020411
2023/04/02,2阪神4,晴,11,大阪杯(G1),202309020411,16,5,10,48.5,12,10,01163,58,芝2000,良,1:58.1,0.7,5-5-5-5,35.5-35.3,35.5,472(-6),2018100274, ,2017105376,202209020411
2023/03/12,2中京2,曇,11,金鯱賞(G2),202307020211,12,7,9,24.6,7,6,01174,59,芝2000,良,2:00.4,0.6,8-8-6-6,36.3-34.6,34.7,478(+6),2018104541, ,2017105376,202209020411
2022/12/25,5中山8,晴,11,有馬記念(G1),202206050811,16,6,12,136.9,12,12,01095,57,芝2500,良,2:34.5,2.1,8-7-8-9,30.0-35.9,37.3,472(+4),2019105219, ,2017105376,202209020411
2022/10/30,4東京9,晴,11,天皇賞(秋)(G1),202205040911,15,3,4,34.6,8,13,01095,58,芝2000,良,1:58.4,0.9,12-11-11,34.7-36.7,33.4,468(+2),2019105219, ,2017105376,202209020411
2022/10/09,4東京2,曇,11,毎日王冠(G2),202205040211,10,6,6,12.9,7,6,01095,58,芝1800,良,1:44.6,0.5,4-3-5,34.5-34.4,34.5,466(+2),2017105327, ,2017105376,202209020411
2022/06/26,3阪神4,晴,11,宝塚記念(G1),202209030411,17,8,18,22.9,8,11,01095,58,芝2200,良,2:11.5,1.8,12-12-11-11,33.9-36.3,36.9,464(-4),2018103559, ,2017105376,202209020411
2022/04/03,2阪神4,曇,11,大阪杯(G1),202209020411,16,4,8,58.7,8,1,01095,57,芝2000,良,1:58.4,-0.1,5-5-5-4,34.6-35.8,35.3,468(+2),2017105335,"20,336.0",2017105376,202209020411
2022/03/13,2中京2,曇,11,金鯱賞(G2),202207020211,13,4,5,8.7,4,4,01095,56,芝2000,良,1:58.0,0.8,11-12-12-12,35.7-34.6,34.2,466(-8),2018100274,"1,000.0",2017105376,202209020411
2022/01/23,1中山8,曇,11,アメリカジョッキーC(G2),202206010811,14,4,6,3.6,2,5,01088,56,芝2200,良,2:13.1,0.4,6-7-10-8,36.5-35.7,35.4,474(0),2016104376,620.0,2017105376,202209020411
2021/10/31,4東京8,曇,11,天皇賞(秋)(G1),202105040811,16,2,4,23.3,5,6,01088,58,芝2000,良,1:58.7,0.8,4-3-3,36.2-33.6,34.1,474(+2),2018105027, ,2017105376,202209020411
2021/10/10,4東京2,晴,11,毎日王冠(G2),202105040211,13,4,5,8.7,4,3,01095,56,芝1800,良,1:45.0,0.2,4-4-4,34.8-34.6,34.0,472(+8),2018110007,"1,713.0",2017105376,202209020411
2021/05/09,2新潟2,晴,11,新潟大賞典(G3),202104020211,14,6,10,3.5,1,2,01171,56,芝2000,良,1:59.3,0.0,7-7,34.2-37.6,36.9,464(0),2015102735,"1,614.4",2017105376,202209020411
2021/03/14,2中京2,晴,11,金鯱賞(G2),202107020211,10,8,10,19.8,6,3,01102,56,芝2000,重,2:01.9,0.1,3-3-3-3,37.1-36.8,36.4,464(0),2015104317,"1,710.0",2017105376,202209020411
2021/01/30,1東京1,晴,11,白富士S(L),202105010111,13,5,6,2.0,1,1,01088,55,芝2000,良,1:59.0,-0.1,5-8-8,37.3-34.7,34.0,464(+6),2015102735,"2,628.7",2017105376,202209020411
2020/11/14,5阪神3,晴,9,岸和田S(3勝クラス),202009050309,9,3,3,1.3,1,1,01088,55,芝2000,良,1:58.4,0.0,4-4-4-4,36.2-35.8,35.1,458(+4),2015104909,"1,841.0",2017105376,202209020411
2020/08/15,2小倉1,晴,10,西部日刊スポーツ杯(2勝クラス),202010020110,10,7,7,1.9,1,1,01088,54,芝2000,良,1:57.8,-0.2,5-4-2-2,34.3-35.3,35.1,454(+2),2017104906,"1,522.4",2017105376,202209020411
2020/07/04,4阪神1,曇,9,生田特別(1勝クラス),202009040109,10,6,6,1.4,1,1,01088,54,芝2000,重,2:03.2,-0.2,3-3-3-2,36.1-37.2,37.1,452(0),2015103010,"1,083.1",2017105376,202209020411
2020/06/07,3阪神2,晴,8,3歳以上1勝クラス,202009030208,9,6,6,1.4,1,2,00666,54,芝2000,良,2:00.6,0.3,6-6-5-3,36.1-34.5,34.4,452(+4),2017106606,300.0,2017105376,202209020411
2020/05/09,2東京5,曇,11,プリンシパルS(L),202005020511,11,2,2,5.4,3,2,00666,56,芝2000,良,1:59.8,0.0,5-5-5,36.7-33.8,33.3,448(-2),2017103572,807.8,2017105376,202209020411
2019/11/10,5京都4,晴,9,黄菊賞(1勝クラス),201908050409,10,7,8,3.0,1,2,05271,55,芝2000,良,2:02.1,0.0,6-6-4-4,37.3-34.8,34.5,450(0),2017105219,406.2,2017105376,202209020411
2019/09/29,4中山9,曇,5,2歳新馬,201906040905,14,6,10,1.3,1,1,01088,54,芝1800,良,1:50.1,-0.2,13-13-7-8,37.5-35.1,34.6,450(0),2017103674,700.0,2017105376,202209020411
2022/12/25,5中山8,晴,11,有馬記念(G1),202206050811,16,1,1,79.0,9,15,00732,55,芝2500,良,2:35.0,2.6,16-16-15-15,30.0-35.9,37.4,522(-2),2019105219, ,2017106203,202209020411
2022/11/13,5阪神4,曇,11,エリザベス女王杯(G1),202209050411,18,7,14,24.4,11,4,00732,56,芝2200,重,2:13.7,0.7,18-18-18-15,35.3-36.4,35.7,524(-4),2018105081,"2,000.0",2017106203,202209020411
2022/10/15,4東京4,晴,11,アイルランド府中牝馬(G2),202205040411,15,8,15,19.0,8,10,00732,56,芝1800,良,1:45.5,1.0,14-13-12,34.4-34.7,34.4,528(+16),2017102294, ,2017106203,202209020411
2022/05/15,2東京8,曇,11,ヴィクトリアマイル(G1),202205020811,18,7,14,41.8,12,8,00732,55,芝1600,良,1:32.8,0.6,14-14,34.7-34.2,33.1,512(-2),2018105233, ,2017106203,202209020411
2022/04/03,2阪神4,曇,11,大阪杯(G1),202209020411,16,3,5,20.4,4,10,00732,55,芝2000,良,1:59.2,0.8,13-13-11-10,34.6-35.8,35.5,514(+2),2017105376, ,2017106203,202209020411
2022/03/13,2中京2,曇,11,金鯱賞(G2),202207020211,13,5,6,17.8,5,3,00732,55,芝2000,良,1:57.8,0.6,7-7-5-5,35.7-34.6,34.7,512(-4),2018100274,"1,713.4",2017106203,202209020411
2021/12/26,5中山8,晴,11,有馬記念(G1),202106050811,16,7,13,31.8,6,7,00732,55,芝2500,良,2:33.1,1.1,12-12-13-10,29.8-36.7,36.6,516(+2),2018105027, ,2017106203,202209020411
2021/11/14,5阪神4,晴,11,エリザベス女王杯(G1),202109050411,17,8,16,64.9,10,1,00732,56,芝2200,良,2:12.1,-0.3,13-13-13-7,34.1-36.5,35.7,514(0),2018105554,"10,861.2",2017106203,202209020411
2021/10/16,4東京3,曇,11,アイルランド府中牝馬(G2),202105040311,18,8,16,31.1,12,7,00660,54,芝1800,良,1:46.1,0.5,16-16-16,35.3-34.4,33.4,514(+4),2016104791, ,2017106203,202209020411
2021/06/20,3阪神2,晴,10,垂水S(3勝クラス),202109030210,18,3,6,3.9,1,1,00660,54,芝1800,良,1:46.6,0.0,16-16,35.0-36.0,35.0,510(+6),2016102160,"1,862.7",2017106203,202209020411
2021/05/22,3中京5,曇,10,シドニーT(3勝クラス),202107030510,12,3,3,2.5,1,2,01126,55,芝2000,稍,2:01.2,0.1,8-9-10-8,37.3-35.0,34.6,504(+4),2017106583,737.2,2017106203,202209020411
2021/04/24,2阪神9,晴,11,京橋S(3勝クラス),202109020911,11,1,1,4.6,3,3,01154,55,芝2000,良,1:58.7,0.2,6-6-6-6,34.8-35.4,34.9,500(-6),2016104762,463.6,2017106203,202209020411
2021/02/13,1阪神1,晴,10,飛鳥S(3勝クラス),202109010110,9,4,4,5.7,5,2,00663,54,芝1800,良,1:46.3,0.0,8-8,36.6-33.5,32.6,506(-6),2016104671,736.2,2017106203,202209020411
2021/01/24,1中京8,小雨,9,西尾特別(2勝クラス),202107010809,8,5,5,4.2,3,1,01126,54,芝2000,不,2:06.3,-0.3,7-6-7-7,39.4-34.9,34.4,512(+10),2017105111,"1,516.8",2017106203,202209020411
2020/12/19,5中山5,曇,12,3歳以上2勝クラス,202006050512,15,5,9,4.5,2,5,01122,54,芝2000,良,2:04.8,0.3,11-13-14-11,37.1-36.1,35.2,502(+6),2015105003,110.0,2017106203,202209020411
2020/09/20,2中京4,晴,11,関西TVローズS(G2),202007020411,18,6,11,64.6,12,7,01093,54,芝2000,良,2:00.6,0.7,18-18-16-16,35.7-34.5,34.1,496(-4),2017105613, ,2017106203,202209020411
2020/08/16,2札幌2,晴,10,藻岩山特別(2勝クラス),202001020210,13,3,3,2.4,1,5,01180,52,芝2000,良,2:02.1,0.2,10-10-10-9,37.4-35.7,35.1,500(+4),2015106174,150.0,2017106203,202209020411
2020/08/01,1札幌3,晴,7,3歳以上1勝クラス,202001010307,9,4,4,2.4,2,1,00660,52,芝1800,良,1:47.6,-0.2,3-4-3-3,37.0-34.8,34.4,496(+4),2017105267,760.0,2017106203,202209020411
2020/05/02,3京都3,晴,9,矢車賞(1勝クラス),202008030309,10,8,10,3.3,2,2,05339,54,芝2200,良,2:13.4,0.1,9-9-8-7,35.2-34.4,34.0,492(+4),2017106583,406.4,2017106203,202209020411
2020/04/12,2阪神6,雨,9,忘れな草賞(L),202009020609,10,4,4,13.1,5,4,01075,54,芝2000,稍,2:04.1,0.5,9-9-9-8,37.4-35.2,34.9,488(-6),2017101415,300.0,2017106203,202209020411
2020/03/29,1中京8,晴,9,大寒桜賞(1勝クラス),202007010809,10,8,9,4.1,2,4,00660,54,芝2200,重,2:18.0,0.5,2-2-2-2,36.8-35.9,36.1,494(-8),2017106125,150.0,2017106203,202209020411
2020/01/26,1中山9,曇,9,若竹賞(1勝クラス),202006010909,11,3,3,6.8,5,4,00660,54,芝1800,稍,1:51.0,0.6,10-10-10-9,37.3-35.3,34.7,502(+10),2017105366,150.0,2017106203,202209020411
2019/12/28,5阪神9,晴,6,2歳1勝クラス,201909050906,11,8,11,15.3,7,5,01102,54,芝1800,良,1:48.0,0.2,8-9,37.1-34.4,33.6,492(-2),2017102822,72.0,2017106203,202209020411
2019/12/07,5阪神3,曇,9,エリカ賞(1勝クラス),201909050309,11,8,11,3.8,1,8,01014,54,芝2000,良,2:01.5,0.9,11-11-11-11,37.2-34.5,33.8,494(0),2017105585, ,2017106203,202209020411
2019/11/03,5東京2,曇,8,百日草特別(1勝クラス),201905050208,5,1,1,4.4,3,2,01077,54,芝2000,良,2:02.2,0.3,4-4-4,37.3-33.7,33.7,494(0),2017105426,403.4,2017106203,202209020411
2019/09/28,4阪神8,曇,3,2歳未勝利,201909040803,7,4,4,3.8,2,1,01014,54,芝2000,良,2:02.4,-0.2,7-7-7-7,37.8-34.6,33.7,494(0),2017106711,500.0,2017106203,202209020411
2019/09/07,4阪神1,晴,4,2歳新馬,201909040104,14,4,6,7.2,2,4,01014,54,芝1400,良,1:22.4,0.6,12-12,35.6-34.4,33.3,494(0),2017105383,110.0,2017106203,202209020411
2023/04/02,2阪神4,晴,11,大阪杯(G1),202309020411,16,5,9,3.6,2,1,00666,58,芝2000,良,1:57.4,0.0,1-1-1-1,35.5-35.3,35.3,512(+11),2019104740,"20,340.2",2018100274,202209020411
2022/12/11,シャティ, ,8,香港C(G1),2022H1121108,12, ,3,3.3,2,7,00666,57,芝2000,良, , , , , ,計不,, ,2018100274,202209020411
2022/10/30,4東京9,晴,11,天皇賞(秋)(G1),202205040911,15,5,9,5.0,3,4,01093,58,芝2000,良,1:57.8,0.3,4-4-3,34.7-36.7,33.5,508(-8),2019105219,"3,000.0",2018100274,202209020411
2022/08/21,2札幌4,晴,11,札幌記念(G2),202201020411,16,2,4,4.6,3,1,01093,57,芝2000,良,2:01.2,0.0,3-4-3-2,35.5-37.7,37.3,516(+8),2017106711,"7,112.0",2018100274,202209020411
2022/04/03,2阪神4,曇,11,大阪杯(G1),202209020411,16,2,4,3.7,2,5,01093,57,芝2000,良,1:58.9,0.5,1-1-1-1,34.6-35.8,36.3,508(+2),2017105376,"2,000.0",2018100274,202209020411
2022/03/13,2中京2,曇,11,金鯱賞(G2),202207020211,13,3,3,2.0,1,1,01093,56,芝2000,良,1:57.2,-0.4,1-1-1-1,35.7-34.6,34.6,506(-2),2017105335,"6,793.8",2018100274,202209020411
2022/01/29,1東京1,晴,11,白富士S(L),202205010111,14,3,4,2.2,1,1,01093,55,芝2000,良,1:57.4,-0.2,1-1-1,35.9-34.7,34.7,508(+2),2018105092,"2,631.5",2018100274,202209020411
2021/11/28,5東京8,晴,11,ウェルカムS(3勝クラス),202105050811,16,7,13,5.1,3,1,01093,55,芝2000,良,1:58.4,-0.6,1-1-1,35.9-34.3,34.3,506(0),2016104887,"1,855.0",2018100274,202209020411
2021/10/03,5中京9,晴,9,浜名湖特別(2勝クラス),202107050909,8,7,7,1.8,1,1,01116,55,芝2000,良,2:01.5,-0.5,1-1-1-1,38.6-33.2,33.2,506(-2),2018100420,"1,521.7",2018100274,202209020411
2021/09/11,5中京1,曇,8,3歳以上1勝クラス,202107050108,12,2,2,3.0,1,1,01093,54,芝2000,良,1:59.4,-0.3,2-2-2-2,36.6-34.7,34.6,508(+16),2018105105,760.0,2018100274,202209020411
2021/05/08,2東京5,曇,11,プリンシパルS(L),202105020511,14,1,1,9.0,4,5,01122,56,芝2000,良,1:59.9,0.6,1-1-1,35.7-34.0,34.6,492(-2),2018104756,200.0,2018100274,202209020411
2021/04/25,2阪神10,晴,5,3歳未勝利,202109021005,15,7,12,1.7,1,1,01093,56,芝2000,良,2:00.3,-1.4,2-2-1-1,37.3-34.8,34.8,494(-8),2018103603,510.0,2018100274,202209020411
2020/12/27,6阪神8,晴,4,2歳未勝利,202009060804,16,1,2,2.6,1,2,01093,55,芝2000,良,2:01.6,0.2,3-2-2-2,36.4-35.4,35.5,502(0),2018104929,200.0,2018100274,202209020411
2020/12/06,5中山2,晴,5,2歳新馬,202006050205,16,7,14,2.9,1,2,01178,54,芝2000,稍,2:05.3,0.4,3-3-4-4,38.5-35.5,35.6,502(0),2018103274,280.0,2018100274,202209020411
2022/06/26,3阪神4,晴,11,宝塚記念(G1),202209030411,17,7,13,12.0,7,14,00666,58,芝2200,良,2:12.1,2.4,17-17-17-17,33.9-36.3,36.9,504(+4),2018103559, ,2018104960,202209020411
2022/04/03,2阪神4,曇,11,大阪杯(G1),202209020411,16,5,9,47.5,7,3,00666,57,芝2000,良,1:58.5,0.1,12-10-9-6,34.6-35.8,35.0,500(-2),2017105376,"5,048.0",2018104960,202209020411
2022/02/20,2小倉4,晴,11,小倉大賞典(G3),202210020411,16,8,16,4.4,1,1,01140,54,芝1800,稍,1:49.2,-0.3,9-9-8-8,37.1-36.2,35.3,502(+2),2016105198,"4,358.8",2018104960,202209020411
2022/01/15,1小倉1,晴,11,壇之浦S(3勝クラス),202210010111,12,5,6,2.5,1,1,01095,55,芝1800,良,1:46.2,0.0,7-7-6-5,35.8-35.0,34.4,500(+8),2016105066,"1,865.9",2018104960,202209020411
2021/10/24,4阪神6,曇,11,菊花賞(G1),202109040611,18,7,13,40.3,11,7,05212,57,芝3000,良,3:05.8,1.2,8-9-7-7,35.1-35.1,35.4,492(0),2018103559, ,2018104960,202209020411
2021/08/14,4小倉1,雨,10,柳川特別(2勝クラス),202110040110,10,2,2,2.7,1,1,01088,54,芝2000,不,2:05.1,0.0,8-6-7-4,35.8-37.8,37.5,492(+2),2016104883,"1,064.0",2018104960,202209020411
2021/07/03,3小倉1,小雨,8,国東特別(1勝クラス),202110030108,7,3,3,1.6,1,1,01088,54,芝2000,良,1:57.5,0.0,4-4-4-4,34.4-35.5,34.5,490(0),2018104579,"1,076.8",2018104960,202209020411
2021/05/22,3中京5,曇,9,メルボルンT(1勝クラス),202107030509,9,8,8,1.9,1,3,05339,56,芝2200,稍,2:14.8,0.2,5-5-5-5,36.3-35.2,34.7,490(-2),2018102943,253.2,2018104960,202209020411
2021/04/10,1新潟1,晴,10,ひめさゆり賞(1勝クラス),202104010110,7,5,5,3.1,2,2,01095,56,芝2000,良,1:59.5,0.0,2-2,36.1-34.4,34.3,492(+8),2018104114,404.6,2018104960,202209020411
2021/02/20,2小倉3,晴,6,3歳未勝利,202110020306,16,7,13,3.4,1,1,01095,56,芝1800,良,1:48.1,-0.3,9-9-6-4,36.4-35.5,35.0,484(-4),2018104403,510.0,2018104960,202209020411
2020/12/27,6阪神8,晴,4,2歳未勝利,202009060804,16,1,1,8.5,3,3,01171,55,芝2000,良,2:01.8,0.4,2-2-2-2,36.4-35.4,35.8,488(+8),2018104929,130.0,2018104960,202209020411
2020/10/03,2中京8,曇,4,2歳新馬,202007020804,16,5,10,20.2,7,11,01102,55,ダ1800,良,1:58.1,4.2,11-10-9-9,37.7-37.6,41.0,480(0),2018102060, ,2018104960,202209020411
2023/02/12,1阪神2,晴,11,京都記念(G2),202309010211,13,7,10,3.3,2,中,01170,58,芝2200,良, , ,2-2-2-3,34.6-34.5, ,524(-8),2019105283, ,2018105027,202209020411
2022/12/25,5中山8,晴,11,有馬記念(G1),202206050811,16,4,7,10.1,5,5,01170,57,芝2500,良,2:33.2,0.8,5-5-4-3,30.0-35.9,36.3,532(+12),2019105219,"4,000.0",2018105027,202209020411
2022/06/26,3阪神4,晴,11,宝塚記念(G1),202209030411,17,2,4,3.3,1,6,01170,58,芝2200,良,2:10.6,0.9,9-8-8-10,33.9-36.3,36.2,520(-2),2018103559, ,2018105027,202209020411
2022/04/03,2阪神4,曇,11,大阪杯(G1),202209020411,16,3,6,1.5,1,9,01170,57,芝2000,良,1:59.1,0.7,9-8-8-10,34.6-35.8,35.5,522(+6),2017105376, ,2018105027,202209020411
2021/12/26,5中山8,晴,11,有馬記念(G1),202106050811,16,5,10,2.1,1,1,01170,55,芝2500,良,2:32.0,-0.1,9-9-8-5,29.8-36.7,35.9,516(+2),2017102170,"30,336.0",2018105027,202209020411
2021/10/31,4東京8,曇,11,天皇賞(秋)(G1),202105040811,16,3,5,3.4,3,1,01170,56,芝2000,良,1:57.9,-0.1,6-6-6,36.2-33.6,33.2,514(+4),2017101835,"15,336.0",2018105027,202209020411
2021/05/30,2東京12,晴,11,東京優駿(G1),202105021211,17,1,1,1.7,1,2,01170,57,芝2400,良,2:22.5,0.0,3-4-9-9,35.0-33.9,33.4,510(+6),2018105165,"8,776.8",2018105027,202209020411
2021/04/18,3中山8,晴,11,皐月賞(G1),202106030811,16,4,7,3.7,2,1,01170,57,芝2000,稍,2:00.6,-0.5,3-4-4-4,36.3-37.0,36.7,504(-10),2018103559,"13,643.2",2018105027,202209020411
2021/02/14,1東京6,晴,11,共同通信杯(G3),202105010611,12,6,7,6.8,4,1,01170,56,芝1800,良,1:47.6,-0.4,2-4-3,37.4-33.8,33.4,514(+4),2018104948,"3,842.7",2018105027,202209020411
2020/11/08,5東京2,晴,9,百日草特別(1勝クラス),202005050209,8,6,6,3.5,2,1,01170,55,芝2000,良,2:02.3,-0.2,4-4-4,37.2-33.7,33.4,510(-6),2018105573,"1,028.9",2018105027,202209020411
2020/08/23,2札幌4,晴,5,2歳新馬,202001020405,7,6,6,1.4,1,1,01170,54,芝2000,良,2:03.3,-0.1,3-3-2-2,36.4-35.9,35.7,516(0),2018106154,700.0,2018105027,202209020411
2022/11/27,5阪神8,晴,11,カノープスS(OP),202209050811,16,5,10,40.6,12,12,01116,56.5,ダ2000,稍,2:06.2,2.5,16-15-15-14,34.7-38.8,39.3,498(-6),2017103843, ,2018105343,202209020411
2022/09/04,3新潟8,晴,11,新潟記念(G3),202204030811,18,2,3,63.0,14,16,00422,56.5,芝2000,良,2:00.4,1.5,7-9,36.6-33.8,34.6,504(+4),2016106606, ,2018105343,202209020411
2022/07/10,2福島4,曇,11,七夕賞(G3),202203020411,16,4,7,21.5,10,15,01122,56.5,芝2000,良,1:59.7,1.9,14-14-10-11,34.4-35.3,35.8,500(+2),2017100464, ,2018105343,202209020411
2022/04/03,2阪神4,曇,11,大阪杯(G1),202209020411,16,1,2,111.6,12,13,01116,57,芝2000,良,1:59.4,1.0,15-16-15-16,34.6-35.8,35.3,498(-4),2017105376, ,2018105343,202209020411
2022/02/13,1阪神2,小雨,11,京都記念(G2),202209010211,13,7,10,6.1,2,13,01116,56,芝2200,稍,2:13.8,1.9,13-13-6-9,36.0-34.5,35.6,502(+8),2015101654, ,2018105343,202209020411
2021/10/24,4阪神6,曇,11,菊花賞(G1),202109040611,18,3,5,3.9,1,13,01088,57,芝3000,良,3:06.3,1.7,17-17-17-16,35.1-35.1,35.1,494(+4),2018103559, ,2018105343,202209020411
2021/09/26,5中京7,雨,11,神戸新聞杯(G2),202107050711,10,7,7,26.5,5,2,01116,56,芝2200,不,2:18.0,0.0,7-8-7-6,37.0-36.5,35.9,490(0),2018104980,"2,220.4",2018105343,202209020411
2021/05/30,2東京12,晴,11,東京優駿(G1),202105021211,17,2,4,57.0,13,11,00660,57,芝2400,良,2:23.6,1.1,17-17-17-17,35.0-33.9,33.7,490(+2),2018105165, ,2018105343,202209020411
2021/05/08,3中京1,曇,11,京都新聞杯(G2),202107030111,11,8,10,4.3,3,1,01088,56,芝2200,良,2:11.2,-0.1,8-8-8-5,35.1-36.1,35.3,488(0),2018105076,"5,486.8",2018105343,202209020411
2021/03/13,1阪神9,晴,9,ゆきやなぎ賞(1勝クラス),202109010909,11,7,9,2.8,1,1,01088,56,芝2400,稍,2:27.9,-0.7,11-11-3-3,37.2-36.2,36.0,488(0),2018105809,"1,033.1",2018105343,202209020411
2021/02/20,1東京7,晴,9,フリージア賞(1勝クラス),202105010709,14,7,12,5.2,2,6,01088,56,芝2000,良,2:00.8,0.5,2-2-2,36.4-35.1,35.5,488(+6),2018105573, ,2018105343,202209020411
2020/12/05,6阪神1,晴,4,2歳未勝利,202009060104,11,7,9,1.7,1,1,01088,55,芝1800,良,1:47.5,0.0,5-6,36.4-34.5,34.0,482(-2),2018100222,510.0,2018105343,202209020411
2020/11/22,5阪神6,晴,4,2歳未勝利,202009050604,13,7,10,3.9,1,4,01088,55,芝1800,良,1:47.0,0.2,9-9,35.7-34.5,33.6,484(+12),2018105404,77.0,2018105343,202209020411
2020/08/22,2小倉3,晴,2,2歳未勝利,202010020302,16,3,6,2.1,1,3,01014,54,芝1800,良,1:48.4,0.8,12-12-14-13,35.6-36.4,36.0,472(-4),2018104591,130.0,2018105343,202209020411
2020/07/19,4阪神6,晴,5,2歳新馬,202009040605,12,3,3,1.7,1,3,01014,54,芝2000,良,2:04.8,0.7,8-7-9-4,36.5-35.8,36.1,476(0),2018105060,180.0,2018105343,202209020411
2022/05/08,1新潟2,晴,11,新潟大賞典(G3),202204010211,15,5,9,6.5,2,5,01128,54,芝2000,良,1:58.0,0.3,11-10,34.7-35.1,34.6,496(-2),2015104417,430.0,2018105554,202209020411
2022/04/03,2阪神4,曇,11,大阪杯(G1),202209020411,16,6,11,74.5,10,8,01014,55,芝2000,良,1:59.0,0.6,9-10-11-10,34.6-35.8,35.2,498(0),2017105376, ,2018105554,202209020411
2022/03/13,2中京2,曇,11,金鯱賞(G2),202207020211,13,7,11,22.4,6,11,05212,54,芝2000,良,1:58.4,1.2,5-6-7-7,35.7-34.6,35.0,498(+8),2018100274, ,2018105554,202209020411
2021/11/14,5阪神4,晴,11,エリザベス女王杯(G1),202109050411,17,3,5,25.1,7,2,01126,54,芝2200,良,2:12.4,0.3,7-8-8-9,34.1-36.5,36.1,490(0),2017106203,"4,303.2",2018105554,202209020411
2021/10/17,4阪神4,晴,11,秋華賞(G1),202109040411,16,1,2,38.1,9,6,00666,55,芝2000,良,2:01.7,0.5,11-12-12-12,36.6-36.5,35.7,490(+8),2018104903, ,2018105554,202209020411
2021/05/23,2東京10,晴,11,優駿牝馬(G1),202105021011,18,8,18,10.9,5,13,01088,55,芝2400,良,2:25.9,1.4,2-2-2-2,35.4-34.9,36.1,482(0),2018102167, ,2018105554,202209020411
2021/04/11,2阪神6,晴,9,忘れな草賞(L),202109020609,11,5,5,3.5,2,1,01014,54,芝2000,良,1:58.0,-0.2,7-6-7-6,35.3-34.9,34.3,482(+6),2018105909,"2,023.8",2018105554,202209020411
2021/02/13,1東京5,晴,11,デイリー杯クイーンC(G3),202105010511,16,4,7,6.5,4,6,01014,54,芝1600,良,1:33.6,0.3,14-15,34.6-34.9,34.1,476(0),2018104903, ,2018105554,202209020411
2020/11/29,5東京9,曇,8,ベゴニア賞(1勝クラス),202005050908,10,1,1,2.5,1,2,01014,54,芝1600,良,1:35.2,0.0,5-4,36.3-34.1,33.6,476(-10),2018102657,406.2,2018105554,202209020411
2020/10/31,4京都7,晴,3,2歳未勝利,202008040703,13,4,4,1.9,1,1,01014,54,芝1800,良,1:47.5,-0.8,7-7,35.1-35.7,35.2,486(0),2018105011,510.0,2018105554,202209020411
2020/06/27,3阪神7,晴,1,2歳未勝利,202009030701,13,6,9,1.5,1,3,05339,54,芝1400,良,1:21.9,0.2,8-8,34.4-35.8,35.1,486(-2),2018105067,130.0,2018105554,202209020411
2020/06/06,3阪神1,晴,5,2歳新馬,202009030105,10,4,4,2.0,1,3,01180,53,芝1600,良,1:37.2,0.6,6-7,36.6-34.5,34.5,488(0),2018105610,180.0,2018105554,202209020411
